00601 +18.181 -066.750
00602 +18.362 -067.176
00603 +18.457 -067.125
00606 +18.158 -066.933
00610 +18.295 -067.125
00611 +18.276 -066.807
00612 +18.417 -066.700
00616 +18.420 -066.672
00617 +18.447 -066.561
00622 +17.988 -067.160
00623 +18.084 -067.159
00624 +18.052 -066.722
00627 +18.412 -066.864
00631 +18.184 -066.831
00636 +18.164 -067.080
00637 +18.080 -066.948
00638 +18.280 -066.513
00641 +18.268 -066.702
00646 +18.433 -066.286
00647 +17.964 -066.947
00650 +18.349 -066.578
00652 +18.448 -066.594
00653 +17.989 -066.902
00656 +18.040 -066.790
00659 +18.407 -066.809
00660 +18.135 -067.116
00662 +18.468 -067.016
00664 +18.210 -066.592
00667 +18.003 -067.036
00669 +18.277 -066.870
00670 +18.234 -066.988
00674 +18.424 -066.488
00676 +18.382 -067.081
00677 +18.333 -067.227
00678 +18.431 -066.930
00680 +18.183 -067.133
00682 +18.225 -067.154
00683 +18.108 -067.037
00685 +18.337 -066.973
00687 +18.318 -066.420
00688 +18.382 -066.626
00690 +18.494 -067.097
00692 +18.411 -066.336
00693 +18.426 -066.398
00694 +18.483 -066.392
00698 +18.073 -066.851
00703 +18.248 -066.131
00704 +17.973 -066.229
00705 +18.129 -066.267
00707 +18.014 -065.921
00714 +17.996 -066.056
00715 +17.990 -066.566
00716 +17.985 -066.607
00717 +18.003 -066.611
00718 +18.232 -065.756
00719 +18.290 -066.253
00720 +18.217 -066.424
00723 +18.019 -066.002
00725 +18.221 -066.040
00727 +18.212 -066.073
00728 +17.991 -066.663
00729 +18.335 -065.887
00730 +18.031 -066.612
00731 +18.110 -066.636
00735 +18.252 -065.666
00736 +18.104 -066.152
00738 +18.304 -065.699
00739 +18.176 -066.162
00740 +18.334 -065.632
00741 +18.164 -065.754
00745 +18.352 -065.811
00751 +18.004 -066.263
00754 +18.145 -065.972
00757 +17.991 -066.402
00765 +18.124 -065.423
00766 +18.131 -066.472
00767 +18.069 -065.896
00769 +18.097 -066.358
00771 +18.187 -065.871
00772 +18.439 -065.905
00773 +18.343 -065.723
00775 +18.327 -065.308
00777 +18.224 -065.909
00778 +18.264 -065.979
00780 +18.094 -066.566
00782 +18.225 -066.224
00783 +18.300 -066.329
00784 +18.011 -066.134
00786 +18.136 -066.229
00791 +18.143 -065.813
00794 +18.200 -066.309
00795 +18.046 -066.495
00802 +18.343 -064.925
00820 +17.737 -064.708
00830 +18.339 -064.737
00840 +17.725 -064.849
00850 +17.727 -064.792
00851 +17.748 -064.787
00901 +18.467 -066.108
00906 +18.464 -066.095
00907 +18.452 -066.088
00909 +18.441 -066.069
00911 +18.454 -066.056
00912 +18.445 -066.060
00913 +18.465 -066.045
00915 +18.437 -066.046
00917 +18.421 -066.050
00918 +18.422 -066.069
00920 +18.422 -066.092
00921 +18.392 -066.087
00923 +18.411 -066.037
00924 +18.399 -066.013
00925 +18.400 -066.051
00926 +18.349 -066.054
00927 +18.388 -066.070
00934 +18.413 -066.120
00949 +18.410 -066.227
00950 +18.467 -066.238
00951 +18.428 -066.260
00952 +18.429 -066.189
00953 +18.361 -066.252
00956 +18.321 -066.170
00957 +18.366 -066.189
00959 +18.386 -066.156
00960 +18.417 -066.143
00961 +18.410 -066.163
00962 +18.440 -066.135
00965 +18.431 -066.111
00966 +18.398 -066.114
00968 +18.406 -066.101
00969 +18.366 -066.110
00971 +18.319 -066.119
00976 +18.336 -065.994
00979 +18.438 -065.999
00982 +18.409 -065.991
00983 +18.417 -065.981
00985 +18.411 -065.948
00987 +18.344 -065.944
01001 +42.062 -072.626
01002 +42.377 -072.465
01003 +42.392 -072.524
01005 +42.419 -072.112
01007 +42.284 -072.400
01008 +42.192 -072.964
01009 +42.211 -072.342
01010 +42.128 -072.205
01011 +42.290 -072.967
01012 +42.375 -072.858
01013 +42.142 -072.595
01020 +42.173 -072.562
01022 +42.197 -072.542
01026 +42.470 -072.926
01027 +42.295 -072.752
01028 +42.062 -072.498
01029 +42.176 -073.035
01030 +42.073 -072.687
01031 +42.328 -072.192
01032 +42.458 -072.815
01033 +42.245 -072.500
01034 +42.094 -072.961
01035 +42.356 -072.569
01036 +42.071 -072.418
01037 +42.376 -072.197
01038 +42.380 -072.604
01039 +42.411 -072.691
01040 +42.212 -072.642
01050 +42.291 -072.875
01053 +42.356 -072.714
01054 +42.469 -072.485
01056 +42.184 -072.458
01057 +42.094 -072.321
01060 +42.321 -072.630
01062 +42.323 -072.702
01063 +42.320 -072.640
01066 +42.413 -072.624
01068 +42.354 -072.061
01069 +42.189 -072.306
01070 +42.520 -072.925
01071 +42.160 -072.874
01072 +42.457 -072.417
01073 +42.227 -072.742
01074 +42.381 -072.104
01075 +42.257 -072.580
01077 +42.053 -072.777
01079 +42.186 -072.332
01080 +42.186 -072.362
01081 +42.061 -072.234
01082 +42.300 -072.279
01083 +42.207 -072.199
01084 +42.362 -072.875
01085 +42.154 -072.772
01088 +42.383 -072.640
01089 +42.125 -072.650
01092 +42.192 -072.235
01093 +42.445 -072.645
01094 +42.370 -072.139
01095 +42.139 -072.421
01096 +42.411 -072.766
01097 +42.166 -072.831
01098 +42.398 -072.943
01103 +42.104 -072.590
01104 +42.133 -072.567
01105 +42.095 -072.578
01106 +42.046 -072.563
01107 +42.121 -072.607
01108 +42.083 -072.560
01109 +42.120 -072.550
01118 +42.095 -072.525
01119 +42.125 -072.511
01128 +42.092 -072.489
01129 +42.119 -072.488
01144 +42.102 -072.591
01151 +42.152 -072.509
01201 +42.454 -073.282
01220 +42.626 -073.120
01222 +42.063 -073.317
01223 +42.304 -073.111
01224 +42.504 -073.202
01225 +42.565 -073.149
01226 +42.480 -073.154
01229 +42.290 -073.354
01230 +42.173 -073.324
01235 +42.426 -073.063
01236 +42.274 -073.386
01237 +42.550 -073.261
01238 +42.300 -073.231
01240 +42.383 -073.267
01242 +42.334 -073.249
01243 +42.368 -073.054
01244 +42.117 -073.279
01245 +42.193 -073.218
01247 +42.696 -073.094
01253 +42.207 -073.113
01254 +42.382 -073.365
01255 +42.103 -073.126
01256 +42.594 -073.022
01257 +42.085 -073.367
01258 +42.091 -073.470
01259 +42.069 -073.229
01260 +42.262 -073.275
01262 +42.310 -073.324
01264 +42.235 -073.197
01266 +42.312 -073.388
01267 +42.672 -073.247
01270 +42.520 -073.050
01301 +42.627 -072.602
01330 +42.514 -072.822
01331 +42.570 -072.183
01337 +42.689 -072.582
01338 +42.576 -072.807
01339 +42.610 -072.888
01340 +42.686 -072.731
01341 +42.507 -072.702
01342 +42.544 -072.609
01343 +42.648 -072.970
01344 +42.613 -072.426
01346 +42.658 -072.806
01347 +42.563 -072.510
01349 +42.567 -072.468
01350 +42.728 -072.985
01351 +42.540 -072.522
01354 +42.624 -072.509
01355 +42.459 -072.327
01360 +42.677 -072.454
01364 +42.605 -072.292
01366 +42.492 -072.181
01367 +42.693 -072.919
01368 +42.677 -072.184
01370 +42.593 -072.727
01373 +42.475 -072.615
01375 +42.467 -072.547
01376 +42.591 -072.545
01378 +42.680 -072.340
01379 +42.528 -072.398
01380 +42.588 -072.406
01420 +42.585 -071.817
01430 +42.673 -071.920
01431 +42.676 -071.833
01432 +42.567 -071.575
01434 +42.532 -071.614
01436 +42.602 -072.087
01438 +42.561 -072.036
01440 +42.588 -071.986
01450 +42.612 -071.565
01451 +42.502 -071.568
01452 +42.495 -072.002
01453 +42.520 -071.763
01460 +42.536 -071.491
01462 +42.583 -071.720
01463 +42.671 -071.603
01464 +42.574 -071.641
01468 +42.543 -072.068
01469 +42.665 -071.695
01473 +42.555 -071.905
01474 +42.673 -071.748
01475 +42.668 -072.056
01501 +42.199 -071.846
01503 +42.385 -071.634
01504 +42.040 -071.532
01505 +42.355 -071.716
01506 +42.181 -072.108
01507 +42.134 -071.968
01510 +42.412 -071.690
01515 +42.210 -072.040
01516 +42.053 -071.752
01518 +42.108 -072.114
01519 +42.203 -071.680
01520 +42.334 -071.854
01521 +42.047 -072.180
01522 +42.376 -071.867
01523 +42.484 -071.676
01524 +42.246 -071.918
01525 +42.099 -071.643
01527 +42.192 -071.778
01529 +42.037 -071.579
01531 +42.326 -072.133
01532 +42.323 -071.646
01534 +42.139 -071.645
01535 +42.268 -072.067
01536 +42.231 -071.693
01537 +42.159 -071.897
01540 +42.114 -071.861
01541 +42.454 -071.878
01542 +42.204 -071.909
01543 +42.388 -071.970
01545 +42.285 -071.714
01550 +42.060 -072.034
01560 +42.175 -071.674
01561 +42.446 -071.688
01562 +42.247 -071.992
01564 +42.448 -071.776
01566 +42.103 -072.080
01568 +42.178 -071.606
01569 +42.056 -071.631
01570 +42.049 -071.846
01571 +42.054 -071.935
01581 +42.268 -071.613
01583 +42.375 -071.789
01585 +42.237 -072.162
01588 +42.116 -071.665
01590 +42.132 -071.750
01602 +42.269 -071.851
01603 +42.244 -071.844
01604 +42.253 -071.768
01605 +42.290 -071.788
01606 +42.314 -071.794
01607 +42.226 -071.789
01608 +42.262 -071.801
01609 +42.285 -071.830
01610 +42.247 -071.808
01611 +42.241 -071.877
01612 +42.297 -071.929
01701 +42.320 -071.443
01702 +42.282 -071.437
01718 +42.523 -071.430
01719 +42.486 -071.521
01720 +42.484 -071.438
01721 +42.258 -071.474
01730 +42.499 -071.282
01731 +42.465 -071.285
01740 +42.440 -071.602
01741 +42.537 -071.361
01742 +42.463 -071.364
01745 +42.292 -071.499
01746 +42.196 -071.453
01747 +42.123 -071.531
01748 +42.224 -071.540
01749 +42.389 -071.546
01752 +42.350 -071.547
01754 +42.426 -071.456
01756 +42.094 -071.545
01757 +42.159 -071.521
01760 +42.285 -071.349
01770 +42.232 -071.373
01772 +42.303 -071.531
01773 +42.426 -071.311
01775 +42.430 -071.513
01776 +42.383 -071.421
01778 +42.356 -071.362
01801 +42.489 -071.154
01803 +42.503 -071.202
01810 +42.648 -071.162
01821 +42.549 -071.252
01824 +42.591 -071.355
01826 +42.680 -071.301
01827 +42.676 -071.500
01830 +42.796 -071.053
01832 +42.791 -071.133
01833 +42.726 -070.983
01834 +42.754 -071.016
01835 +42.751 -071.094
01840 +42.707 -071.160
01841 +42.715 -071.148
01843 +42.690 -071.160
01844 +42.743 -071.179
01845 +42.674 -071.091
01850 +42.656 -071.303
01851 +42.628 -071.337
01852 +42.633 -071.296
01854 +42.649 -071.348
01860 +42.839 -071.012
01862 +42.579 -071.296
01863 +42.630 -071.398
01864 +42.578 -071.084
01867 +42.535 -071.105
01876 +42.612 -071.227
01879 +42.668 -071.429
01880 +42.504 -071.064
01886 +42.586 -071.440
01887 +42.565 -071.165
01890 +42.453 -071.144
01901 +42.460 -070.946
01902 +42.471 -070.942
01904 +42.491 -070.971
01905 +42.462 -070.972
01906 +42.470 -071.013
01907 +42.474 -070.907
01908 +42.428 -070.926
01913 +42.851 -070.956
01915 +42.570 -070.868
01921 +42.683 -071.027
01922 +42.757 -070.914
01923 +42.574 -070.951
01929 +42.640 -070.771
01930 +42.620 -070.678
01937 +42.586 -070.984
01938 +42.686 -070.840
01940 +42.534 -071.038
01944 +42.577 -070.767
01945 +42.504 -070.852
01949 +42.610 -071.006
01950 +42.812 -070.891
01951 +42.773 -070.850
01952 +42.845 -070.841
01960 +42.534 -070.969
01965 +42.564 -070.825
01966 +42.641 -070.620
01969 +42.721 -070.887
01970 +42.529 -070.868
01982 +42.626 -070.857
01983 +42.641 -070.943
01984 +42.601 -070.883
01985 +42.800 -070.964
02019 +42.077 -071.474
02021 +42.176 -071.125
02025 +42.236 -070.814
02026 +42.247 -071.179
02030 +42.234 -071.291
02032 +42.157 -071.216
02035 +42.061 -071.246
02038 +42.085 -071.411
02043 +42.216 -070.881
02045 +42.286 -070.880
02047 +42.146 -070.695
02048 +42.017 -071.216
02050 +42.115 -070.710
02052 +42.185 -071.305
02053 +42.156 -071.430
02054 +42.173 -071.364
02056 +42.116 -071.329
02061 +42.165 -070.819
02062 +42.187 -071.192
02066 +42.202 -070.758
02067 +42.108 -071.182
02071 +42.106 -071.269
02072 +42.119 -071.104
02081 +42.147 -071.258
02090 +42.220 -071.217
02093 +42.053 -071.357
02108 +42.355 -071.066
02109 +42.367 -071.050
02110 +42.358 -071.052
02111 +42.351 -071.061
02113 +42.365 -071.055
02114 +42.364 -071.067
02115 +42.339 -071.095
02116 +42.351 -071.077
02118 +42.338 -071.070
02119 +42.324 -071.085
02120 +42.332 -071.097
02121 +42.305 -071.087
02122 +42.295 -071.053
02124 +42.286 -071.075
02125 +42.316 -071.056
02126 +42.277 -071.090
02127 +42.335 -071.038
02128 +42.362 -071.007
02129 +42.380 -071.061
02130 +42.308 -071.113
02131 +42.282 -071.125
02132 +42.279 -071.160
02133 +42.358 -071.064
02134 +42.359 -071.130
02135 +42.350 -071.154
02136 +42.255 -071.127
02138 +42.380 -071.135
02139 +42.362 -071.102
02140 +42.392 -071.134
02141 +42.370 -071.083
02142 +42.363 -071.081
02143 +42.381 -071.097
02144 +42.400 -071.123
02145 +42.392 -071.090
02148 +42.429 -071.059
02149 +42.406 -071.055
02150 +42.397 -071.031
02151 +42.418 -071.001
02152 +42.377 -070.977
02155 +42.424 -071.108
02163 +42.367 -071.125
02169 +42.240 -071.015
02170 +42.266 -071.016
02171 +42.291 -071.026
02176 +42.456 -071.059
02180 +42.474 -071.098
02184 +42.206 -071.002
02186 +42.242 -071.082
02188 +42.205 -070.958
02189 +42.212 -070.930
02190 +42.167 -070.952
02191 +42.245 -070.947
02199 +42.347 -071.082
02203 +42.361 -071.059
02205 +42.349 -071.056
02210 +42.348 -071.039
02215 +42.348 -071.103
02301 +42.078 -071.042
02302 +42.089 -070.998
02322 +42.132 -071.054
02324 +41.972 -070.979
02325 +41.990 -070.962
02330 +41.875 -070.747
02332 +42.044 -070.706
02333 +42.037 -070.942
02338 +42.003 -070.864
02339 +42.123 -070.856
02341 +42.050 -070.867
02343 +42.140 -070.998
02346 +41.878 -070.869
02347 +41.834 -070.957
02350 +42.021 -070.846
02351 +42.116 -070.957
02356 +42.061 -071.120
02357 +42.064 -071.077
02359 +42.068 -070.806
02360 +41.882 -070.631
02364 +41.987 -070.742
02366 +41.849 -070.661
02367 +41.959 -070.803
02368 +42.179 -071.053
02370 +42.129 -070.909
02375 +42.006 -071.078
02379 +42.022 -071.027
02382 +42.079 -070.939
02420 +42.459 -071.218
02421 +42.439 -071.240
02445 +42.325 -071.135
02446 +42.343 -071.122
02451 +42.402 -071.253
02452 +42.396 -071.220
02453 +42.369 -071.241
02457 +42.298 -071.273
02458 +42.354 -071.188
02459 +42.315 -071.192
02460 +42.352 -071.208
02461 +42.317 -071.207
02462 +42.332 -071.256
02464 +42.313 -071.219
02465 +42.350 -071.227
02466 +42.346 -071.248
02467 +42.314 -071.153
02468 +42.329 -071.232
02472 +42.369 -071.178
02474 +42.421 -071.156
02476 +42.416 -071.173
02478 +42.395 -071.180
02481 +42.311 -071.278
02482 +42.293 -071.296
02492 +42.276 -071.244
02493 +42.361 -071.303
02494 +42.300 -071.231
02532 +41.750 -070.595
02534 +41.669 -070.615
02535 +41.338 -070.762
02536 +41.596 -070.567
02537 +41.728 -070.436
02538 +41.777 -070.642
02539 +41.378 -070.522
02540 +41.569 -070.627
02542 +41.708 -070.546
02543 +41.472 -070.785
02553 +41.713 -070.622
02554 +41.290 -070.096
02556 +41.639 -070.625
02557 +41.446 -070.562
02558 +41.746 -070.652
02559 +41.690 -070.616
02561 +41.768 -070.533
02562 +41.788 -070.528
02563 +41.751 -070.503
02564 +41.272 -069.985
02568 +41.449 -070.616
02571 +41.751 -070.699
02575 +41.394 -070.656
02576 +41.772 -070.763
02584 +41.258 -070.005
02601 +41.661 -070.293
02630 +41.707 -070.312
02631 +41.748 -070.066
02632 +41.659 -070.347
02633 +41.687 -069.980
02635 +41.624 -070.439
02637 +41.706 -070.271
02638 +41.730 -070.197
02639 +41.668 -070.137
02641 +41.754 -070.155
02642 +41.842 -069.975
02643 +41.754 -069.935
02644 +41.683 -070.511
02645 +41.701 -070.062
02646 +41.671 -070.071
02647 +41.630 -070.310
02648 +41.670 -070.412
02649 +41.618 -070.493
02650 +41.702 -069.961
02652 +42.050 -070.095
02653 +41.769 -069.974
02655 +41.628 -070.392
02657 +42.060 -070.200
02659 +41.681 -070.024
02660 +41.709 -070.157
02663 +41.898 -069.970
02664 +41.675 -070.194
02666 +41.985 -070.038
02667 +41.923 -070.021
02668 +41.714 -070.356
02670 +41.660 -070.171
02671 +41.670 -070.111
02672 +41.636 -070.314
02673 +41.653 -070.247
02675 +41.704 -070.232
02702 +41.785 -071.059
02703 +41.932 -071.295
02713 +41.427 -070.886
02715 +41.806 -071.158
02717 +41.759 -070.988
02718 +41.862 -071.012
02719 +41.634 -070.871
02720 +41.727 -071.110
02721 +41.674 -071.149
02723 +41.692 -071.132
02724 +41.683 -071.178
02725 +41.720 -071.188
02726 +41.760 -071.145
02738 +41.706 -070.750
02739 +41.666 -070.816
02740 +41.638 -070.938
02743 +41.710 -070.898
02744 +41.606 -070.914
02745 +41.703 -070.947
02746 +41.664 -070.948
02747 +41.658 -071.013
02748 +41.553 -070.971
02760 +41.973 -071.334
02762 +42.013 -071.336
02763 +41.967 -071.309
02764 +41.852 -071.154
02766 +41.965 -071.182
02767 +41.941 -071.048
02769 +41.847 -071.245
02770 +41.761 -070.839
02771 +41.840 -071.318
02777 +41.758 -071.214
02779 +41.838 -071.078
02780 +41.909 -071.118
02790 +41.599 -071.082
02791 +41.531 -071.085
02802 +41.952 -071.456
02804 +41.433 -071.770
02806 +41.733 -071.320
02807 +41.177 -071.577
02808 +41.411 -071.739
02809 +41.676 -071.273
02812 +41.478 -071.658
02813 +41.394 -071.670
02814 +41.896 -071.705
02815 +41.779 -071.662
02816 +41.696 -071.623
02817 +41.629 -071.659
02818 +41.643 -071.486
02822 +41.575 -071.587
02823 +41.733 -071.544
02824 +41.999 -071.562
02825 +41.782 -071.727
02826 +41.987 -071.648
02827 +41.699 -071.739
02828 +41.878 -071.561
02829 +41.893 -071.589
02830 +41.976 -071.656
02831 +41.746 -071.585
02832 +41.507 -071.728
02833 +41.486 -071.785
02835 +41.510 -071.378
02836 +41.454 -071.620
02837 +41.519 -071.167
02838 +41.965 -071.479
02839 +41.945 -071.643
02840 +41.477 -071.320
02841 +41.507 -071.330
02842 +41.517 -071.273
02852 +41.589 -071.460
02857 +41.823 -071.634
02858 +41.964 -071.650
02859 +41.959 -071.757
02860 +41.871 -071.389
02861 +41.879 -071.353
02863 +41.890 -071.393
02864 +41.967 -071.421
02865 +41.915 -071.450
02871 +41.587 -071.259
02872 +41.597 -071.321
02873 +41.533 -071.781
02874 +41.509 -071.474
02875 +41.459 -071.638
02876 +41.997 -071.584
02878 +41.607 -071.183
02879 +41.429 -071.538
02881 +41.482 -071.527
02882 +41.417 -071.472
02885 +41.726 -071.259
02886 +41.702 -071.455
02888 +41.748 -071.408
02889 +41.701 -071.378
02891 +41.358 -071.790
02892 +41.499 -071.602
02893 +41.680 -071.521
02894 +41.444 -071.699
02895 +42.002 -071.500
02896 +41.975 -071.544
02898 +41.518 -071.669
02903 +41.819 -071.410
02904 +41.858 -071.436
02905 +41.785 -071.396
02906 +41.839 -071.389
02907 +41.799 -071.425
02908 +41.839 -071.439
02909 +41.818 -071.452
02910 +41.775 -071.436
02911 +41.855 -071.473
02912 +41.826 -071.403
02914 +41.814 -071.366
02915 +41.772 -071.354
02916 +41.843 -071.352
02917 +41.906 -071.524
02918 +41.844 -071.435
02919 +41.827 -071.520
02920 +41.767 -071.466
02921 +41.763 -071.515
03031 +42.875 -071.601
03032 +42.994 -071.364
03033 +42.749 -071.676
03034 +43.057 -071.341
03036 +42.985 -071.255
03037 +43.136 -071.255
03038 +42.893 -071.277
03042 +43.051 -071.088
03043 +42.994 -071.816
03044 +43.000 -071.119
03045 +43.022 -071.563
03046 +43.112 -071.607
03047 +42.939 -071.879
03048 +42.743 -071.762
03049 +42.750 -071.585
03051 +42.760 -071.409
03052 +42.846 -071.468
03053 +42.869 -071.387
03054 +42.852 -071.520
03055 +42.819 -071.673
03057 +42.909 -071.694
03060 +42.741 -071.458
03062 +42.722 -071.501
03063 +42.782 -071.518
03064 +42.779 -071.475
03070 +42.976 -071.687
03071 +42.746 -071.874
03076 +42.731 -071.337
03077 +43.033 -071.203
03079 +42.788 -071.222
03082 +42.896 -071.768
03084 +42.827 -071.875
03086 +42.832 -071.760
03087 +42.811 -071.303
03101 +42.989 -071.466
03102 +43.012 -071.491
03103 +42.956 -071.442
03104 +43.010 -071.440
03106 +43.081 -071.447
03109 +42.964 -071.400
03110 +42.936 -071.537
03215 +44.069 -071.420
03216 +43.451 -071.791
03217 +43.726 -071.643
03218 +43.337 -071.274
03220 +43.474 -071.482
03221 +43.258 -071.960
03222 +43.644 -071.799
03223 +43.855 -071.685
03224 +43.351 -071.548
03225 +43.364 -071.242
03226 +43.703 -071.510
03227 +43.817 -071.461
03229 +43.202 -071.697
03230 +43.528 -071.864
03231 +43.451 -071.754
03233 +43.424 -071.931
03234 +43.205 -071.349
03235 +43.449 -071.674
03237 +43.432 -071.388
03238 +43.982 -071.887
03240 +43.575 -071.952
03241 +43.708 -071.815
03242 +43.169 -071.831
03243 +43.528 -071.769
03244 +43.120 -071.922
03245 +43.762 -071.583
03246 +43.577 -071.482
03249 +43.519 -071.376
03251 +44.095 -071.631
03253 +43.631 -071.499
03254 +43.717 -071.366
03255 +43.314 -072.025
03256 +43.623 -071.633
03257 +43.418 -071.991
03258 +43.265 -071.409
03259 +43.878 -071.499
03260 +43.368 -071.918
03261 +43.212 -071.223
03262 +44.000 -071.714
03263 +43.289 -071.309
03264 +43.739 -071.703
03266 +43.783 -071.885
03268 +43.386 -071.773
03269 +43.529 -071.601
03273 +43.302 -071.927
03275 +43.170 -071.421
03276 +43.431 -071.576
03278 +43.309 -071.836
03279 +43.966 -071.859
03280 +43.190 -072.094
03281 +43.078 -071.704
03282 +43.859 -071.924
03284 +43.473 -072.013
03285 +43.948 -071.636
03287 +43.443 -071.922
03290 +43.130 -071.132
03291 +43.180 -071.142
03293 +43.979 -071.673
03301 +43.239 -071.556
03303 +43.312 -071.665
03304 +43.133 -071.537
03307 +43.334 -071.447
03431 +42.969 -072.302
03440 +43.064 -071.978
03441 +42.781 -072.447
03442 +43.020 -071.904
03443 +42.869 -072.466
03444 +42.889 -072.070
03445 +43.021 -072.214
03446 +42.858 -072.296
03447 +42.753 -072.153
03448 +43.041 -072.262
03449 +42.984 -072.001
03450 +42.949 -072.069
03451 +42.809 -072.505
03452 +42.829 -072.060
03455 +42.902 -072.173
03456 +43.139 -072.209
03457 +42.999 -072.122
03458 +42.868 -071.940
03461 +42.757 -072.013
03462 +42.893 -072.390
03464 +43.081 -072.110
03465 +42.829 -072.189
03466 +42.882 -072.508
03467 +42.968 -072.431
03470 +42.771 -072.354
03561 +44.343 -071.795
03570 +44.511 -071.198
03574 +44.260 -071.609
03575 +44.314 -071.403
03576 +44.896 -071.378
03579 +44.937 -071.045
03580 +44.163 -071.693
03581 +44.367 -071.087
03582 +44.565 -071.443
03583 +44.403 -071.457
03584 +44.490 -071.548
03585 +44.225 -071.903
03586 +44.218 -071.800
03588 +44.608 -071.237
03590 +44.715 -071.528
03592 +45.116 -071.261
03593 +44.301 -071.300
03595 +44.305 -071.497
03597 +44.745 -071.381
03598 +44.379 -071.629
03601 +43.246 -072.313
03602 +43.141 -072.348
03603 +43.248 -072.374
03604 +43.132 -072.390
03605 +43.237 -072.185
03607 +43.198 -072.262
03608 +43.076 -072.396
03609 +43.144 -072.446
03740 +44.183 -071.987
03741 +43.677 -072.007
03743 +43.361 -072.327
03745 +43.473 -072.312
03748 +43.603 -072.119
03750 +43.721 -072.185
03751 +43.441 -072.082
03752 +43.272 -072.101
03753 +43.517 -072.149
03755 +43.732 -072.139
03765 +44.035 -072.050
03766 +43.633 -072.235
03768 +43.817 -072.094
03770 +43.531 -072.259
03771 +44.297 -071.981
03773 +43.371 -072.203
03774 +44.100 -071.985
03777 +43.883 -072.034
03779 +43.962 -072.001
03780 +44.042 -071.991
03781 +43.560 -072.299
03782 +43.390 -072.093
03784 +43.638 -072.306
03785 +44.036 -071.847
03801 +43.075 -070.805
03809 +43.465 -071.200
03810 +43.513 -071.295
03811 +42.839 -071.167
03812 +44.081 -071.297
03813 +44.127 -071.061
03814 +43.771 -071.182
03816 +43.698 -071.243
03817 +43.889 -071.241
03818 +43.959 -071.274
03819 +42.944 -071.132
03820 +43.186 -070.884
03823 +43.175 -070.941
03824 +43.117 -070.919
03825 +43.216 -071.039
03826 +42.888 -071.130
03827 +42.904 -070.996
03830 +43.614 -070.994
03832 +43.907 -071.048
03833 +42.979 -070.980
03835 +43.367 -071.063
03836 +43.842 -071.075
03837 +43.422 -071.336
03838 +44.111 -071.223
03839 +43.269 -070.986
03840 +43.040 -070.846
03841 +42.879 -071.178
03842 +42.940 -070.837
03844 +42.925 -070.886
03845 +44.100 -071.118
03846 +44.188 -071.156
03847 +44.072 -071.124
03848 +42.914 -071.074
03849 +43.890 -071.133
03850 +43.698 -071.303
03851 +43.437 -071.025
03852 +43.495 -070.986
03853 +43.639 -071.294
03854 +43.062 -070.717
03855 +43.464 -071.152
03856 +43.039 -070.968
03857 +43.071 -070.947
03858 +42.870 -071.046
03860 +44.042 -071.123
03861 +43.119 -071.007
03862 +42.980 -070.829
03864 +43.690 -071.103
03865 +42.846 -071.093
03867 +43.302 -070.992
03868 +43.324 -070.940
03869 +43.220 -070.843
03870 +43.020 -070.761
03871 +42.981 -070.777
03872 +43.571 -071.043
03873 +42.934 -071.184
03874 +42.883 -070.861
03875 +43.904 -071.192
03878 +43.253 -070.888
03882 +43.747 -071.042
03883 +43.809 -071.320
03884 +43.275 -071.170
03885 +43.015 -070.903
03886 +43.864 -071.296
03887 +43.483 -071.071
03890 +43.815 -071.209
03894 +43.610 -071.178
03897 +43.907 -071.328
03901 +43.299 -070.842
03902 +43.215 -070.629
03903 +43.147 -070.774
03904 +43.110 -070.734
03905 +43.005 -070.604
03906 +43.352 -070.779
03907 +43.256 -070.611
03908 +43.231 -070.752
03909 +43.166 -070.679
03910 +43.173 -070.610
03911 +43.136 -070.638
04001 +43.537 -070.940
04002 +43.489 -070.662
04003 +43.734 -069.971
04005 +43.492 -070.487
04006 +43.444 -070.343
04008 +44.044 -069.864
04009 +44.048 -070.743
04010 +43.931 -070.919
04011 +43.896 -069.973
04015 +43.952 -070.513
04017 +43.735 -070.081
04019 +43.690 -070.110
04020 +43.767 -070.809
04021 +43.792 -070.265
04022 +43.996 -070.814
04024 +43.836 -070.685
04027 +43.400 -070.913
04029 +43.888 -070.655
04030 +43.589 -070.696
04032 +43.845 -070.090
04037 +44.102 -070.943
04038 +43.701 -070.463
04039 +43.905 -070.368
04040 +44.143 -070.825
04041 +43.849 -070.831
04042 +43.631 -070.614
04043 +43.396 -070.570
04046 +43.430 -070.474
04047 +43.733 -070.894
04048 +43.688 -070.782
04049 +43.746 -070.700
04050 +43.687 -070.154
04051 +44.192 -070.886
04055 +43.976 -070.639
04056 +43.661 -070.859
04057 +44.096 -070.702
04061 +43.635 -070.744
04062 +43.795 -070.405
04063 +43.500 -070.395
04064 +43.525 -070.388
04066 +43.766 -069.967
04068 +43.838 -070.947
04069 +43.904 -070.182
04071 +43.891 -070.497
04072 +43.550 -070.466
04073 +43.412 -070.737
04074 +43.590 -070.366
04076 +43.554 -070.833
04079 +43.791 -069.981
04083 +43.464 -070.814
04084 +43.762 -070.567
04085 +43.779 -070.628
04086 +43.965 -069.956
04087 +43.569 -070.744
04088 +44.203 -070.722
04090 +43.331 -070.646
04091 +43.839 -070.745
04092 +43.708 -070.353
04093 +43.636 -070.539
04095 +43.629 -070.914
04096 +43.788 -070.156
04097 +43.846 -070.241
04101 +43.663 -070.258
04102 +43.654 -070.298
04103 +43.695 -070.289
04105 +43.740 -070.277
04106 +43.631 -070.286
04107 +43.587 -070.236
04108 +43.637 -070.187
04109 +43.663 -070.222
04110 +43.741 -070.181
04210 +44.085 -070.250
04216 +44.680 -070.847
04217 +44.393 -070.837
04219 +44.401 -070.558
04220 +44.343 -070.347
04221 +44.491 -070.295
04222 +43.956 -070.132
04224 +44.561 -070.414
04226 +44.626 -070.708
04227 +44.569 -070.295
04231 +44.263 -070.875
04234 +44.616 -070.194
04236 +44.190 -070.145
04237 +44.495 -070.734
04238 +44.191 -070.384
04239 +44.517 -070.202
04240 +44.090 -070.172
04250 +44.022 -070.117
04252 +44.037 -070.059
04253 +44.412 -070.216
04254 +44.445 -070.138
04255 +44.333 -070.661
04256 +44.105 -070.405
04257 +44.553 -070.495
04258 +44.138 -070.336
04259 +44.234 -070.015
04260 +43.958 -070.296
04261 +44.566 -070.963
04263 +44.295 -070.133
04265 +44.281 -070.037
04267 +44.225 -070.771
04268 +44.226 -070.610
04270 +44.117 -070.527
04271 +44.261 -070.499
04274 +44.048 -070.394
04275 +44.703 -070.648
04276 +44.560 -070.625
04280 +44.117 -070.063
04281 +44.248 -070.491
04282 +44.267 -070.247
04284 +44.340 -070.047
04285 +44.689 -070.454
04286 +44.403 -070.860
04287 +44.073 -069.971
04289 +44.319 -070.523
04290 +44.461 -070.452
04292 +44.381 -070.449
04294 +44.638 -070.275
04330 +44.352 -069.748
04341 +44.260 -069.555
04342 +44.086 -069.737
04344 +44.261 -069.828
04345 +44.195 -069.794
04346 +44.237 -069.751
04347 +44.287 -069.818
04348 +44.211 -069.499
04349 +44.434 -070.067
04350 +44.172 -069.934
04351 +44.342 -069.862
04352 +44.466 -069.960
04353 +44.198 -069.620
04354 +44.396 -069.431
04355 +44.384 -069.950
04357 +44.117 -069.830
04358 +44.414 -069.535
04359 +44.180 -069.761
04360 +44.555 -070.000
04363 +44.315 -069.571
04364 +44.310 -069.963
04401 +44.849 -068.850
04406 +45.229 -069.597
04408 +44.987 -068.210
04410 +45.088 -068.907
04411 +44.894 -068.547
04412 +44.784 -068.735
04413 +45.566 -067.815
04414 +45.413 -069.090
04415 +45.353 -069.058
04416 +44.624 -068.750
04417 +45.214 -068.389
04418 +45.116 -068.509
04419 +44.800 -069.003
04421 +44.409 -068.816
04422 +45.078 -069.031
04424 +45.669 -067.863
04426 +45.186 -069.146
04427 +44.980 -069.011
04428 +44.806 -068.554
04429 +44.721 -068.617
04430 +45.654 -068.597
04431 +44.565 -068.668
04434 +44.764 -069.128
04435 +44.963 -069.125
04438 +44.599 -068.928
04441 +45.688 -069.309
04442 +45.473 -069.696
04443 +45.238 -069.402
04444 +44.729 -068.950
04448 +45.316 -068.740
04449 +44.993 -068.888
04450 +44.916 -068.928
04451 +45.577 -068.212
04453 +45.191 -068.788
04454 +45.516 -067.534
04455 +45.299 -068.260
04456 +44.877 -068.997
04457 +45.446 -068.534
04459 +45.589 -068.340
04460 +45.641 -068.525
04461 +44.993 -068.576
04462 +45.996 -068.928
04463 +45.287 -068.895
04464 +45.297 -069.499
04468 +45.028 -068.719
04469 +44.903 -068.666
04471 +45.917 -067.857
04472 +44.576 -068.670
04473 +44.882 -068.739
04474 +44.689 -068.763
04475 +45.193 -068.595
04476 +44.483 -068.706
04478 +45.728 -069.768
04479 +45.124 -069.287
04481 +45.243 -069.105
04485 +45.348 -069.603
04487 +45.388 -068.104
04488 +44.872 -069.114
04489 +44.911 -068.691
04490 +45.394 -067.828
04491 +45.562 -067.521
04492 +45.337 -067.669
04493 +45.278 -068.536
04495 +45.477 -068.339
04496 +44.651 -068.909
04497 +45.727 -068.058
04530 +43.888 -069.827
04535 +44.098 -069.629
04537 +43.902 -069.627
04538 +43.847 -069.630
04539 +43.974 -069.502
04541 +43.887 -069.484
04543 +44.022 -069.491
04544 +43.820 -069.592
04547 +43.979 -069.333
04548 +43.833 -069.749
04551 +43.985 -069.435
04553 +44.052 -069.568
04554 +43.863 -069.512
04555 +44.101 -069.483
04556 +43.976 -069.611
04558 +43.888 -069.519
04562 +43.771 -069.819
04563 +44.014 -069.259
04564 +43.929 -069.470
04568 +43.886 -069.558
04570 +43.809 -069.631
04571 +43.897 -069.674
04572 +44.122 -069.383
04573 +43.951 -069.552
04574 +44.261 -069.392
04575 +43.852 -069.662
04576 +43.813 -069.663
04578 +43.982 -069.693
04579 +43.960 -069.769
04605 +44.686 -068.395
04606 +44.541 -067.712
04607 +44.467 -068.087
04609 +44.397 -068.264
04611 +44.464 -067.622
04612 +44.262 -068.381
04613 +44.369 -068.028
04614 +44.401 -068.520
04616 +44.276 -068.535
04617 +44.365 -068.727
04619 +45.143 -067.218
04622 +44.752 -067.965
04623 +44.699 -067.714
04624 +44.424 -067.986
04625 +44.251 -068.210
04626 +44.669 -067.222
04627 +44.231 -068.792
04628 +44.874 -067.274
04630 +44.866 -067.475
04631 +44.911 -067.009
04634 +44.620 -068.220
04635 +44.113 -068.358
04640 +44.525 -068.285
04642 +44.331 -068.810
04643 +44.540 -067.827
04645 +44.065 -068.621
04646 +44.260 -068.229
04648 +44.655 -067.632
04649 +44.560 -067.504
04650 +44.297 -068.715
04652 +44.820 -067.062
04653 +44.201 -068.327
04654 +44.690 -067.500
04655 +44.656 -067.379
04657 +44.982 -067.443
04658 +44.507 -067.878
04660 +44.336 -068.346
04662 +44.307 -068.287
04664 +44.544 -068.136
04666 +44.961 -067.221
04667 +44.984 -067.101
04668 +45.196 -067.694
04669 +44.412 -067.998
04671 +45.067 -067.150
04673 +44.296 -068.668
04674 +44.257 -068.458
04675 +44.300 -068.246
04676 +44.347 -068.634
04677 +44.473 -068.181
04679 +44.280 -068.318
04680 +44.478 -067.947
04681 +44.150 -068.645
04683 +44.236 -068.824
04684 +44.467 -068.507
04685 +44.158 -068.442
04686 +44.997 -067.694
04691 +44.760 -067.255
04693 +44.376 -068.094
04694 +45.115 -067.478
04730 +46.191 -067.861
04732 +46.571 -068.491
04733 +45.743 -068.411
04734 +46.485 -067.923
04735 +46.379 -068.027
04736 +46.911 -068.029
04737 +46.616 -069.522
04739 +46.977 -068.599
04740 +46.633 -067.848
04742 +46.776 -067.859
04743 +47.161 -068.731
04745 +47.274 -068.398
04746 +47.251 -068.143
04747 +45.968 -068.208
04750 +46.955 -067.857
04756 +47.322 -068.298
04757 +46.572 -068.199
04758 +46.559 -067.853
04760 +46.334 -067.918
04761 +46.117 -067.976
04762 +46.976 -068.115
04763 +46.074 -068.114
04764 +46.367 -068.341
04765 +46.077 -068.671
04766 +46.892 -068.216
04768 +46.797 -069.055
04769 +46.688 -067.993
04772 +47.236 -068.317
04773 +47.267 -068.223
04774 +47.124 -069.015
04776 +45.818 -068.311
04777 +45.844 -068.473
04779 +47.116 -068.308
04780 +46.171 -068.267
04781 +47.150 -068.613
04783 +47.036 -068.187
04785 +47.120 -068.036
04786 +46.795 -068.192
04787 +46.533 -067.966
04841 +44.134 -069.133
04843 +44.238 -069.064
04847 +44.241 -069.189
04848 +44.299 -068.915
04849 +44.316 -069.026
04851 +43.859 -068.879
04852 +43.767 -069.310
04853 +44.136 -068.867
04854 +44.046 -069.093
04855 +43.932 -069.288
04856 +44.181 -069.122
04858 +44.047 -069.154
04859 +43.997 -069.159
04860 +43.944 -069.243
04861 +44.108 -069.171
04862 +44.263 -069.278
04863 +44.069 -068.853
04864 +44.128 -069.244
04901 +44.541 -069.573
04910 +44.508 -069.445
04911 +44.780 -069.971
04912 +44.965 -069.667
04915 +44.464 -069.038
04917 +44.488 -069.839
04918 +44.550 -069.866
04920 +45.106 -069.805
04921 +44.581 -069.144
04922 +44.674 -069.386
04923 +45.044 -069.450
04924 +44.782 -069.546
04925 +45.212 -069.903
04926 +44.480 -069.515
04927 +44.665 -069.541
04928 +44.947 -069.259
04929 +44.773 -069.302
04930 +45.028 -069.326
04932 +44.698 -069.144
04936 +45.355 -070.657
04937 +44.652 -069.661
04938 +44.662 -070.103
04939 +45.077 -069.159
04940 +44.618 -070.079
04941 +44.470 -069.284
04942 +45.043 -069.593
04943 +44.880 -069.520
04944 +44.687 -069.644
04945 +45.577 -070.278
04947 +45.047 -070.269
04949 +44.369 -069.336
04950 +44.826 -069.800
04951 +44.598 -069.058
04952 +44.413 -069.155
04953 +44.867 -069.219
04955 +44.647 -069.993
04956 +44.799 -070.097
04957 +44.714 -069.864
04958 +44.909 -069.927
04961 +45.152 -070.161
04963 +44.589 -069.887
04964 +44.944 -070.826
04965 +44.843 -069.368
04966 +44.786 -070.535
04967 +44.770 -069.434
04969 +44.785 -069.236
04970 +45.008 -070.618
04971 +44.938 -069.397
04973 +44.368 -069.186
04974 +44.471 -068.929
04975 +44.625 -069.588
04976 +44.789 -069.668
04978 +44.642 -069.800
04979 +44.939 -069.808
04981 +44.514 -068.839
04982 +45.107 -070.394
04983 +44.926 -070.286
04984 +44.697 -070.267
04985 +45.377 -069.899
04986 +44.549 -069.211
04987 +44.674 -069.252
04988 +44.570 -069.362
04989 +44.429 -069.648
04992 +44.660 -070.156
05001 +43.684 -072.376
05009 +43.648 -072.344
05030 +43.399 -072.408
05031 +43.721 -072.580
05032 +43.802 -072.658
05033 +43.997 -072.176
05034 +43.592 -072.620
05035 +43.612 -072.686
05036 +44.024 -072.588
05037 +43.458 -072.484
05038 +43.991 -072.457
05039 +44.063 -072.313
05040 +44.070 -072.199
05041 +43.957 -072.539
05042 +44.244 -072.111
05043 +43.806 -072.212
05045 +43.918 -072.180
05046 +44.232 -072.258
05048 +43.581 -072.428
05050 +44.264 -072.064
05051 +44.082 -072.117
05052 +43.597 -072.360
05053 +43.714 -072.485
05055 +43.778 -072.324
05056 +43.509 -072.694
05058 +43.882 -072.272
05059 +43.638 -072.430
05060 +43.967 -072.709
05061 +43.928 -072.573
05062 +43.503 -072.580
05065 +43.791 -072.417
05067 +43.685 -072.540
05068 +43.781 -072.548
05069 +44.170 -072.143
05070 +43.852 -072.343
05071 +43.564 -072.565
05072 +43.883 -072.387
05073 +43.628 -072.462
05075 +43.845 -072.286
05076 +44.145 -072.224
05077 +43.909 -072.459
05079 +43.957 -072.327
05081 +44.137 -072.090
05083 +43.918 -072.268
05084 +43.730 -072.452
05086 +44.109 -072.301
05088 +43.675 -072.307
05089 +43.496 -072.442
05091 +43.648 -072.551
05101 +43.162 -072.486
05141 +43.159 -072.560
05142 +43.398 -072.580
05143 +43.253 -072.643
05146 +43.185 -072.634
05148 +43.245 -072.811
05149 +43.402 -072.699
05150 +43.337 -072.529
05151 +43.395 -072.497
05152 +43.233 -072.939
05153 +43.440 -072.637
05154 +43.134 -072.529
05155 +43.175 -072.823
05156 +43.311 -072.462
05158 +43.109 -072.473
05161 +43.321 -072.803
05201 +42.869 -073.129
05250 +43.104 -073.173
05251 +43.265 -073.082
05252 +43.082 -073.067
05253 +43.262 -072.998
05254 +43.160 -073.067
05255 +43.138 -073.024
05257 +42.970 -073.263
05260 +42.812 -073.263
05261 +42.769 -073.211
05262 +42.974 -073.075
05301 +42.839 -072.660
05340 +43.169 -072.973
05341 +42.975 -072.801
05342 +42.777 -072.795
05343 +43.103 -072.820
05344 +42.839 -072.733
05345 +42.987 -072.665
05346 +43.038 -072.537
05350 +42.791 -072.973
05351 +42.930 -072.727
05352 +42.808 -073.076
05353 +43.069 -072.680
05354 +42.764 -072.522
05355 +43.019 -072.812
05356 +42.976 -072.865
05358 +42.776 -072.730
05359 +43.151 -072.725
05360 +43.042 -072.951
05361 +42.787 -072.878
05362 +42.935 -072.660
05363 +42.889 -072.910
05401 +44.475 -073.218
05403 +44.445 -073.173
05404 +44.496 -073.185
05405 +44.474 -073.196
05408 +44.505 -073.272
05439 +44.496 -073.165
05440 +44.958 -073.292
05441 +44.774 -072.787
05442 +44.773 -072.690
05443 +44.140 -073.040
05444 +44.620 -072.887
05445 +44.306 -073.236
05446 +44.554 -073.225
05447 +44.942 -072.703
05448 +44.757 -072.878
05450 +44.895 -072.795
05452 +44.527 -073.065
05454 +44.710 -073.029
05455 +44.802 -072.967
05456 +44.214 -073.262
05457 +44.959 -072.922
05458 +44.716 -073.300
05459 +44.957 -073.017
05461 +44.322 -073.095
05462 +44.299 -072.955
05463 +44.871 -073.349
05464 +44.678 -072.815
05465 +44.466 -072.920
05468 +44.646 -073.159
05471 +44.828 -072.578
05472 +44.113 -073.158
05473 +44.242 -073.195
05474 +44.835 -073.226
05476 +44.955 -072.643
05477 +44.382 -072.980
05478 +44.792 -073.118
05481 +44.808 -073.140
05482 +44.393 -073.243
05483 +44.890 -072.981
05485 +44.904 -072.976
05486 +44.627 -073.309
05487 +44.210 -072.993
05488 +44.923 -073.144
05489 +44.568 -072.903
05491 +44.120 -073.327
05492 +44.738 -072.762
05494 +44.603 -073.016
05495 +44.429 -073.096
05602 +44.293 -072.625
05640 +44.340 -072.497
05641 +44.185 -072.454
05647 +44.409 -072.294
05648 +44.383 -072.492
05649 +44.139 -072.371
05650 +44.400 -072.438
05651 +44.282 -072.489
05652 +44.724 -072.610
05653 +44.715 -072.473
05654 +44.138 -072.487
05655 +44.624 -072.570
05656 +44.648 -072.689
05658 +44.365 -072.355
05660 +44.262 -072.765
05661 +44.532 -072.620
05663 +44.148 -072.691
05664 +44.167 -072.653
05666 +44.338 -072.439
05667 +44.279 -072.402
05669 +44.053 -072.756
05670 +44.177 -072.506
05672 +44.492 -072.713
05673 +44.199 -072.841
05674 +44.113 -072.874
05675 +44.076 -072.423
05676 +44.299 -072.847
05677 +44.402 -072.698
05678 +44.157 -072.478
05679 +44.109 -072.532
05680 +44.541 -072.473
05681 +44.458 -072.379
05682 +44.393 -072.563
05701 +43.625 -072.910
05730 +43.388 -072.785
05731 +43.752 -073.294
05732 +43.647 -073.211
05733 +43.810 -073.090
05734 +43.982 -073.332
05735 +43.653 -073.161
05736 +43.608 -073.014
05737 +43.778 -072.897
05738 +43.523 -072.860
05739 +43.345 -073.029
05742 +43.420 -072.911
05743 +43.678 -073.305
05744 +43.694 -073.080
05746 +43.719 -072.790
05747 +44.004 -072.858
05748 +43.905 -072.918
05751 +43.658 -072.784
05753 +43.998 -073.178
05757 +43.483 -073.124
05758 +43.451 -072.793
05759 +43.532 -072.965
05760 +43.801 -073.290
05761 +43.335 -073.139
05762 +43.804 -072.837
05763 +43.730 -072.995
05764 +43.528 -073.194
05765 +43.648 -073.034
05766 +43.985 -072.997
05767 +43.879 -072.832
05768 +43.297 -073.219
05769 +43.932 -073.120
05770 +43.890 -073.330
05772 +43.764 -072.739
05773 +43.427 -072.950
05774 +43.429 -073.170
05775 +43.354 -073.222
05776 +43.253 -073.197
05777 +43.556 -073.049
05778 +43.876 -073.213
05819 +44.405 -071.983
05820 +44.763 -072.375
05821 +44.319 -072.109
05822 +44.754 -072.160
05824 +44.439 -071.826
05825 +44.858 -072.253
05826 +44.635 -072.406
05827 +44.677 -072.363
05828 +44.438 -072.125
05829 +44.967 -072.068
05830 +44.972 -071.987
05832 +44.594 -071.899
05833 +44.837 -071.977
05836 +44.519 -072.231
05837 +44.664 -071.805
05839 +44.674 -072.207
05840 +44.599 -071.747
05841 +44.618 -072.289
05842 +44.590 -072.245
05843 +44.503 -072.342
05845 +44.800 -072.332
05846 +44.817 -071.835
05847 +44.793 -072.458
05850 +44.564 -072.036
05851 +44.546 -072.049
05853 +44.896 -071.941
05855 +44.927 -072.192
05857 +44.929 -072.313
05858 +44.538 -071.801
05859 +44.958 -072.438
05860 +44.803 -072.104
05862 +44.318 -072.216
05866 +44.641 -072.111
05867 +44.665 -072.036
05868 +44.942 -072.354
05871 +44.682 -071.953
05872 +44.871 -072.025
05873 +44.405 -072.217
05874 +44.883 -072.485
05875 +44.705 -072.271
05901 +44.941 -071.655
05902 +45.010 -071.488
05903 +44.935 -071.588
05904 +44.416 -071.707
05905 +44.703 -071.678
05906 +44.483 -071.720
05907 +44.955 -071.827
06001 +41.794 -072.854
06002 +41.847 -072.737
06010 +41.682 -072.941
06013 +41.749 -072.949
06016 +41.902 -072.547
06018 +42.037 -073.312
06019 +41.858 -072.903
06020 +41.863 -072.910
06021 +42.006 -073.064
06022 +41.866 -072.927
06023 +41.613 -072.720
06024 +42.008 -073.284
06026 +41.930 -072.745
06027 +42.005 -072.916
06029 +41.914 -072.446
06031 +41.955 -073.317
06032 +41.731 -072.857
06033 +41.707 -072.539
06035 +41.961 -072.805
06037 +41.605 -072.778
06039 +41.962 -073.444
06040 +41.761 -072.526
06042 +41.803 -072.521
06043 +41.765 -072.438
06051 +41.665 -072.770
06052 +41.656 -072.803
06053 +41.690 -072.792
06057 +41.841 -072.999
06058 +41.970 -073.178
06059 +41.891 -072.888
06060 +42.015 -072.859
06061 +41.875 -072.967
06062 +41.674 -072.860
06063 +41.936 -072.973
06065 +41.975 -073.008
06066 +41.838 -072.459
06067 +41.657 -072.662
06068 +42.007 -073.422
06069 +41.861 -073.449
06070 +41.875 -072.814
06071 +41.993 -072.454
06072 +41.985 -072.488
06073 +41.661 -072.568
06074 +41.838 -072.578
06076 +41.984 -072.263
06078 +41.992 -072.652
06079 +42.042 -073.397
06080 +41.950 -072.635
06081 +41.908 -072.768
06082 +41.984 -072.556
06084 +41.883 -072.359
06085 +41.749 -072.889
06088 +41.918 -072.583
06089 +41.835 -072.824
06090 +41.947 -072.864
06091 +42.026 -072.980
06092 +41.873 -072.861
06093 +42.013 -072.717
06095 +41.874 -072.677
06096 +41.928 -072.652
06098 +41.927 -073.109
06103 +41.765 -072.671
06105 +41.773 -072.704
06106 +41.749 -072.696
06107 +41.752 -072.759
06108 +41.780 -072.624
06109 +41.702 -072.669
06110 +41.732 -072.734
06111 +41.687 -072.731
06112 +41.793 -072.696
06114 +41.741 -072.671
06117 +41.789 -072.763
06118 +41.749 -072.610
06119 +41.764 -072.727
06120 +41.787 -072.665
06226 +41.708 -072.209
06231 +41.633 -072.367
06232 +41.733 -072.375
06234 +41.794 -071.953
06235 +41.791 -072.130
06237 +41.694 -072.306
06238 +41.780 -072.344
06239 +41.794 -071.855
06241 +41.854 -071.847
06242 +41.896 -072.093
06243 +41.845 -071.805
06247 +41.768 -072.075
06248 +41.689 -072.409
06249 +41.633 -072.240
06250 +41.773 -072.198
06254 +41.621 -072.143
06255 +41.991 -071.902
06256 +41.732 -072.157
06258 +41.886 -071.964
06259 +41.872 -071.988
06260 +41.908 -071.870
06262 +42.019 -071.948
06263 +41.837 -071.904
06264 +41.699 -072.105
06266 +41.674 -072.173
06268 +41.799 -072.248
06269 +41.809 -072.252
06277 +41.958 -071.844
06278 +41.897 -072.171
06279 +41.897 -072.252
06280 +41.691 -072.130
06281 +41.973 -072.014
06282 +41.949 -072.085
06320 +41.349 -072.102
06330 +41.636 -072.078
06331 +41.694 -072.009
06332 +41.723 -071.902
06333 +41.386 -072.229
06334 +41.545 -072.174
06335 +41.435 -072.059
06336 +41.581 -072.196
06338 +41.465 -071.973
06339 +41.442 -071.991
06340 +41.354 -072.040
06350 +41.648 -072.069
06351 +41.590 -071.948
06353 +41.456 -072.139
06354 +41.709 -071.855
06355 +41.366 -071.972
06357 +41.318 -072.219
06359 +41.471 -071.873
06360 +41.548 -072.089
06365 +41.519 -072.007
06370 +41.467 -072.189
06371 +41.362 -072.324
06373 +41.685 -071.805
06374 +41.680 -071.912
06375 +41.406 -072.123
06376 +41.294 -072.253
06377 +41.731 -071.819
06378 +41.383 -071.908
06379 +41.363 -071.853
06380 +41.563 -072.052
06382 +41.463 -072.125
06384 +41.579 -071.831
06385 +41.362 -072.157
06387 +41.744 -071.910
06389 +41.560 -072.123
06390 +41.288 -071.935
06401 +41.344 -073.070
06403 +41.444 -073.052
06405 +41.280 -072.786
06409 +41.348 -072.429
06410 +41.512 -072.904
06412 +41.412 -072.487
06413 +41.296 -072.529
06414 +41.577 -072.552
06415 +41.550 -072.349
06416 +41.617 -072.662
06417 +41.368 -072.477
06418 +41.326 -073.083
06419 +41.374 -072.578
06420 +41.489 -072.258
06422 +41.469 -072.685
06423 +41.457 -072.391
06424 +41.560 -072.503
06426 +41.351 -072.397
06437 +41.332 -072.697
06438 +41.451 -072.510
06439 +41.416 -072.400
06441 +41.466 -072.583
06442 +41.342 -072.434
06443 +41.344 -072.625
06444 +41.563 -072.930
06447 +41.636 -072.454
06450 +41.536 -072.776
06451 +41.542 -072.823
06455 +41.514 -072.718
06456 +41.540 -072.548
06457 +41.544 -072.658
06459 +41.550 -072.662
06460 +41.219 -073.046
06461 +41.240 -073.075
06467 +41.565 -072.900
06468 +41.339 -073.223
06469 +41.507 -072.448
06470 +41.395 -073.318
06471 +41.334 -072.772
06472 +41.393 -072.772
06473 +41.381 -072.856
06475 +41.300 -072.383
06477 +41.285 -073.025
06478 +41.444 -073.148
06479 +41.575 -072.912
06480 +41.599 -072.589
06481 +41.537 -072.698
06482 +41.409 -073.243
06483 +41.385 -073.084
06484 +41.305 -073.139
06488 +41.476 -073.230
06489 +41.614 -072.870
06492 +41.463 -072.805
06498 +41.304 -072.478
06510 +41.306 -072.927
06511 +41.317 -072.926
06512 +41.278 -072.875
06513 +41.319 -072.870
06514 +41.377 -072.943
06515 +41.328 -072.971
06516 +41.273 -072.965
06517 +41.349 -072.907
06518 +41.431 -072.912
06519 +41.293 -072.932
06524 +41.423 -072.994
06525 +41.364 -073.004
06604 +41.154 -073.211
06605 +41.162 -073.218
06606 +41.212 -073.207
06607 +41.171 -073.168
06608 +41.186 -073.181
06610 +41.209 -073.165
06611 +41.273 -073.212
06612 +41.265 -073.300
06614 +41.228 -073.129
06615 +41.163 -073.128
06702 +41.556 -073.046
06704 +41.589 -073.035
06705 +41.550 -072.993
06706 +41.532 -073.025
06708 +41.551 -073.071
06710 +41.570 -073.046
06712 +41.499 -072.976
06716 +41.595 -072.969
06750 +41.724 -073.263
06751 +41.636 -073.211
06752 +41.520 -073.361
06753 +41.825 -073.345
06754 +41.755 -073.368
06755 +41.649 -073.480
06756 +41.847 -073.238
06757 +41.740 -073.467
06758 +41.676 -073.227
06759 +41.761 -073.219
06762 +41.525 -073.123
06763 +41.694 -073.210
06770 +41.489 -073.052
06776 +41.601 -073.423
06777 +41.691 -073.334
06778 +41.718 -073.104
06779 +41.596 -073.081
06782 +41.643 -073.042
06783 +41.556 -073.296
06784 +41.579 -073.498
06785 +41.709 -073.450
06786 +41.673 -073.018
06787 +41.671 -073.085
06790 +41.834 -073.131
06791 +41.761 -073.060
06793 +41.634 -073.289
06794 +41.649 -073.325
06795 +41.624 -073.126
06796 +41.874 -073.334
06798 +41.562 -073.206
06801 +41.370 -073.390
06804 +41.463 -073.393
06807 +41.057 -073.592
06810 +41.378 -073.457
06811 +41.423 -073.478
06812 +41.480 -073.487
06820 +41.076 -073.480
06824 +41.173 -073.281
06825 +41.197 -073.243
06830 +41.038 -073.624
06831 +41.089 -073.659
06840 +41.160 -073.500
06850 +41.127 -073.445
06851 +41.138 -073.402
06853 +41.066 -073.438
06854 +41.091 -073.429
06855 +41.072 -073.390
06870 +41.024 -073.571
06877 +41.318 -073.500
06878 +41.030 -073.584
06880 +41.143 -073.344
06883 +41.227 -073.367
06890 +41.149 -073.288
06896 +41.305 -073.393
06897 +41.211 -073.441
06901 +41.054 -073.538
06902 +41.059 -073.544
06903 +41.136 -073.571
06905 +41.088 -073.544
06906 +41.072 -073.522
06907 +41.101 -073.520
07001 +40.584 -074.270
07002 +40.662 -074.110
07003 +40.809 -074.187
07004 +40.883 -074.305
07005 +40.930 -074.411
07006 +40.851 -074.283
07008 +40.584 -074.227
07009 +40.858 -074.230
07010 +40.822 -073.988
07011 +40.880 -074.143
07012 +40.847 -074.161
07013 +40.869 -074.173
07014 +40.831 -074.135
07016 +40.658 -074.304
07017 +40.772 -074.207
07018 +40.756 -074.218
07020 +40.825 -073.974
07021 +40.828 -074.276
07022 +40.821 -074.003
07023 +40.642 -074.386
07024 +40.851 -073.971
07026 +40.880 -074.108
07027 +40.651 -074.323
07028 +40.805 -074.205
07029 +40.744 -074.155
07030 +40.745 -074.028
07031 +40.786 -074.126
07032 +40.752 -074.123
07033 +40.678 -074.288
07034 +40.879 -074.380
07035 +40.928 -074.308
07036 +40.625 -074.239
07039 +40.786 -074.329
07040 +40.734 -074.271
07041 +40.722 -074.302
07042 +40.813 -074.219
07043 +40.845 -074.201
07044 +40.832 -074.243
07045 +40.907 -074.366
07046 +40.891 -074.442
07047 +40.794 -074.025
07050 +40.768 -074.236
07052 +40.786 -074.265
07054 +40.854 -074.402
07055 +40.858 -074.129
07057 +40.853 -074.106
07058 +40.870 -074.344
07059 +40.635 -074.519
07060 +40.617 -074.422
07062 +40.631 -074.404
07063 +40.605 -074.445
07064 +40.567 -074.245
07065 +40.607 -074.281
07066 +40.621 -074.310
07067 +40.589 -074.311
07068 +40.822 -074.310
07069 +40.643 -074.436
07070 +40.820 -074.106
07071 +40.797 -074.113
07072 +40.826 -074.062
07073 +40.817 -074.085
07074 +40.838 -074.055
07075 +40.850 -074.087
07076 +40.633 -074.373
07077 +40.554 -074.253
07078 +40.742 -074.328
07079 +40.749 -074.262
07080 +40.574 -074.415
07081 +40.698 -074.334
07082 +40.927 -074.346
07083 +40.695 -074.269
07086 +40.768 -074.017
07087 +40.767 -074.032
07088 +40.718 -074.284
07090 +40.652 -074.343
07092 +40.681 -074.360
07093 +40.787 -074.009
07094 +40.782 -074.068
07095 +40.553 -074.287
07102 +40.736 -074.174
07103 +40.739 -074.195
07104 +40.768 -074.168
07105 +40.723 -074.139
07106 +40.742 -074.230
07107 +40.763 -074.187
07108 +40.723 -074.200
07109 +40.793 -074.161
07110 +40.821 -074.156
07111 +40.724 -074.233
07112 +40.711 -074.212
07114 +40.698 -074.171
07201 +40.671 -074.177
07202 +40.652 -074.217
07203 +40.652 -074.260
07204 +40.665 -074.267
07205 +40.696 -074.229
07206 +40.652 -074.184
07208 +40.673 -074.224
07302 +40.719 -074.045
07304 +40.717 -074.076
07305 +40.693 -074.070
07306 +40.736 -074.071
07307 +40.752 -074.054
07310 +40.728 -074.033
07311 +40.719 -074.033
07401 +41.033 -074.134
07403 +41.021 -074.333
07405 +40.988 -074.378
07407 +40.905 -074.120
07410 +40.936 -074.118
07416 +41.109 -074.589
07417 +41.008 -074.206
07418 +41.242 -074.486
07419 +41.154 -074.570
07420 +41.029 -074.303
07421 +41.174 -074.353
07422 +41.174 -074.447
07423 +40.999 -074.097
07424 +40.882 -074.206
07430 +41.082 -074.183
07432 +40.996 -074.141
07435 +41.041 -074.442
07436 +41.031 -074.241
07438 +41.030 -074.522
07439 +41.080 -074.598
07440 +40.946 -074.293
07442 +41.003 -074.287
07444 +40.967 -074.307
07446 +41.059 -074.146
07450 +40.982 -074.114
07452 +40.959 -074.125
07456 +41.097 -074.263
07457 +40.996 -074.315
07458 +41.047 -074.096
07460 +41.114 -074.494
07461 +41.247 -074.611
07462 +41.198 -074.496
07463 +41.013 -074.125
07465 +41.049 -074.292
07470 +40.946 -074.245
07480 +41.086 -074.378
07481 +40.999 -074.169
07501 +40.912 -074.171
07502 +40.920 -074.195
07503 +40.898 -074.154
07504 +40.912 -074.141
07505 +40.917 -074.172
07506 +40.957 -074.159
07508 +40.955 -074.184
07512 +40.903 -074.220
07513 +40.905 -074.149
07514 +40.925 -074.145
07522 +40.924 -074.179
07524 +40.932 -074.157
07601 +40.889 -074.046
07603 +40.874 -074.030
07604 +40.862 -074.073
07605 +40.863 -073.988
07606 +40.865 -074.048
07607 +40.903 -074.063
07608 +40.850 -074.062
07620 +40.969 -073.917
07621 +40.922 -073.998
07624 +40.973 -073.960
07626 +40.940 -073.958
07627 +40.954 -073.955
07628 +40.945 -073.992
07630 +40.975 -074.023
07631 +40.891 -073.973
07632 +40.885 -073.945
07640 +40.992 -073.980
07641 +40.963 -073.997
07642 +41.007 -074.045
07643 +40.843 -074.034
07644 +40.878 -074.082
07645 +41.055 -074.047
07646 +40.934 -074.019
07647 +41.009 -073.942
07648 +40.992 -073.951
07649 +40.957 -074.033
07650 +40.847 -073.997
07652 +40.947 -074.070
07656 +41.036 -074.044
07657 +40.833 -074.014
07660 +40.855 -074.020
07661 +40.927 -074.040
07662 +40.906 -074.078
07663 +40.903 -074.094
07666 +40.890 -074.011
07670 +40.918 -073.951
07675 +41.003 -074.002
07676 +40.988 -074.065
07677 +41.026 -074.061
07701 +40.361 -074.079
07702 +40.326 -074.057
07703 +40.314 -074.047
07704 +40.362 -074.039
07711 +40.238 -074.007
07712 +40.247 -074.055
07716 +40.402 -074.036
07717 +40.191 -074.015
07718 +40.420 -074.085
07719 +40.169 -074.073
07720 +40.202 -074.012
07721 +40.435 -074.236
07722 +40.288 -074.167
07723 +40.250 -074.002
07724 +40.299 -074.074
07726 +40.287 -074.343
07727 +40.205 -074.158
07728 +40.226 -074.286
07730 +40.424 -074.174
07731 +40.150 -074.204
07732 +40.430 -073.990
07733 +40.375 -074.174
07734 +40.444 -074.137
07735 +40.450 -074.224
07737 +40.407 -074.064
07738 +40.335 -074.133
07739 +40.337 -074.035
07740 +40.295 -073.990
07746 +40.323 -074.255
07747 +40.413 -074.258
07748 +40.396 -074.115
07750 +40.336 -073.986
07751 +40.360 -074.261
07753 +40.211 -074.074
07755 +40.263 -074.024
07756 +40.212 -074.007
07757 +40.316 -074.018
07758 +40.434 -074.101
07760 +40.371 -074.004
07762 +40.153 -074.034
07764 +40.288 -074.020
07801 +40.901 -074.565
07803 +40.878 -074.601
07820 +40.929 -074.799
07821 +40.966 -074.755
07822 +41.139 -074.708
07823 +40.823 -075.046
07825 +40.983 -074.962
07826 +41.163 -074.815
07827 +41.281 -074.731
07828 +40.885 -074.756
07830 +40.719 -074.794
07831 +40.739 -074.947
07832 +40.945 -075.067
07833 +40.893 -075.069
07834 +40.886 -074.488
07836 +40.843 -074.711
07838 +40.888 -074.912
07840 +40.860 -074.832
07842 +40.945 -074.501
07843 +40.939 -074.660
07844 +40.909 -074.970
07846 +40.967 -074.877
07847 +40.887 -074.620
07848 +41.098 -074.680
07849 +40.964 -074.613
07850 +40.907 -074.659
07851 +41.200 -074.856
07852 +40.883 -074.668
07853 +40.787 -074.782
07856 +40.916 -074.627
07857 +40.898 -074.693
07860 +41.057 -074.803
07863 +40.808 -074.957
07865 +40.794 -074.898
07866 +40.955 -074.488
07869 +40.842 -074.579
07870 +40.804 -074.821
07871 +41.047 -074.628
07874 +40.929 -074.709
07876 +40.854 -074.657
07878 +40.872 -074.478
07880 +40.880 -074.876
07881 +41.123 -074.934
07882 +40.755 -075.011
07885 +40.910 -074.600
07901 +40.715 -074.366
07920 +40.682 -074.554
07921 +40.656 -074.679
07922 +40.677 -074.427
07924 +40.726 -074.591
07926 +40.801 -074.570
07927 +40.824 -074.456
07928 +40.725 -074.415
07930 +40.781 -074.684
07931 +40.681 -074.617
07932 +40.777 -074.393
07933 +40.695 -074.457
07934 +40.730 -074.667
07935 +40.735 -074.451
07936 +40.819 -074.364
07939 +40.667 -074.552
07940 +40.761 -074.419
07945 +40.781 -074.602
07946 +40.678 -074.509
07950 +40.846 -074.482
07960 +40.779 -074.502
07961 +40.781 -074.435
07970 +40.809 -074.572
07974 +40.697 -074.404
07976 +40.728 -074.479
07977 +40.711 -074.652
07979 +40.711 -074.731
07980 +40.676 -074.495
07981 +40.824 -074.426
08001 +39.548 -075.346
08002 +39.935 -075.025
08003 +39.886 -074.971
08004 +39.755 -074.831
08005 +39.756 -074.307
08006 +39.751 -074.107
08007 +39.865 -075.054
08008 +39.624 -074.206
08009 +39.761 -074.933
08010 +40.054 -074.918
08011 +39.975 -074.714
08012 +39.784 -075.056
08014 +39.813 -075.367
08015 +39.932 -074.544
08016 +40.068 -074.833
08019 +39.766 -074.530
08020 +39.794 -075.222
08021 +39.806 -075.000
08022 +40.068 -074.706
08023 +39.688 -075.497
08026 +39.834 -074.969
08027 +39.829 -075.294
08028 +39.692 -075.125
08029 +39.841 -075.067
08030 +39.890 -075.118
08031 +39.866 -075.095
08032 +39.781 -075.060
08033 +39.892 -075.037
08034 +39.906 -075.000
08035 +39.879 -075.066
08036 +39.978 -074.836
08037 +39.632 -074.774
08038 +39.470 -075.490
08039 +39.686 -075.277
08041 +40.039 -074.684
08042 +40.014 -074.662
08043 +39.849 -074.953
08045 +39.867 -075.029
08046 +40.028 -074.887
08048 +39.954 -074.803
08049 +39.855 -075.038
08050 +39.712 -074.232
08051 +39.784 -075.176
08052 +39.952 -074.995
08053 +39.857 -074.901
08054 +39.949 -074.900
08055 +39.863 -074.822
08056 +39.784 -075.255
08057 +39.980 -074.941
08059 +39.885 -075.093
08060 +40.010 -074.792
08061 +39.799 -075.205
08062 +39.716 -075.219
08063 +39.867 -075.186
08064 +39.937 -074.616
08065 +40.003 -075.035
08066 +39.835 -075.234
08067 +39.739 -075.411
08068 +39.961 -074.666
08069 +39.703 -075.451
08070 +39.619 -075.516
08071 +39.732 -075.134
08072 +39.545 -075.413
08073 +40.010 -074.867
08074 +39.716 -075.163
08075 +40.030 -074.949
08077 +40.000 -074.992
08078 +39.853 -075.076
08079 +39.542 -075.432
08080 +39.757 -075.122
08081 +39.733 -074.977
08083 +39.841 -075.029
08084 +39.829 -075.016
08085 +39.754 -075.331
08086 +39.851 -075.186
08087 +39.604 -074.382
08088 +39.837 -074.695
08089 +39.713 -074.831
08090 +39.798 -075.149
08091 +39.807 -074.924
08092 +39.647 -074.285
08093 +39.862 -075.133
08094 +39.651 -074.959
08095 +39.649 -074.858
08096 +39.829 -075.129
08097 +39.813 -075.151
08098 +39.639 -075.330
08102 +39.952 -075.121
08103 +39.935 -075.113
08104 +39.916 -075.111
08105 +39.950 -075.096
08106 +39.891 -075.073
08107 +39.909 -075.084
08108 +39.915 -075.062
08109 +39.949 -075.050
08110 +39.972 -075.058
08201 +39.424 -074.493
08202 +39.097 -074.740
08203 +39.422 -074.393
08204 +38.972 -074.916
08205 +39.482 -074.453
08210 +39.119 -074.823
08212 +38.940 -074.964
08215 +39.590 -074.582
08217 +39.577 -074.719
08221 +39.340 -074.564
08223 +39.270 -074.657
08224 +39.599 -074.467
08225 +39.358 -074.536
08226 +39.264 -074.608
08230 +39.201 -074.707
08232 +39.388 -074.515
08234 +39.388 -074.621
08240 +39.488 -074.534
08241 +39.535 -074.476
08242 +39.017 -074.887
08243 +39.151 -074.696
08244 +39.316 -074.598
08245 +39.177 -074.819
08246 +39.181 -074.766
08247 +39.049 -074.786
08248 +39.195 -074.658
08251 +39.029 -074.929
08260 +38.998 -074.843
08270 +39.261 -074.809
08302 +39.439 -075.261
08310 +39.531 -074.897
08311 +39.328 -075.204
08312 +39.661 -075.084
08314 +39.216 -074.938
08316 +39.280 -074.937
08317 +39.401 -074.830
08318 +39.558 -075.178
08319 +39.370 -074.811
08320 +39.385 -075.161
08321 +39.224 -075.143
08322 +39.611 -075.049
08323 +39.396 -075.368
08324 +39.226 -075.004
08326 +39.538 -074.928
08327 +39.256 -074.950
08328 +39.580 -075.056
08329 +39.287 -075.006
08330 +39.469 -074.747
08332 +39.366 -075.027
08340 +39.393 -074.907
08341 +39.521 -074.959
08343 +39.636 -075.168
08344 +39.562 -074.986
08345 +39.288 -075.144
08346 +39.570 -074.852
08348 +39.310 -074.971
08349 +39.261 -075.059
08350 +39.491 -074.874
08352 +39.475 -075.127
08353 +39.462 -075.292
08360 +39.492 -075.003
08361 +39.449 -074.959
08401 +39.377 -074.451
08402 +39.326 -074.504
08403 +39.318 -074.542
08406 +39.342 -074.483
08501 +40.166 -074.553
08502 +40.448 -074.653
08505 +40.136 -074.707
08510 +40.187 -074.425
08511 +40.044 -074.548
08512 +40.324 -074.526
08514 +40.134 -074.492
08515 +40.119 -074.663
08518 +40.116 -074.804
08520 +40.258 -074.539
08525 +40.398 -074.780
08527 +40.109 -074.359
08528 +40.387 -074.619
08530 +40.370 -074.910
08533 +40.016 -074.485
08534 +40.329 -074.793
08535 +40.232 -074.432
08536 +40.333 -074.587
08540 +40.365 -074.656
08542 +40.355 -074.661
08544 +40.346 -074.658
08550 +40.280 -074.622
08551 +40.447 -074.837
08553 +40.400 -074.639
08554 +40.113 -074.781
08555 +40.221 -074.470
08558 +40.413 -074.704
08559 +40.439 -074.984
08560 +40.315 -074.857
08561 +40.247 -074.581
08562 +40.062 -074.592
08608 +40.219 -074.767
08609 +40.226 -074.741
08610 +40.194 -074.716
08611 +40.184 -074.740
08618 +40.249 -074.790
08619 +40.242 -074.696
08620 +40.170 -074.651
08628 +40.264 -074.827
08629 +40.221 -074.731
08638 +40.254 -074.763
08640 +40.014 -074.575
08641 +40.028 -074.588
08648 +40.284 -074.717
08690 +40.226 -074.660
08691 +40.208 -074.601
08701 +40.077 -074.199
08720 +40.145 -074.126
08721 +39.907 -074.185
08722 +39.928 -074.202
08723 +40.039 -074.112
08724 +40.091 -074.114
08730 +40.108 -074.062
08731 +39.860 -074.293
08732 +39.942 -074.144
08733 +40.027 -074.364
08734 +39.863 -074.166
08735 +39.997 -074.078
08736 +40.120 -074.053
08738 +40.025 -074.060
08740 +39.928 -074.128
08741 +39.936 -074.167
08742 +40.081 -074.059
08750 +40.133 -074.042
08751 +39.950 -074.080
08752 +39.837 -074.090
08753 +39.980 -074.151
08755 +40.009 -074.222
08757 +39.961 -074.261
08758 +39.795 -074.253
08759 +39.962 -074.360
08801 +40.630 -074.890
08802 +40.684 -075.023
08804 +40.647 -075.096
08805 +40.571 -074.538
08807 +40.592 -074.619
08809 +40.646 -074.925
08810 +40.368 -074.491
08812 +40.599 -074.479
08816 +40.429 -074.416
08817 +40.515 -074.393
08820 +40.577 -074.366
08821 +40.521 -074.688
08822 +40.522 -074.867
08823 +40.439 -074.565
08824 +40.421 -074.553
08825 +40.514 -075.027
08826 +40.717 -074.912
08827 +40.668 -074.968
08828 +40.378 -074.423
08829 +40.670 -074.890
08830 +40.570 -074.316
08831 +40.334 -074.433
08832 +40.511 -074.318
08833 +40.646 -074.816
08835 +40.542 -074.589
08836 +40.596 -074.557
08837 +40.514 -074.344
08840 +40.543 -074.359
08844 +40.498 -074.671
08846 +40.575 -074.498
08848 +40.594 -075.097
08850 +40.449 -074.440
08852 +40.390 -074.544
08853 +40.527 -074.742
08854 +40.540 -074.463
08857 +40.393 -074.330
08858 +40.683 -074.737
08859 +40.458 -074.304
08861 +40.520 -074.273
08863 +40.537 -074.312
08865 +40.708 -075.147
08867 +40.574 -074.966
08869 +40.571 -074.646
08872 +40.456 -074.351
08873 +40.500 -074.532
08876 +40.590 -074.685
08879 +40.466 -074.279
08880 +40.554 -074.527
08882 +40.446 -074.378
08884 +40.394 -074.393
08886 +40.688 -075.101
08887 +40.522 -074.796
08889 +40.609 -074.754
08890 +40.539 -074.575
08901 +40.484 -074.442
08902 +40.442 -074.491
08904 +40.501 -074.428
10001 +40.751 -073.997
10002 +40.716 -073.987
10003 +40.732 -073.989
10004 +40.690 -074.017
10005 +40.706 -074.009
10006 +40.709 -074.013
10007 +40.714 -074.008
10009 +40.726 -073.979
10010 +40.739 -073.983
10011 +40.742 -074.001
10012 +40.726 -073.998
10013 +40.720 -074.005
10014 +40.734 -074.006
10016 +40.745 -073.978
10017 +40.752 -073.973
10018 +40.755 -073.993
10019 +40.766 -073.985
10020 +40.759 -073.981
10021 +40.770 -073.959
10022 +40.759 -073.968
10023 +40.775 -073.979
10024 +40.786 -073.971
10025 +40.798 -073.968
10026 +40.803 -073.954
10027 +40.813 -073.955
10028 +40.776 -073.953
10029 +40.792 -073.947
10030 +40.818 -073.943
10031 +40.825 -073.950
10032 +40.839 -073.943
10033 +40.847 -073.936
10034 +40.867 -073.924
10035 +40.795 -073.930
10036 +40.760 -073.991
10037 +40.813 -073.938
10038 +40.709 -074.003
10039 +40.826 -073.938
10040 +40.858 -073.930
10044 +40.762 -073.950
10065 +40.765 -073.963
10069 +40.777 -073.989
10075 +40.773 -073.956
10103 +40.761 -073.978
10110 +40.754 -073.982
10111 +40.760 -073.979
10112 +40.759 -073.979
10115 +40.811 -073.964
10119 +40.751 -073.993
10128 +40.781 -073.950
10152 +40.758 -073.972
10153 +40.764 -073.972
10154 +40.758 -073.972
10162 +40.769 -073.950
10165 +40.752 -073.979
10167 +40.755 -073.975
10168 +40.751 -073.977
10169 +40.755 -073.976
10170 +40.753 -073.976
10171 +40.756 -073.974
10172 +40.755 -073.974
10173 +40.754 -073.979
10174 +40.751 -073.975
10177 +40.755 -073.976
10199 +40.751 -073.997
10271 +40.708 -074.011
10278 +40.715 -074.004
10279 +40.713 -074.009
10280 +40.710 -074.017
10282 +40.716 -074.015
10301 +40.628 -074.094
10302 +40.631 -074.138
10303 +40.630 -074.174
10304 +40.606 -074.094
10305 +40.597 -074.076
10306 +40.572 -074.124
10307 +40.508 -074.242
10308 +40.553 -074.152
10309 +40.530 -074.220
10310 +40.633 -074.116
10311 +40.605 -074.180
10312 +40.545 -074.180
10314 +40.601 -074.164
10451 +40.822 -073.923
10452 +40.838 -073.923
10453 +40.853 -073.913
10454 +40.806 -073.917
10455 +40.815 -073.909
10456 +40.831 -073.908
10457 +40.846 -073.898
10458 +40.862 -073.886
10459 +40.826 -073.893
10460 +40.842 -073.879
10461 +40.847 -073.841
10462 +40.843 -073.860
10463 +40.886 -073.902
10464 +40.870 -073.796
10465 +40.827 -073.822
10466 +40.891 -073.846
10467 +40.875 -073.872
10468 +40.869 -073.900
10469 +40.869 -073.847
10470 +40.890 -073.873
10471 +40.900 -073.907
10472 +40.830 -073.869
10473 +40.819 -073.858
10474 +40.811 -073.885
10475 +40.876 -073.827
10501 +41.296 -073.759
10502 +41.011 -073.841
10503 +41.027 -073.875
10504 +41.128 -073.708
10505 +41.342 -073.748
10506 +41.190 -073.639
10507 +41.232 -073.692
10509 +41.411 -073.594
10510 +41.139 -073.836
10511 +41.263 -073.945
10512 +41.448 -073.710
10514 +41.172 -073.769
10516 +41.462 -073.875
10517 +41.298 -073.860
10518 +41.266 -073.588
10519 +41.347 -073.663
10520 +41.227 -073.868
10522 +41.010 -073.863
10523 +41.059 -073.819
10524 +41.375 -073.926
10526 +41.294 -073.659
10527 +41.321 -073.770
10528 +40.975 -073.725
10530 +41.024 -073.813
10532 +41.100 -073.801
10533 +41.037 -073.855
10535 +41.335 -073.794
10536 +41.269 -073.689
10537 +41.344 -073.881
10538 +40.938 -073.756
10540 +41.326 -073.728
10541 +41.382 -073.752
10542 +41.371 -073.764
10543 +40.953 -073.736
10545 +41.179 -073.835
10546 +41.197 -073.801
10547 +41.313 -073.846
10548 +41.245 -073.939
10549 +41.201 -073.723
10550 +40.905 -073.835
10552 +40.924 -073.826
10553 +40.909 -073.822
10560 +41.341 -073.598
10562 +41.194 -073.825
10566 +41.289 -073.917
10567 +41.288 -073.895
10570 +41.128 -073.789
10573 +41.016 -073.677
10576 +41.222 -073.572
10577 +41.038 -073.711
10578 +41.314 -073.677
10579 +41.395 -073.839
10580 +40.979 -073.693
10583 +40.989 -073.789
10588 +41.331 -073.828
10589 +41.332 -073.693
10590 +41.256 -073.538
10591 +41.083 -073.849
10594 +41.116 -073.771
10595 +41.087 -073.780
10596 +41.256 -073.959
10597 +41.293 -073.597
10598 +41.282 -073.796
10601 +41.033 -073.765
10603 +41.054 -073.780
10604 +41.072 -073.747
10605 +41.011 -073.745
10606 +41.021 -073.776
10607 +41.039 -073.811
10701 +40.947 -073.880
10703 +40.958 -073.881
10704 +40.920 -073.863
10705 +40.919 -073.889
10706 +40.991 -073.870
10707 +40.960 -073.823
10708 +40.938 -073.830
10709 +40.955 -073.808
10710 +40.970 -073.846
10801 +40.918 -073.785
10803 +40.900 -073.806
10804 +40.947 -073.788
10805 +40.886 -073.758
10901 +41.155 -074.129
10910 +41.282 -074.138
10911 +41.308 -073.996
10913 +41.069 -073.956
10914 +41.418 -074.200
10915 +41.540 -074.357
10916 +41.449 -074.245
10917 +41.322 -074.108
10918 +41.344 -074.262
10919 +41.526 -074.388
10920 +41.156 -073.938
10921 +41.332 -074.363
10922 +41.337 -073.988
10923 +41.203 -074.003
10924 +41.381 -074.352
10925 +41.186 -074.289
10926 +41.256 -074.128
10927 +41.191 -073.968
10928 +41.349 -073.998
10930 +41.382 -074.114
10931 +41.127 -074.171
10932 +41.482 -074.464
10933 +41.368 -074.513
10940 +41.447 -074.479
10941 +41.490 -074.345
10950 +41.317 -074.200
10952 +41.111 -074.079
10953 +41.406 -074.078
10954 +41.099 -074.013
10956 +41.154 -073.994
10958 +41.379 -074.424
10960 +41.089 -073.926
10962 +41.049 -073.962
10963 +41.467 -074.541
10964 +41.016 -073.914
10965 +41.062 -074.008
10968 +41.037 -073.921
10969 +41.295 -074.488
10970 +41.184 -074.063
10973 +41.381 -074.480
10974 +41.159 -074.190
10975 +41.257 -074.168
10976 +41.023 -073.928
10977 +41.119 -074.048
10979 +41.182 -074.319
10980 +41.239 -074.056
10983 +41.031 -073.948
10984 +41.203 -074.022
10985 +41.577 -074.358
10986 +41.285 -073.999
10987 +41.199 -074.225
10988 +41.301 -074.562
10989 +41.123 -073.938
10990 +41.267 -074.364
10992 +41.426 -074.165
10993 +41.210 -073.974
10994 +41.098 -073.973
10996 +41.394 -073.972
10998 +41.324 -074.541
11001 +40.723 -073.705
11003 +40.699 -073.706
11004 +40.746 -073.712
11005 +40.757 -073.714
11010 +40.701 -073.675
11020 +40.771 -073.715
11021 +40.784 -073.731
11023 +40.799 -073.734
11024 +40.816 -073.743
11030 +40.793 -073.689
11040 +40.745 -073.680
11042 +40.759 -073.697
11050 +40.840 -073.693
11096 +40.621 -073.757
11101 +40.747 -073.940
11102 +40.772 -073.926
11103 +40.763 -073.913
11104 +40.745 -073.920
11105 +40.779 -073.907
11106 +40.762 -073.932
11109 +40.747 -073.957
11201 +40.694 -073.990
11203 +40.650 -073.934
11204 +40.619 -073.985
11205 +40.697 -073.968
11206 +40.702 -073.943
11207 +40.670 -073.894
11208 +40.675 -073.872
11209 +40.622 -074.030
11210 +40.628 -073.946
11211 +40.714 -073.945
11212 +40.663 -073.913
11213 +40.671 -073.936
11214 +40.600 -073.996
11215 +40.663 -073.987
11216 +40.681 -073.949
11217 +40.682 -073.979
11218 +40.643 -073.976
11219 +40.633 -073.997
11220 +40.641 -074.017
11221 +40.691 -073.928
11222 +40.728 -073.948
11223 +40.597 -073.973
11224 +40.577 -073.989
11225 +40.663 -073.954
11226 +40.646 -073.957
11228 +40.617 -074.013
11229 +40.601 -073.944
11230 +40.622 -073.965
11231 +40.678 -074.005
11232 +40.657 -074.005
11233 +40.678 -073.920
11234 +40.608 -073.911
11235 +40.584 -073.943
11236 +40.639 -073.901
11237 +40.704 -073.921
11238 +40.671 -073.966
11239 +40.647 -073.864
11249 +40.705 -073.966
11354 +40.768 -073.827
11355 +40.751 -073.821
11356 +40.785 -073.842
11357 +40.785 -073.810
11358 +40.760 -073.797
11359 +40.792 -073.777
11360 +40.780 -073.782
11361 +40.764 -073.773
11362 +40.760 -073.732
11363 +40.772 -073.746
11364 +40.746 -073.756
11365 +40.740 -073.794
11366 +40.731 -073.780
11367 +40.730 -073.823
11368 +40.750 -073.853
11369 +40.763 -073.872
11370 +40.765 -073.894
11371 +40.774 -073.873
11372 +40.752 -073.884
11373 +40.739 -073.879
11374 +40.726 -073.861
11375 +40.723 -073.843
11377 +40.745 -073.905
11378 +40.725 -073.910
11379 +40.717 -073.881
11385 +40.701 -073.889
11411 +40.694 -073.736
11412 +40.698 -073.759
11413 +40.671 -073.752
11414 +40.658 -073.845
11415 +40.708 -073.828
11416 +40.685 -073.850
11417 +40.676 -073.845
11418 +40.700 -073.836
11419 +40.689 -073.823
11420 +40.674 -073.818
11421 +40.694 -073.859
11422 +40.661 -073.738
11423 +40.716 -073.768
11424 +40.714 -073.828
11426 +40.736 -073.722
11427 +40.731 -073.746
11428 +40.721 -073.742
11429 +40.710 -073.738
11430 +40.647 -073.787
11432 +40.715 -073.793
11433 +40.698 -073.787
11434 +40.678 -073.777
11435 +40.701 -073.810
11436 +40.676 -073.797
11439 +40.722 -073.795
11451 +40.701 -073.796
11501 +40.746 -073.639
11507 +40.771 -073.652
11509 +40.588 -073.729
11510 +40.650 -073.608
11514 +40.750 -073.613
11516 +40.626 -073.727
11518 +40.637 -073.667
11520 +40.649 -073.583
11530 +40.727 -073.637
11542 +40.873 -073.629
11545 +40.826 -073.589
11547 +40.829 -073.645
11548 +40.811 -073.614
11549 +40.719 -073.600
11550 +40.701 -073.621
11552 +40.692 -073.654
11553 +40.705 -073.592
11554 +40.720 -073.559
11556 +40.720 -073.583
11557 +40.636 -073.694
11558 +40.605 -073.649
11559 +40.603 -073.714
11560 +40.881 -073.589
11561 +40.591 -073.645
11563 +40.657 -073.674
11565 +40.675 -073.672
11566 +40.662 -073.556
11568 +40.787 -073.597
11569 +40.590 -073.580
11570 +40.665 -073.639
11572 +40.632 -073.637
11575 +40.680 -073.585
11576 +40.797 -073.647
11577 +40.783 -073.639
11579 +40.844 -073.644
11580 +40.675 -073.702
11581 +40.651 -073.715
11590 +40.755 -073.574
11596 +40.760 -073.642
11598 +40.631 -073.712
11691 +40.602 -073.762
11692 +40.594 -073.792
11693 +40.592 -073.810
11694 +40.575 -073.851
11697 +40.557 -073.914
11701 +40.682 -073.414
11702 +40.636 -073.384
11703 +40.733 -073.325
11704 +40.716 -073.359
11705 +40.743 -073.056
11706 +40.711 -073.243
11709 +40.906 -073.558
11710 +40.672 -073.535
11713 +40.778 -072.943
11714 +40.743 -073.486
11715 +40.751 -073.035
11716 +40.777 -073.135
11717 +40.784 -073.252
11718 +40.716 -073.262
11719 +40.777 -072.908
11720 +40.870 -073.082
11721 +40.902 -073.371
11722 +40.784 -073.197
11724 +40.864 -073.456
11725 +40.841 -073.281
11726 +40.679 -073.394
11727 +40.880 -073.004
11729 +40.761 -073.325
11730 +40.728 -073.185
11731 +40.863 -073.317
11732 +40.842 -073.539
11733 +40.940 -073.113
11735 +40.733 -073.433
11738 +40.838 -073.038
11739 +40.711 -073.166
11740 +40.865 -073.361
11741 +40.795 -073.070
11742 +40.810 -073.042
11743 +40.883 -073.424
11746 +40.814 -073.362
11747 +40.784 -073.409
11749 +40.807 -073.171
11751 +40.730 -073.214
11752 +40.758 -073.174
11753 +40.790 -073.541
11754 +40.886 -073.250
11755 +40.858 -073.117
11756 +40.725 -073.516
11757 +40.689 -073.373
11758 +40.654 -073.457
11762 +40.683 -073.447
11763 +40.825 -072.982
11764 +40.930 -072.973
11765 +40.882 -073.559
11766 +40.939 -073.019
11767 +40.848 -073.146
11768 +40.924 -073.339
11769 +40.735 -073.125
11770 +40.650 -073.140
11771 +40.874 -073.525
11772 +40.762 -072.987
11776 +40.913 -073.046
11777 +40.956 -073.067
11778 +40.948 -072.937
11779 +40.813 -073.114
11780 +40.911 -073.173
11782 +40.737 -073.080
11783 +40.678 -073.490
11784 +40.869 -073.042
11786 +40.951 -072.888
11787 +40.853 -073.211
11788 +40.818 -073.213
11789 +40.962 -072.971
11790 +40.908 -073.127
11791 +40.828 -073.503
11792 +40.955 -072.826
11793 +40.647 -073.511
11794 +40.919 -073.125
11795 +40.709 -073.296
11796 +40.731 -073.099
11797 +40.820 -073.472
11798 +40.753 -073.378
11801 +40.762 -073.524
11803 +40.782 -073.473
11804 +40.758 -073.457
11901 +40.928 -072.648
11930 +40.991 -072.114
11931 +40.933 -072.622
11932 +40.926 -072.305
11933 +40.942 -072.766
11934 +40.802 -072.795
11935 +41.021 -072.487
11937 +40.995 -072.199
11939 +41.139 -072.319
11940 +40.809 -072.757
11941 +40.830 -072.723
11942 +40.849 -072.572
11944 +41.102 -072.373
11946 +40.865 -072.518
11947 +40.943 -072.582
11948 +40.961 -072.550
11949 +40.867 -072.805
11950 +40.806 -072.847
11951 +40.766 -072.837
11952 +41.002 -072.548
11953 +40.893 -072.951
11954 +41.046 -071.949
11955 +40.814 -072.824
11956 +40.991 -072.472
11957 +41.203 -072.117
11958 +41.039 -072.464
11959 +40.830 -072.610
11960 +40.811 -072.706
11961 +40.904 -072.886
11962 +40.931 -072.269
11963 +41.002 -072.320
11964 +41.049 -072.302
11965 +41.083 -072.303
11967 +40.802 -072.878
11968 +40.900 -072.429
11970 +40.942 -072.572
11971 +41.065 -072.429
11972 +40.823 -072.700
11973 +40.866 -072.887
11975 +40.948 -072.250
11976 +40.929 -072.347
11977 +40.828 -072.679
11978 +40.826 -072.638
11980 +40.832 -072.925
12007 +42.506 -073.935
12008 +42.853 -073.907
12009 +42.698 -074.035
12010 +42.938 -074.173
12015 +42.292 -073.822
12017 +42.321 -073.456
12018 +42.629 -073.521
12019 +42.934 -073.882
12020 +43.002 -073.870
12022 +42.667 -073.334
12023 +42.599 -074.183
12024 +42.481 -073.534
12025 +43.091 -074.122
12027 +42.921 -073.908
12028 +42.945 -073.441
12029 +42.416 -073.425
12031 +42.766 -074.466
12032 +43.288 -074.591
12033 +42.533 -073.700
12035 +42.734 -074.372
12036 +42.533 -074.689
12037 +42.339 -073.566
12040 +42.631 -073.359
12041 +42.544 -073.980
12042 +42.353 -073.884
12043 +42.694 -074.531
12045 +42.480 -073.797
12046 +42.509 -073.917
12047 +42.784 -073.726
12051 +42.346 -073.838
12052 +42.757 -073.480
12053 +42.757 -074.191
12054 +42.605 -073.866
12056 +42.765 -074.100
12057 +42.971 -073.336
12058 +42.344 -073.918
12059 +42.619 -074.061
12060 +42.411 -073.505
12061 +42.599 -073.657
12062 +42.539 -073.505
12063 +42.567 -073.640
12064 +42.579 -074.646
12065 +42.852 -073.786
12066 +42.781 -074.304
12067 +42.557 -073.920
12068 +42.956 -074.402
12069 +42.946 -074.280
12070 +42.986 -074.263
12071 +42.570 -074.415
12072 +42.885 -074.357
12074 +43.051 -074.053
12075 +42.305 -073.641
12076 +42.400 -074.391
12077 +42.588 -073.778
12078 +43.134 -074.340
12082 +42.770 -073.447
12083 +42.425 -074.027
12084 +42.705 -073.899
12085 +42.701 -073.967
12086 +42.996 -074.109
12087 +42.432 -073.893
12090 +42.877 -073.352
12092 +42.706 -074.380
12093 +42.498 -074.628
12094 +42.890 -073.486
12095 +43.035 -074.424
12106 +42.389 -073.714
12108 +43.468 -074.435
12110 +42.751 -073.776
12115 +42.468 -073.602
12116 +42.539 -074.911
12117 +43.167 -074.261
12118 +42.921 -073.717
12120 +42.465 -074.135
12121 +42.840 -073.607
12122 +42.542 -074.326
12123 +42.522 -073.606
12124 +42.449 -073.789
12125 +42.485 -073.400
12130 +42.442 -073.658
12131 +42.453 -074.464
12132 +42.471 -073.634
12134 +43.262 -074.228
12136 +42.420 -073.565
12137 +42.860 -074.133
12138 +42.749 -073.370
12139 +43.500 -074.580
12140 +42.682 -073.572
12143 +42.492 -073.843
12144 +42.628 -073.718
12147 +42.519 -074.159
12148 +42.828 -073.848
12149 +42.618 -074.571
12150 +42.881 -074.053
12151 +42.923 -073.781
12153 +42.632 -073.472
12154 +42.937 -073.606
12155 +42.596 -074.828
12156 +42.484 -073.747
12157 +42.670 -074.286
12158 +42.533 -073.814
12159 +42.651 -073.886
12160 +42.763 -074.364
12161 +42.534 -073.846
12164 +43.648 -074.452
12165 +42.315 -073.508
12166 +42.845 -074.460
12167 +42.423 -074.599
12168 +42.574 -073.371
12169 +42.593 -073.448
12170 +43.002 -073.667
12172 +42.289 -073.739
12173 +42.395 -073.755
12174 +42.353 -073.728
12175 +42.559 -074.560
12176 +42.385 -073.966
12177 +42.951 -074.287
12180 +42.749 -073.600
12182 +42.801 -073.627
12183 +42.748 -073.692
12184 +42.420 -073.653
12185 +42.863 -073.554
12186 +42.633 -073.977
12187 +42.628 -074.464
12188 +42.821 -073.696
12189 +42.736 -073.718
12190 +43.476 -074.285
12192 +42.401 -073.825
12193 +42.523 -074.043
12194 +42.538 -074.454
12195 +42.479 -073.465
12196 +42.632 -073.614
12197 +42.610 -074.725
12198 +42.673 -073.634
12202 +42.635 -073.760
12203 +42.683 -073.849
12204 +42.692 -073.734
12205 +42.719 -073.824
12206 +42.674 -073.782
12207 +42.655 -073.748
12208 +42.653 -073.810
12209 +42.639 -073.790
12210 +42.656 -073.755
12211 +42.710 -073.763
12222 +42.685 -073.823
12226 +42.679 -073.810
12302 +42.878 -073.983
12303 +42.749 -073.930
12304 +42.775 -073.898
12305 +42.812 -073.950
12306 +42.805 -074.044
12307 +42.805 -073.933
12308 +42.821 -073.921
12309 +42.800 -073.865
12401 +41.988 -074.010
12404 +41.819 -074.236
12405 +42.307 -074.101
12406 +42.095 -074.576
12407 +42.297 -074.362
12409 +42.055 -074.165
12410 +42.066 -074.425
12411 +41.879 -074.040
12412 +42.012 -074.277
12413 +42.308 -074.025
12414 +42.235 -073.924
12416 +42.096 -074.279
12417 +41.906 -073.991
12418 +42.359 -074.161
12419 +41.861 -074.102
12420 +41.675 -074.394
12421 +42.257 -074.535
12422 +42.392 -074.213
12423 +42.380 -074.111
12424 +42.248 -074.116
12427 +42.151 -074.124
12428 +41.734 -074.457
12429 +41.833 -073.961
12430 +42.201 -074.499
12431 +42.362 -074.024
12432 +42.047 -073.944
12433 +42.005 -074.155
12434 +42.362 -074.509
12435 +41.722 -074.502
12436 +42.213 -074.078
12438 +42.210 -074.601
12439 +42.278 -074.210
12440 +41.781 -074.173
12441 +42.151 -074.504
12442 +42.227 -074.244
12443 +41.935 -074.085
12444 +42.247 -074.291
12446 +41.790 -074.314
12448 +42.080 -074.201
12449 +41.992 -073.994
12450 +42.142 -074.223
12451 +42.305 -073.948
12452 +42.237 -074.359
12453 +42.093 -073.936
12454 +42.287 -074.150
12455 +42.149 -074.662
12456 +42.033 -073.997
12457 +42.040 -074.247
12458 +41.823 -074.432
12459 +42.240 -074.679
12460 +42.429 -074.169
12461 +41.909 -074.248
12463 +42.192 -074.009
12464 +42.065 -074.346
12465 +42.157 -074.460
12466 +41.907 -073.978
12468 +42.299 -074.401
12469 +42.449 -074.246
12470 +42.285 -074.078
12471 +41.838 -074.042
12472 +41.849 -074.067
12473 +42.261 -074.031
12474 +42.285 -074.588
12475 +42.014 -074.013
12477 +42.093 -073.988
12480 +42.135 -074.391
12481 +41.977 -074.228
12482 +42.268 -073.956
12483 +41.675 -074.455
12484 +41.862 -074.177
12485 +42.207 -074.162
12486 +41.832 -074.064
12487 +41.869 -073.999
12489 +41.754 -074.352
12490 +42.123 -073.924
12491 +41.965 -074.141
12492 +42.188 -074.335
12493 +41.795 -073.972
12494 +41.949 -074.302
12495 +42.083 -074.246
12496 +42.338 -074.270
12498 +42.046 -074.110
12501 +41.853 -073.558
12502 +42.087 -073.665
12503 +42.036 -073.580
12504 +42.023 -073.909
12507 +42.009 -073.917
12508 +41.496 -073.954
12512 +41.555 -073.962
12513 +42.219 -073.720
12514 +41.877 -073.764
12515 +41.680 -074.065
12516 +42.108 -073.551
12517 +42.128 -073.509
12518 +41.416 -074.043
12520 +41.428 -073.996
12521 +42.171 -073.650
12522 +41.720 -073.598
12523 +42.087 -073.760
12524 +41.533 -073.885
12525 +41.686 -074.192
12526 +42.122 -073.859
12527 +41.519 -073.937
12528 +41.714 -073.995
12529 +42.196 -073.543
12530 +42.207 -073.684
12531 +41.541 -073.672
12533 +41.560 -073.787
12534 +42.226 -073.754
12538 +41.792 -073.894
12540 +41.671 -073.725
12542 +41.614 -074.015
12543 +41.486 -074.224
12544 +42.261 -073.668
12545 +41.791 -073.677
12546 +41.948 -073.524
12547 +41.661 -073.987
12548 +41.658 -074.102
12549 +41.528 -074.259
12550 +41.540 -074.057
12553 +41.460 -074.072
12561 +41.764 -074.089
12563 +41.499 -073.587
12564 +41.583 -073.583
12565 +42.249 -073.647
12566 +41.634 -074.320
12567 +41.985 -073.654
12569 +41.735 -073.793
12570 +41.634 -073.672
12571 +42.003 -073.810
12572 +41.925 -073.864
12574 +41.918 -073.946
12575 +41.486 -074.159
12577 +41.421 -074.117
12578 +41.806 -073.798
12580 +41.864 -073.872
12581 +41.902 -073.701
12582 +41.543 -073.725
12583 +42.060 -073.884
12585 +41.726 -073.692
12586 +41.565 -074.172
12589 +41.624 -074.159
12590 +41.596 -073.889
12592 +41.784 -073.549
12594 +41.658 -073.573
12601 +41.708 -073.911
12603 +41.676 -073.864
12604 +41.688 -073.894
12701 +41.650 -074.699
12719 +41.486 -074.892
12720 +41.646 -074.901
12721 +41.567 -074.427
12722 +41.590 -074.375
12723 +41.753 -074.988
12724 +41.860 -074.937
12725 +41.983 -074.570
12726 +41.695 -074.966
12729 +41.490 -074.613
12732 +41.555 -074.874
12733 +41.739 -074.614
12734 +41.735 -074.750
12736 +41.853 -075.019
12737 +41.501 -074.799
12738 +41.666 -074.597
12740 +41.939 -074.434
12741 +41.839 -075.078
12742 +41.723 -074.716
12743 +41.535 -074.840
12745 +41.785 -075.026
12746 +41.439 -074.652
12747 +41.751 -074.642
12748 +41.775 -074.915
12749 +41.695 -074.831
12750 +41.739 -074.967
12751 +41.688 -074.662
12752 +41.681 -074.985
12754 +41.798 -074.737
12758 +41.940 -074.739
12759 +41.786 -074.661
12760 +41.904 -075.108
12762 +41.661 -074.792
12763 +41.682 -074.510
12764 +41.592 -074.996
12765 +41.852 -074.621
12766 +41.815 -074.979
12767 +41.833 -075.003
12768 +41.864 -074.730
12769 +41.659 -074.471
12770 +41.447 -074.841
12771 +41.375 -074.632
12775 +41.621 -074.582
12776 +41.963 -074.958
12777 +41.562 -074.710
12778 +41.662 -074.814
12779 +41.691 -074.624
12780 +41.440 -074.727
12781 +41.614 -074.472
12783 +41.739 -074.834
12784 +41.667 -074.612
12785 +41.550 -074.586
12786 +41.639 -074.858
12787 +41.795 -074.845
12788 +41.795 -074.591
12789 +41.718 -074.580
12790 +41.563 -074.527
12791 +41.817 -074.893
12792 +41.514 -074.960
12801 +43.311 -073.645
12803 +43.288 -073.632
12804 +43.337 -073.683
12808 +43.750 -073.747
12809 +43.242 -073.472
12810 +43.492 -073.986
12811 +43.558 -074.078
12812 +43.876 -074.390
12814 +43.632 -073.633
12815 +43.701 -073.692
12816 +43.044 -073.382
12817 +43.640 -073.824
12819 +43.591 -073.469
12820 +43.460 -073.641
12821 +43.454 -073.423
12822 +43.229 -073.922
12823 +43.180 -073.409
12824 +43.524 -073.711
12827 +43.442 -073.531
12828 +43.255 -073.559
12831 +43.195 -073.692
12832 +43.358 -073.330
12833 +43.150 -073.841
12834 +43.098 -073.505
12835 +43.333 -074.006
12836 +43.712 -073.606
12837 +43.476 -073.256
12838 +43.330 -073.406
12839 +43.354 -073.554
12841 +43.577 -073.509
12842 +43.720 -074.280
12843 +43.594 -073.982
12844 +43.485 -073.654
12845 +43.428 -073.711
12846 +43.346 -073.789
12847 +43.966 -074.635
12849 +43.442 -073.300
12850 +43.103 -073.981
12851 +43.855 -074.118
12852 +43.988 -074.133
12853 +43.662 -074.064
12854 +43.450 -073.328
12855 +44.027 -073.758
12856 +43.666 -074.143
12857 +43.833 -073.947
12858 +43.878 -073.703
12859 +43.155 -073.905
12860 +43.722 -073.814
12861 +43.747 -073.418
12862 +43.688 -073.932
12863 +43.060 -073.932
12864 +43.727 -074.305
12865 +43.214 -073.347
12866 +43.074 -073.740
12870 +43.839 -073.766
12871 +43.091 -073.604
12872 +43.884 -073.723
12873 +43.117 -073.312
12874 +43.691 -073.550
12878 +43.438 -074.064
12883 +43.836 -073.553
12884 +43.088 -073.592
12885 +43.529 -073.836
12886 +43.635 -073.931
12887 +43.537 -073.366
12901 +44.709 -073.474
12903 +44.657 -073.463
12910 +44.857 -073.608
12911 +44.535 -073.468
12912 +44.481 -073.772
12913 +44.430 -074.002
12914 +44.934 -074.594
12915 +44.853 -074.035
12916 +44.838 -074.525
12917 +44.925 -074.174
12918 +44.691 -073.675
12919 +44.960 -073.450
12920 +44.891 -074.057
12921 +44.894 -073.432
12922 +44.368 -074.814
12923 +44.945 -073.958
12924 +44.480 -073.583
12926 +44.951 -074.329
12927 +44.207 -074.810
12928 +43.964 -073.583
12929 +44.720 -073.719
12930 +44.728 -074.540
12932 +44.214 -073.609
12933 +44.891 -073.845
12934 +44.812 -073.865
12935 +44.845 -073.797
12936 +44.285 -073.401
12937 +44.955 -074.488
12939 +44.433 -074.161
12941 +44.355 -073.700
12942 +44.261 -073.797
12943 +44.123 -073.883
12944 +44.433 -073.533
12945 +44.309 -074.240
12946 +44.207 -074.046
12950 +44.318 -073.581
12952 +44.711 -073.904
12953 +44.745 -074.260
12955 +44.780 -073.944
12956 +44.098 -073.481
12957 +44.854 -074.577
12958 +44.954 -073.573
12959 +44.952 -073.720
12960 +44.016 -073.572
12961 +44.061 -073.588
12962 +44.709 -073.577
12964 +44.132 -073.634
12965 +44.706 -074.684
12966 +44.793 -074.425
12967 +44.761 -074.661
12969 +44.711 -074.098
12970 +44.446 -074.337
12972 +44.562 -073.560
12973 +44.284 -074.569
12974 +44.060 -073.465
12975 +44.530 -073.431
12976 +44.504 -074.230
12977 +44.297 -074.099
12978 +44.613 -073.790
12979 +44.989 -073.372
12980 +44.564 -074.524
12981 +44.627 -073.846
12983 +44.348 -074.143
12985 +44.561 -073.739
12986 +44.224 -074.433
12987 +44.364 -073.759
12989 +44.539 -074.061
12992 +44.818 -073.516
12993 +44.194 -073.489
12996 +44.355 -073.448
12997 +44.373 -073.892
12998 +44.091 -073.604
13020 +42.816 -076.075
13021 +42.918 -076.555
13024 +42.935 -076.574
13026 +42.744 -076.652
13027 +43.172 -076.356
13028 +43.303 -075.933
13029 +43.226 -076.151
13030 +43.159 -075.964
13031 +43.045 -076.307
13032 +43.082 -075.766
13033 +43.188 -076.573
13034 +42.957 -076.708
13035 +42.941 -075.830
13036 +43.324 -076.189
13037 +43.068 -075.855
13039 +43.172 -076.056
13040 +42.560 -075.931
13041 +43.192 -076.192
13042 +43.260 -075.853
13044 +43.305 -075.993
13045 +42.585 -076.191
13051 +42.883 -075.910
13052 +42.734 -075.869
13053 +42.480 -076.268
13054 +43.169 -075.667
13057 +43.102 -076.038
13060 +43.023 -076.412
13061 +42.859 -075.745
13062 +42.481 -076.386
13063 +42.848 -075.978
13065 +42.819 -076.816
13066 +43.032 -076.001
13068 +42.492 -076.359
13069 +43.329 -076.381
13071 +42.675 -076.543
13072 +42.761 -075.752
13073 +42.584 -076.388
13074 +43.311 -076.550
13076 +43.354 -076.149
13077 +42.728 -076.211
13078 +42.958 -076.061
13080 +43.093 -076.485
13081 +42.674 -076.627
13082 +43.103 -075.960
13083 +43.646 -075.982
13084 +42.881 -076.124
13087 +42.697 -076.170
13088 +43.108 -076.190
13090 +43.153 -076.212
13092 +42.652 -076.426
13101 +42.613 -076.066
13102 +42.550 -076.292
13103 +43.327 -076.105
13104 +42.963 -075.948
13108 +42.965 -076.331
13110 +42.889 -076.290
13111 +43.258 -076.614
13112 +43.106 -076.417
13113 +43.164 -076.535
13114 +43.466 -076.243
13115 +43.394 -076.475
13116 +43.075 -076.008
13117 +43.008 -076.708
13118 +42.755 -076.401
13119 +42.977 -076.445
13120 +42.945 -076.164
13121 +43.485 -076.310
13122 +42.838 -075.862
13123 +43.228 -075.753
13124 +42.661 -075.824
13126 +43.439 -076.457
13131 +43.423 -076.092
13132 +43.272 -076.251
13134 +42.967 -075.685
13135 +43.254 -076.314
13136 +42.607 -075.854
13138 +42.899 -076.015
13140 +43.060 -076.650
13141 +42.752 -076.186
13142 +43.556 -076.138
13143 +43.230 -076.717
13144 +43.569 -075.977
13145 +43.652 -076.123
13146 +43.101 -076.757
13147 +42.775 -076.570
13148 +42.921 -076.778
13152 +42.905 -076.382
13153 +42.995 -076.455
13154 +43.134 -076.762
13155 +42.675 -075.777
13156 +43.326 -076.661
13157 +43.202 -075.725
13158 +42.717 -075.973
13159 +42.801 -076.118
13160 +42.828 -076.649
13162 +43.186 -075.721
13163 +43.079 -075.707
13164 +43.097 -076.313
13165 +42.911 -076.879
13166 +43.079 -076.565
13167 +43.326 -076.060
13202 +43.044 -076.151
13203 +43.061 -076.135
13204 +43.052 -076.178
13205 +43.005 -076.142
13206 +43.074 -076.106
13207 +43.013 -076.163
13208 +43.079 -076.145
13209 +43.081 -076.236
13210 +43.031 -076.126
13211 +43.103 -076.120
13212 +43.129 -076.130
13214 +43.041 -076.077
13215 +42.981 -076.223
13219 +43.039 -076.223
13224 +43.039 -076.103
13244 +43.023 -076.123
13290 +43.069 -076.173
13301 +43.423 -075.216
13302 +43.498 -075.965
13303 +43.367 -075.468
13304 +43.240 -075.157
13305 +43.895 -075.431
13308 +43.251 -075.658
13309 +43.477 -075.343
13310 +42.890 -075.572
13312 +43.692 -075.205
13313 +42.879 -075.245
13314 +42.828 -075.301
13315 +42.739 -075.136
13316 +43.419 -075.740
13317 +42.850 -074.586
13318 +42.922 -075.260
13319 +43.027 -075.266
13320 +42.778 -074.741
13321 +43.089 -075.372
13322 +42.977 -075.198
13323 +43.040 -075.379
13324 +43.319 -074.917
13325 +43.583 -075.544
13326 +42.723 -074.895
13327 +43.973 -075.263
13328 +42.983 -075.428
13329 +43.107 -074.708
13331 +43.822 -075.040
13332 +42.764 -075.582
13333 +42.825 -074.828
13334 +42.831 -075.663
13335 +42.702 -075.248
13337 +42.758 -075.000
13338 +43.528 -074.987
13339 +42.937 -074.659
13340 +43.062 -075.129
13342 +42.644 -075.192
13343 +43.751 -075.309
13345 +43.687 -075.323
13346 +42.821 -075.546
13348 +42.707 -075.057
13350 +43.061 -074.986
13352 +43.309 -075.127
13353 +43.447 -074.695
13354 +43.264 -075.279
13355 +42.810 -075.422
13357 +42.971 -075.081
13360 +43.722 -074.714
13361 +42.898 -074.866
13363 +43.337 -075.513
13364 +42.805 -075.261
13365 +43.098 -074.848
13367 +43.733 -075.537
13368 +43.644 -075.334
13402 +42.902 -075.510
13403 +43.165 -075.268
13404 +43.738 -075.481
13406 +43.141 -074.918
13407 +42.965 -074.944
13408 +42.919 -075.664
13409 +42.976 -075.591
13410 +42.929 -074.611
13411 +42.634 -075.306
13413 +43.062 -075.276
13415 +42.597 -075.197
13416 +43.187 -074.971
13417 +43.100 -075.294
13418 +42.846 -075.380
13420 +43.655 -075.013
13421 +43.062 -075.660
13424 +43.152 -075.363
13425 +42.963 -075.487
13428 +42.922 -074.529
13431 +43.209 -075.073
13433 +43.595 -075.249
13435 +43.302 -075.153
13436 +43.780 -074.659
13437 +43.580 -075.804
13438 +43.354 -075.160
13439 +42.855 -074.997
13440 +43.218 -075.459
13441 +43.227 -075.408
13450 +42.703 -074.813
13452 +43.043 -074.630
13454 +43.170 -074.758
13455 +42.918 -075.377
13456 +43.001 -075.259
13457 +42.775 -075.037
13459 +42.775 -074.589
13460 +42.688 -075.442
13461 +43.071 -075.599
13464 +42.688 -075.616
13468 +42.850 -074.874
13469 +43.215 -075.302
13470 +43.209 -074.666
13471 +43.378 -075.611
13472 +43.697 -075.068
13473 +43.644 -075.445
13475 +42.888 -074.812
13476 +43.088 -075.510
13477 +43.036 -075.514
13478 +43.144 -075.582
13480 +42.918 -075.363
13482 +42.695 -075.168
13483 +43.406 -075.815
13484 +42.854 -075.655
13485 +42.788 -075.315
13486 +43.357 -075.337
13488 +42.674 -074.768
13489 +43.467 -075.522
13490 +43.106 -075.430
13491 +42.864 -075.168
13492 +43.115 -075.338
13493 +43.433 -075.898
13494 +43.535 -075.152
13495 +43.111 -075.278
13501 +43.081 -075.226
13502 +43.141 -075.155
13601 +43.969 -075.910
13602 +44.050 -075.749
13603 +44.030 -075.804
13605 +43.807 -076.050
13606 +43.870 -076.016
13607 +44.332 -075.910
13608 +44.261 -075.614
13611 +43.770 -076.131
13612 +43.985 -075.769
13613 +44.843 -074.749
13614 +44.531 -075.692
13615 +44.005 -075.983
13616 +44.030 -075.858
13617 +44.581 -075.143
13618 +44.115 -076.291
13619 +43.977 -075.592
13620 +43.909 -075.448
13621 +44.839 -075.062
13622 +44.096 -076.115
13623 +44.449 -075.753
13624 +44.229 -076.094
13625 +44.543 -074.910
13626 +43.854 -075.719
13628 +44.039 -075.683
13630 +44.499 -075.312
13632 +44.127 -076.068
13633 +44.484 -075.499
13634 +44.015 -076.072
13635 +44.287 -075.281
13636 +43.741 -076.128
13637 +44.104 -075.843
13638 +44.020 -075.754
13639 +44.264 -075.151
13640 +44.333 -075.990
13641 +44.270 -076.006
13642 +44.327 -075.468
13643 +44.032 -075.718
13645 +44.309 -075.447
13646 +44.444 -075.692
13647 +44.602 -074.993
13648 +44.151 -075.304
13649 +44.912 -074.700
13650 +43.811 -076.216
13651 +43.866 -076.177
13652 +44.435 -075.214
13654 +44.572 -075.488
13655 +44.979 -074.643
13656 +44.193 -075.955
13658 +44.748 -075.271
13659 +43.738 -075.863
13660 +44.774 -075.161
13661 +43.710 -076.098
13662 +44.937 -074.894
13664 +44.584 -075.645
13665 +44.048 -075.434
13666 +44.219 -074.948
13667 +44.803 -075.020
13668 +44.755 -074.986
13669 +44.659 -075.492
13670 +44.187 -075.100
13672 +44.471 -074.661
13673 +44.181 -075.726
13674 +43.737 -076.052
13675 +44.277 -075.844
13676 +44.655 -074.910
13678 +44.832 -074.968
13679 +44.326 -075.765
13680 +44.594 -075.329
13681 +44.428 -075.373
13682 +43.843 -075.902
13683 +44.974 -074.735
13684 +44.357 -075.013
13685 +43.925 -076.086
13687 +44.439 -074.838
13690 +44.137 -075.014
13691 +44.232 -075.771
13692 +44.289 -076.026
13693 +43.986 -076.246
13694 +44.859 -075.171
13695 +44.103 -074.922
13696 +44.704 -074.890
13697 +44.755 -074.810
13699 +44.664 -074.998
13730 +42.232 -075.533
13731 +42.130 -074.788
13732 +42.049 -076.168
13733 +42.302 -075.480
13734 +42.070 -076.410
13736 +42.324 -076.193
13738 +42.562 -076.120
13739 +42.349 -074.789
13740 +42.274 -074.757
13743 +42.212 -076.338
13744 +42.243 -075.908
13746 +42.237 -075.863
13747 +42.490 -074.982
13748 +42.043 -075.823
13750 +42.478 -074.836
13751 +42.458 -074.875
13752 +42.173 -074.903
13753 +42.307 -074.927
13754 +42.088 -075.448
13755 +42.071 -075.024
13756 +42.004 -075.101
13757 +42.432 -074.838
13760 +42.133 -076.085
13774 +41.959 -075.185
13775 +42.328 -075.134
13776 +42.471 -075.341
13777 +42.259 -075.987
13778 +42.359 -075.759
13780 +42.422 -075.477
13782 +42.170 -074.991
13783 +41.987 -075.271
13784 +42.435 -076.218
13786 +42.445 -074.703
13787 +42.218 -075.677
13788 +42.339 -074.666
13790 +42.165 -076.002
13795 +42.056 -075.779
13796 +42.557 -075.132
13797 +42.334 -076.040
13801 +42.505 -075.777
13802 +42.242 -076.041
13803 +42.458 -076.054
13804 +42.226 -075.384
13806 +42.381 -074.976
13807 +42.617 -074.973
13808 +42.525 -075.262
13809 +42.408 -075.391
13810 +42.607 -075.108
13811 +42.235 -076.164
13812 +42.030 -076.355
13813 +42.181 -075.550
13814 +42.617 -075.526
13815 +42.547 -075.534
13820 +42.483 -075.037
13825 +42.436 -075.205
13826 +42.092 -075.634
13827 +42.118 -076.249
13830 +42.443 -075.645
13832 +42.655 -075.663
13833 +42.198 -075.762
13834 +42.551 -074.967
13835 +42.383 -076.179
13838 +42.289 -075.396
13839 +42.240 -075.259
13841 +42.407 -075.840
13842 +42.368 -074.722
13843 +42.556 -075.349
13844 +42.606 -075.690
13846 +42.364 -075.055
13847 +42.204 -075.278
13849 +42.341 -075.322
13850 +42.049 -076.018
13856 +42.171 -075.183
13859 +42.371 -075.249
13860 +42.458 -074.946
13861 +42.505 -075.139
13862 +42.331 -075.931
13863 +42.435 -075.906
13864 +42.275 -076.390
13865 +42.059 -075.625
13901 +42.183 -075.876
13902 +42.089 -075.969
13903 +42.042 -075.889
13904 +42.134 -075.820
13905 +42.170 -075.943
14001 +43.037 -078.511
14004 +42.891 -078.504
14005 +42.921 -078.250
14006 +42.633 -079.022
14008 +43.313 -078.623
14009 +42.593 -078.397
14011 +42.831 -078.300
14012 +43.332 -078.533
14013 +43.076 -078.394
14020 +42.996 -078.213
14024 +42.581 -078.245
14025 +42.623 -078.726
14026 +42.942 -078.688
14027 +42.594 -079.021
14028 +43.315 -078.717
14029 +42.473 -078.263
14030 +42.560 -078.490
14031 +42.983 -078.614
14032 +43.046 -078.632
14033 +42.660 -078.684
14034 +42.501 -078.865
14035 +42.491 -078.859
14036 +42.974 -078.390
14037 +42.803 -078.453
14039 +42.851 -078.178
14040 +42.882 -078.378
14041 +42.400 -078.977
14042 +42.476 -078.489
14043 +42.901 -078.705
14047 +42.687 -078.987
14048 +42.487 -079.314
14051 +43.043 -078.699
14052 +42.773 -078.584
14054 +42.909 -078.128
14055 +42.563 -078.600
14056 +42.992 -078.307
14057 +42.647 -078.875
14058 +43.102 -078.169
14059 +42.834 -078.634
14060 +42.442 -078.316
14061 +42.591 -079.089
14062 +42.451 -079.153
14063 +42.409 -079.331
14065 +42.485 -078.313
14066 +42.629 -078.185
14067 +43.212 -078.556
14068 +43.029 -078.759
14069 +42.600 -078.638
14070 +42.420 -078.918
14072 +43.018 -078.963
14075 +42.713 -078.830
14080 +42.635 -078.561
14081 +42.563 -079.068
14082 +42.657 -078.385
14083 +42.679 -078.434
14085 +42.714 -078.928
14086 +42.906 -078.629
14091 +42.538 -078.893
14092 +43.173 -078.993
14094 +43.158 -078.702
14098 +43.335 -078.378
14101 +42.393 -078.538
14102 +42.843 -078.555
14103 +43.211 -078.377
14105 +43.180 -078.487
14108 +43.264 -078.727
14109 +43.137 -079.035
14111 +42.585 -078.895
14112 +42.698 -078.940
14113 +42.661 -078.323
14120 +43.079 -078.843
14125 +43.085 -078.275
14126 +43.336 -078.729
14127 +42.753 -078.740
14129 +42.481 -079.017
14130 +42.553 -078.150
14131 +43.239 -078.900
14132 +43.148 -078.879
14134 +42.531 -078.517
14135 +42.485 -079.244
14136 +42.517 -079.175
14138 +42.383 -079.053
14139 +42.718 -078.541
14141 +42.525 -078.712
14143 +42.977 -078.076
14145 +42.734 -078.428
14150 +42.998 -078.878
14166 +42.451 -079.416
14167 +42.748 -078.323
14168 +42.512 -078.987
14169 +42.765 -078.529
14170 +42.700 -078.674
14171 +42.425 -078.650
14172 +43.273 -078.813
14173 +42.526 -078.473
14174 +43.249 -078.998
14201 +42.898 -078.888
14202 +42.881 -078.877
14203 +42.861 -078.864
14204 +42.882 -078.862
14206 +42.881 -078.810
14207 +42.952 -078.899
14208 +42.915 -078.851
14209 +42.914 -078.866
14210 +42.863 -078.829
14211 +42.907 -078.820
14212 +42.895 -078.820
14213 +42.917 -078.892
14214 +42.940 -078.841
14215 +42.935 -078.810
14216 +42.950 -078.862
14217 +42.972 -078.877
14218 +42.819 -078.829
14219 +42.789 -078.826
14220 +42.846 -078.822
14221 +42.984 -078.723
14222 +42.920 -078.877
14223 +42.973 -078.846
14224 +42.838 -078.748
14225 +42.929 -078.750
14226 +42.970 -078.798
14227 +42.884 -078.747
14228 +43.044 -078.777
14260 +43.002 -078.791
14261 +42.997 -078.792
14301 +43.097 -079.037
14302 +43.094 -079.049
14303 +43.084 -079.037
14304 +43.105 -078.948
14305 +43.123 -079.023
14411 +43.236 -078.216
14413 +43.223 -076.971
14414 +42.891 -077.744
14415 +42.756 -077.017
14416 +43.083 -077.980
14418 +42.604 -077.216
14420 +43.214 -077.929
14422 +43.085 -078.067
14423 +42.938 -077.835
14424 +42.856 -077.303
14425 +42.990 -077.337
14427 +42.615 -078.051
14428 +43.081 -077.854
14432 +42.956 -077.141
14433 +43.077 -076.879
14435 +42.713 -077.663
14437 +42.570 -077.734
14441 +42.686 -076.958
14445 +43.113 -077.490
14450 +43.092 -077.420
14453 +43.016 -077.474
14454 +42.803 -077.767
14456 +42.848 -076.999
14462 +42.687 -077.751
14463 +42.795 -077.069
14464 +43.326 -077.939
14466 +42.776 -077.577
14467 +43.036 -077.612
14468 +43.294 -077.802
14469 +42.878 -077.471
14470 +43.205 -078.058
14471 +42.743 -077.491
14472 +42.965 -077.583
14475 +42.937 -077.498
14476 +43.329 -078.043
14477 +43.336 -078.133
14478 +42.580 -077.128
14479 +43.236 -078.304
14480 +42.838 -077.707
14481 +42.772 -077.916
14482 +42.967 -077.972
14485 +42.883 -077.601
14486 +42.893 -077.923
14487 +42.808 -077.640
14489 +43.090 -076.994
14502 +43.097 -077.335
14504 +42.968 -077.233
14505 +43.159 -077.174
14506 +43.002 -077.505
14507 +42.685 -077.255
14510 +42.696 -077.867
14511 +42.999 -077.892
14512 +42.645 -077.400
14513 +43.076 -077.101
14514 +43.079 -077.811
14515 +43.253 -077.732
14516 +43.198 -076.911
14517 +42.592 -077.897
14519 +43.234 -077.315
14521 +42.677 -076.805
14522 +43.060 -077.220
14525 +42.878 -078.013
14526 +43.151 -077.444
14527 +42.666 -077.063
14529 +42.538 -077.644
14530 +42.740 -077.999
14532 +42.964 -077.032
14533 +42.847 -077.883
14534 +43.057 -077.521
14536 +42.538 -078.079
14537 +43.035 -077.156
14539 +42.834 -077.875
14541 +42.765 -076.849
14542 +43.153 -076.876
14543 +42.984 -077.679
14544 +42.756 -077.240
14545 +42.662 -077.711
14546 +43.033 -077.780
14548 +42.975 -077.243
14549 +42.697 -078.022
14550 +42.680 -078.093
14551 +43.218 -077.049
14555 +43.268 -076.978
14556 +42.679 -077.832
14557 +43.043 -078.068
14559 +43.190 -077.819
14560 +42.691 -077.583
14561 +42.822 -077.131
14564 +42.987 -077.434
14568 +43.144 -077.286
14569 +42.750 -078.169
14571 +43.342 -078.252
14572 +42.565 -077.563
14580 +43.217 -077.445
14585 +42.906 -077.553
14586 +43.042 -077.690
14588 +42.680 -076.870
14589 +43.239 -077.169
14590 +43.245 -076.832
14591 +42.832 -078.107
14592 +42.869 -077.891
14604 +43.157 -077.605
14605 +43.168 -077.600
14606 +43.171 -077.698
14607 +43.151 -077.587
14608 +43.154 -077.623
14609 +43.177 -077.552
14610 +43.141 -077.545
14611 +43.148 -077.647
14612 +43.264 -077.673
14613 +43.182 -077.640
14614 +43.158 -077.615
14615 +43.201 -077.655
14616 +43.234 -077.658
14617 +43.226 -077.587
14618 +43.115 -077.555
14619 +43.136 -077.649
14620 +43.128 -077.604
14621 +43.190 -077.604
14622 +43.214 -077.551
14623 +43.087 -077.642
14624 +43.128 -077.731
14625 +43.150 -077.506
14626 +43.214 -077.712
14627 +43.129 -077.630
14642 +43.123 -077.625
14701 +42.078 -079.259
14706 +42.106 -078.528
14707 +42.083 -078.062
14708 +42.019 -078.064
14709 +42.356 -077.982
14710 +42.088 -079.420
14711 +42.318 -078.128
14712 +42.184 -079.362
14714 +42.290 -078.241
14715 +42.077 -078.145
14716 +42.381 -079.437
14717 +42.362 -078.180
14718 +42.346 -079.288
14719 +42.342 -078.876
14720 +42.109 -079.280
14721 +42.017 -078.268
14722 +42.210 -079.469
14723 +42.318 -079.157
14724 +42.046 -079.670
14726 +42.254 -079.020
14727 +42.214 -078.293
14728 +42.273 -079.411
14729 +42.408 -078.744
14731 +42.307 -078.656
14732 +42.219 -079.107
14733 +42.160 -079.172
14735 +42.453 -078.096
14736 +42.137 -079.746
14737 +42.329 -078.429
14738 +42.053 -079.058
14739 +42.187 -078.157
14740 +42.223 -079.181
14741 +42.220 -078.612
14742 +42.119 -079.309
14743 +42.212 -078.410
14744 +42.428 -078.207
14747 +42.154 -079.095
14748 +42.157 -078.643
14750 +42.079 -079.328
14752 +42.352 -079.320
14753 +42.044 -078.636
14754 +42.022 -078.202
14755 +42.229 -078.816
14756 +42.197 -079.424
14757 +42.238 -079.505
14760 +42.073 -078.418
14767 +42.057 -079.514
14769 +42.386 -079.473
14770 +42.038 -078.300
14772 +42.144 -078.954
14774 +42.089 -078.147
14775 +42.229 -079.700
14777 +42.386 -078.274
14778 +42.078 -078.483
14779 +42.106 -078.770
14781 +42.167 -079.609
14782 +42.267 -079.252
14783 +42.067 -078.929
14784 +42.311 -079.385
14785 +42.156 -079.403
14787 +42.318 -079.570
14788 +42.061 -078.381
14801 +42.104 -077.293
14802 +42.254 -077.790
14803 +42.233 -077.795
14804 +42.314 -077.851
14805 +42.350 -076.719
14806 +42.159 -077.788
14807 +42.420 -077.721
14808 +42.558 -077.469
14809 +42.424 -077.449
14810 +42.347 -077.347
14812 +42.301 -077.005
14813 +42.253 -077.995
14814 +42.156 -076.959
14815 +42.374 -077.087
14816 +42.198 -076.736
14817 +42.358 -076.335
14818 +42.455 -076.819
14819 +42.224 -077.442
14820 +42.195 -077.370
14821 +42.242 -077.219
14822 +42.439 -077.847
14823 +42.242 -077.529
14824 +42.266 -076.693
14825 +42.078 -076.613
14826 +42.496 -077.493
14827 +42.181 -077.143
14830 +42.128 -077.026
14836 +42.533 -077.870
14837 +42.500 -077.019
14838 +42.189 -076.667
14839 +42.148 -077.628
14840 +42.442 -077.194
14841 +42.527 -076.842
14842 +42.601 -076.981
14843 +42.334 -077.635
14845 +42.203 -076.839
14846 +42.529 -078.004
14847 +42.608 -076.734
14850 +42.432 -076.500
14853 +42.446 -076.481
14854 +42.512 -076.607
14855 +42.146 -077.497
14856 +42.377 -077.369
14858 +42.030 -077.135
14859 +42.124 -076.537
14860 +42.592 -076.842
14861 +42.088 -076.686
14864 +42.287 -076.844
14865 +42.353 -076.817
14867 +42.337 -076.610
14869 +42.362 -076.769
14870 +42.160 -077.128
14871 +42.040 -076.911
14872 +42.241 -076.871
14873 +42.523 -077.298
14874 +42.529 -077.164
14877 +42.061 -077.687
14878 +42.449 -076.944
14879 +42.305 -077.197
14880 +42.174 -077.975
14881 +42.400 -076.359
14882 +42.586 -076.579
14883 +42.238 -076.476
14884 +42.480 -077.894
14885 +42.048 -077.571
14886 +42.501 -076.690
14889 +42.234 -076.579
14891 +42.377 -076.945
14892 +42.046 -076.529
14893 +42.469 -077.112
14894 +42.019 -076.777
14895 +42.081 -077.941
14897 +42.021 -077.793
14898 +42.053 -077.430
14901 +42.074 -076.740
14903 +42.117 -076.878
14904 +42.070 -076.808
14905 +42.088 -076.843
15001 +40.595 -080.323
15003 +40.604 -080.216
15004 +40.342 -080.383
15005 +40.644 -080.186
15006 +40.634 -079.877
15007 +40.651 -079.932
15009 +40.698 -080.365
15010 +40.771 -080.351
15012 +40.156 -079.813
15014 +40.609 -079.742
15015 +40.636 -080.082
15017 +40.347 -080.133
15018 +40.281 -079.800
15019 +40.407 -080.329
15020 +40.226 -079.953
15021 +40.389 -080.442
15022 +40.125 -079.939
15024 +40.585 -079.847
15025 +40.297 -079.921
15026 +40.506 -080.357
15027 +40.666 -080.240
15028 +40.295 -079.799
15030 +40.592 -079.783
15031 +40.348 -080.162
15033 +40.180 -079.865
15034 +40.351 -079.890
15035 +40.385 -079.807
15037 +40.258 -079.853
15038 +40.250 -079.926
15042 +40.690 -080.205
15043 +40.552 -080.488
15044 +40.638 -079.948
15045 +40.326 -079.886
15046 +40.556 -080.229
15047 +40.313 -079.796
15049 +40.556 -079.804
15050 +40.562 -080.444
15051 +40.568 -079.861
15052 +40.666 -080.427
15053 +40.381 -080.360
15054 +40.363 -080.397
15055 +40.306 -080.124
15056 +40.564 -080.216
15057 +40.357 -080.245
15059 +40.674 -080.509
15060 +40.370 -080.289
15061 +40.664 -080.308
15062 +40.152 -079.883
15063 +40.191 -079.922
15064 +40.355 -080.148
15065 +40.644 -079.725
15066 +40.747 -080.256
15067 +40.207 -079.962
15068 +40.557 -079.726
15071 +40.415 -080.190
15072 +40.139 -079.856
15074 +40.733 -080.209
15075 +40.587 -079.827
15076 +40.609 -079.837
15077 +40.625 -080.417
15078 +40.359 -080.385
15081 +40.575 -080.236
15082 +40.380 -080.211
15083 +40.260 -079.786
15084 +40.629 -079.803
15085 +40.385 -079.725
15086 +40.675 -080.109
15087 +40.192 -079.851
15088 +40.271 -079.896
15089 +40.225 -079.749
15090 +40.625 -080.067
15101 +40.580 -079.955
15102 +40.321 -080.037
15104 +40.404 -079.862
15106 +40.409 -080.109
15108 +40.500 -080.202
15110 +40.373 -079.850
15112 +40.405 -079.837
15116 +40.526 -079.934
15120 +40.396 -079.908
15122 +40.361 -079.896
15123 +40.348 -079.935
15126 +40.460 -080.287
15129 +40.293 -079.995
15131 +40.339 -079.796
15132 +40.340 -079.843
15133 +40.327 -079.867
15135 +40.300 -079.812
15136 +40.463 -080.107
15137 +40.376 -079.809
15139 +40.523 -079.836
15140 +40.407 -079.778
15142 +40.385 -080.122
15143 +40.568 -080.147
15144 +40.547 -079.783
15145 +40.415 -079.824
15146 +40.428 -079.761
15147 +40.497 -079.831
15148 +40.393 -079.795
15201 +40.482 -079.942
15202 +40.507 -080.072
15203 +40.425 -079.976
15204 +40.457 -080.061
15205 +40.438 -080.106
15206 +40.472 -079.913
15207 +40.399 -079.935
15208 +40.454 -079.899
15209 +40.499 -079.970
15210 +40.407 -079.985
15211 +40.430 -080.015
15212 +40.457 -079.995
15213 +40.436 -079.964
15214 +40.485 -080.015
15215 +40.501 -079.913
15216 +40.403 -080.035
15217 +40.431 -079.920
15218 +40.424 -079.890
15219 +40.443 -079.984
15220 +40.419 -080.049
15221 +40.435 -079.866
15222 +40.450 -079.991
15223 +40.504 -079.951
15224 +40.467 -079.946
15225 +40.507 -080.114
15226 +40.395 -080.014
15227 +40.375 -079.971
15228 +40.371 -080.044
15229 +40.520 -080.039
15232 +40.452 -079.932
15233 +40.460 -080.033
15234 +40.368 -080.018
15235 +40.460 -079.822
15236 +40.348 -079.976
15237 +40.548 -080.046
15238 +40.538 -079.879
15239 +40.484 -079.738
15241 +40.333 -080.083
15243 +40.376 -080.076
15260 +40.443 -079.953
15275 +40.452 -080.184
15282 +40.436 -079.991
15290 +40.457 -080.019
15301 +40.164 -080.252
15310 +39.793 -080.481
15311 +40.046 -080.186
15312 +40.252 -080.441
15313 +40.063 -080.029
15314 +40.146 -080.017
15315 +39.757 -079.983
15316 +39.764 -080.268
15317 +40.276 -080.172
15320 +39.869 -079.989
15321 +40.322 -080.187
15322 +39.988 -080.053
15323 +40.103 -080.417
15324 +40.101 -080.065
15325 +39.949 -079.964
15327 +39.755 -079.969
15329 +40.028 -080.280
15330 +40.179 -080.090
15331 +40.105 -080.023
15332 +40.240 -079.993
15333 +40.031 -080.013
15334 +39.813 -079.967
15337 +39.952 -080.378
15338 +39.841 -079.984
15340 +40.287 -080.323
15341 +39.824 -080.344
15342 +40.245 -080.221
15344 +39.923 -080.051
15345 +40.022 -080.107
15346 +39.936 -080.074
15347 +40.218 -080.225
15348 +39.986 -079.996
15349 +39.761 -080.073
15350 +40.294 -080.201
15351 +39.879 -079.931
15352 +39.755 -080.403
15353 +39.962 -080.311
15357 +39.942 -079.980
15358 +40.055 -080.003
15359 +39.877 -080.276
15360 +40.088 -080.081
15361 +40.333 -080.262
15362 +39.757 -080.214
15363 +40.252 -080.198
15364 +39.954 -080.284
15365 +40.156 -080.385
15366 +40.160 -079.974
15367 +40.261 -080.056
15368 +40.014 -079.989
15370 +39.874 -080.186
15376 +40.109 -080.479
15377 +39.989 -080.449
15378 +40.278 -080.274
15379 +40.243 -080.425
15380 +39.878 -080.467
15401 +39.901 -079.748
15410 +39.908 -079.906
15411 +39.747 -079.344
15412 +40.101 -079.853
15413 +39.985 -079.871
15416 +39.859 -079.723
15417 +40.006 -079.921
15419 +40.057 -079.890
15420 +39.961 -079.864
15421 +39.845 -079.597
15422 +39.979 -079.809
15423 +40.094 -079.928
15424 +39.827 -079.356
15425 +40.030 -079.549
15427 +40.067 -079.971
15428 +40.084 -079.682
15429 +40.008 -079.943
15430 +40.039 -079.654
15431 +39.931 -079.573
15432 +40.110 -079.859
15433 +39.983 -079.949
15434 +40.081 -079.891
15435 +39.943 -079.847
15436 +39.818 -079.725
15437 +39.794 -079.590
15438 +40.073 -079.859
15440 +39.738 -079.644
15442 +40.019 -079.840
15443 +39.919 -079.885
15444 +40.013 -079.908
15445 +39.876 -079.668
15446 +40.026 -079.386
15447 +39.952 -079.932
15448 +40.136 -079.733
15449 +39.973 -079.781
15450 +40.009 -079.975
15451 +39.737 -079.836
15454 +39.860 -079.866
15455 +40.006 -079.646
15456 +39.927 -079.652
15458 +39.887 -079.851
15459 +39.765 -079.465
15460 +39.807 -079.908
15461 +39.840 -079.900
15462 +40.061 -079.381
15463 +39.963 -079.899
15464 +39.930 -079.436
15465 +39.939 -079.641
15466 +40.078 -079.889
15467 +39.783 -079.899
15468 +39.950 -079.833
15469 +40.014 -079.419
15470 +39.853 -079.532
15472 +39.919 -079.717
15473 +40.075 -079.768
15474 +39.753 -079.903
15475 +39.958 -079.881
15476 +39.868 -079.923
15477 +40.079 -079.863
15478 +39.787 -079.805
15479 +40.151 -079.708
15480 +39.986 -079.774
15482 +40.061 -079.766
15483 +40.083 -079.851
15484 +39.892 -079.779
15486 +40.026 -079.711
15488 +39.978 -079.760
15489 +39.955 -079.698
15490 +40.077 -079.482
15492 +40.120 -079.763
15501 +40.040 -079.130
15502 +40.027 -079.244
15510 +39.964 -079.040
15520 +40.106 -079.060
15521 +40.200 -078.630
15522 +39.941 -078.550
15530 +39.941 -078.924
15531 +40.184 -079.082
15532 +39.762 -079.061
15533 +39.980 -078.259
15534 +39.899 -078.691
15535 +39.831 -078.444
15536 +39.938 -078.206
15537 +39.991 -078.374
15538 +39.864 -078.834
15539 +40.128 -078.593
15540 +39.797 -079.239
15541 +40.048 -078.981
15542 +39.867 -079.079
15544 +40.133 -079.097
15545 +39.802 -078.752
15546 +40.137 -079.048
15547 +40.163 -079.070
15550 +39.995 -078.653
15551 +39.868 -079.285
15552 +39.790 -078.988
15554 +40.123 -078.622
15555 +40.098 -079.081
15557 +39.916 -079.205
15558 +39.762 -079.080
15559 +40.060 -078.691
15560 +40.017 -078.907
15561 +40.094 -079.091
15562 +39.741 -079.108
15563 +40.090 -078.937
15564 +39.730 -078.845
15565 +39.759 -079.116
15601 +40.313 -079.536
15610 +40.131 -079.415
15611 +40.307 -079.653
15612 +40.138 -079.599
15613 +40.547 -079.562
15615 +40.361 -079.734
15616 +40.235 -079.551
15617 +40.268 -079.655
15618 +40.571 -079.440
15619 +40.321 -079.497
15620 +40.323 -079.339
15622 +40.038 -079.320
15623 +40.369 -079.623
15624 +40.366 -079.471
15625 +40.270 -079.679
15626 +40.409 -079.576
15627 +40.352 -079.303
15628 +40.100 -079.370
15629 +40.597 -079.563
15631 +40.090 -079.585
15632 +40.436 -079.606
15633 +40.359 -079.517
15634 +40.325 -079.606
15635 +40.348 -079.502
15636 +40.365 -079.656
15637 +40.261 -079.712
15638 +40.265 -079.402
15639 +40.204 -079.594
15640 +40.223 -079.732
15641 +40.632 -079.589
15642 +40.319 -079.724
15644 +40.347 -079.613
15646 +40.095 -079.344
15647 +40.343 -079.720
15650 +40.277 -079.393
15655 +40.198 -079.178
15656 +40.641 -079.618
15658 +40.269 -079.216
15660 +40.247 -079.773
15661 +40.322 -079.360
15662 +40.339 -079.480
15663 +40.252 -079.680
15665 +40.339 -079.663
15666 +40.161 -079.510
15668 +40.465 -079.671
15670 +40.407 -079.444
15671 +40.360 -079.321
15672 +40.244 -079.622
15673 +40.594 -079.557
15674 +40.207 -079.496
15675 +40.334 -079.639
15676 +40.243 -079.459
15677 +40.150 -079.231
15678 +40.284 -079.726
15679 +40.188 -079.656
15680 +40.521 -079.496
15681 +40.502 -079.439
15682 +40.680 -079.627
15683 +40.107 -079.608
15684 +40.463 -079.506
15686 +40.615 -079.437
15687 +40.136 -079.316
15688 +40.173 -079.586
15689 +40.225 -079.492
15690 +40.641 -079.549
15691 +40.297 -079.684
15692 +40.331 -079.679
15693 +40.249 -079.406
15695 +40.197 -079.693
15696 +40.280 -079.366
15697 +40.240 -079.581
15698 +40.214 -079.689
15701 +40.629 -079.150
15705 +40.616 -079.160
15710 +40.642 -078.872
15711 +41.018 -078.956
15712 +40.793 -078.847
15713 +40.570 -079.262
15714 +40.644 -078.833
15715 +40.971 -078.877
15716 +40.469 -079.188
15717 +40.457 -079.243
15720 +40.539 -079.066
15721 +40.820 -078.784
15722 +40.601 -078.720
15723 +40.699 -079.159
15724 +40.735 -078.814
15725 +40.519 -079.349
15727 +40.565 -079.315
15728 +40.676 -078.967
15729 +40.706 -078.915
15730 +41.027 -079.083
15731 +40.501 -079.173
15732 +40.733 -079.216
15733 +40.989 -078.959
15734 +40.720 -079.009
15736 +40.699 -079.369
15737 +40.599 -078.754
15738 +40.690 -078.782
15739 +40.679 -079.165
15741 +40.802 -078.891
15742 +40.811 -078.870
15744 +40.919 -079.073
15745 +40.623 -078.913
15746 +40.754 -078.873
15747 +40.764 -079.143
15748 +40.524 -079.084
15750 +40.484 -079.183
15752 +40.541 -079.282
15753 +40.783 -078.631
15754 +40.557 -079.152
15756 +40.570 -079.302
15757 +40.903 -078.732
15759 +40.773 -079.032
15760 +40.646 -078.805
15761 +40.634 -078.890
15762 +40.594 -078.829
15763 +40.907 -079.128
15764 +40.995 -079.027
15765 +40.593 -079.000
15767 +40.966 -078.975
15770 +41.009 -079.137
15771 +40.832 -078.989
15772 +40.870 -078.899
15773 +40.631 -078.730
15774 +40.655 -079.324
15775 +40.635 -078.784
15776 +41.011 -079.112
15777 +40.697 -078.963
15778 +40.969 -079.198
15779 +40.400 -079.218
15780 +40.921 -079.043
15781 +40.964 -078.987
15783 +40.603 -079.345
15784 +41.024 -079.141
15801 +41.130 -078.728
15821 +41.372 -078.397
15823 +41.260 -078.716
15824 +41.246 -078.837
15825 +41.170 -079.040
15827 +41.295 -078.506
15828 +41.385 -079.123
15829 +41.210 -079.244
15831 +41.353 -078.604
15832 +41.357 -078.197
15834 +41.501 -078.323
15840 +41.172 -078.823
15841 +41.258 -078.504
15845 +41.508 -078.707
15846 +41.340 -078.609
15847 +41.086 -079.030
15848 +41.030 -078.711
15849 +41.187 -078.573
15851 +41.103 -078.910
15853 +41.392 -078.792
15856 +41.082 -078.614
15857 +41.455 -078.520
15860 +41.346 -079.037
15861 +41.353 -078.036
15863 +41.016 -078.838
15864 +41.102 -079.190
15865 +41.050 -078.814
15866 +41.029 -078.788
15868 +41.301 -078.409
15870 +41.583 -078.582
15901 +40.328 -078.912
15902 +40.319 -078.869
15904 +40.313 -078.840
15905 +40.291 -078.970
15906 +40.384 -078.934
15909 +40.410 -078.870
15920 +40.468 -079.047
15921 +40.316 -078.698
15922 +40.519 -078.878
15923 +40.355 -079.159
15924 +40.103 -078.763
15925 +40.409 -078.641
15926 +40.027 -078.817
15927 +40.541 -078.780
15928 +40.239 -078.919
15929 +40.480 -079.011
15930 +40.295 -078.717
15931 +40.515 -078.784
15934 +40.281 -078.796
15935 +40.198 -078.967
15936 +40.161 -078.893
15937 +40.215 -078.981
15938 +40.415 -078.597
15940 +40.527 -078.644
15942 +40.398 -078.811
15943 +40.475 -078.836
15944 +40.364 -079.079
15945 +40.359 -078.869
15946 +40.370 -078.618
15948 +40.490 -078.767
15949 +40.407 -079.135
15951 +40.333 -078.771
15952 +40.304 -078.776
15953 +40.208 -078.885
15954 +40.418 -079.000
15955 +40.309 -078.693
15956 +40.351 -078.796
15957 +40.546 -078.900
15958 +40.387 -078.731
15960 +40.498 -078.852
15961 +40.466 -078.943
15962 +40.389 -078.716
15963 +40.220 -078.785
16001 +40.910 -079.945
16002 +40.815 -079.855
16020 +41.116 -079.897
16022 +41.055 -079.733
16023 +40.785 -079.749
16024 +40.740 -080.037
16025 +40.940 -079.771
16027 +40.818 -080.015
16028 +40.951 -079.636
16029 +40.880 -079.846
16030 +41.136 -079.797
16033 +40.796 -080.049
16034 +40.858 -079.715
16035 +41.109 -080.018
16036 +41.134 -079.669
16037 +40.843 -080.134
16038 +41.164 -079.953
16040 +41.094 -079.841
16041 +41.007 -079.714
16045 +40.853 -079.916
16046 +40.703 -080.024
16048 +41.052 -079.803
16049 +41.094 -079.672
16050 +41.044 -079.761
16051 +40.943 -080.139
16052 +40.899 -080.062
16053 +40.812 -079.983
16054 +41.152 -079.661
16055 +40.717 -079.750
16056 +40.728 -079.842
16057 +41.034 -080.060
16059 +40.707 -079.927
16061 +41.005 -079.885
16063 +40.756 -080.131
16066 +40.710 -080.106
16101 +40.984 -080.290
16102 +40.962 -080.415
16105 +41.054 -080.339
16110 +41.495 -080.387
16111 +41.519 -080.284
16112 +40.960 -080.498
16113 +41.281 -080.424
16114 +41.404 -080.188
16115 +40.796 -080.464
16116 +41.044 -080.450
16117 +40.872 -080.256
16120 +40.885 -080.479
16121 +41.211 -080.497
16123 +40.822 -080.197
16124 +41.333 -080.265
16125 +41.407 -080.370
16127 +41.173 -080.073
16130 +41.445 -080.223
16131 +41.549 -080.377
16132 +41.010 -080.503
16133 +41.268 -080.114
16134 +41.527 -080.490
16136 +40.835 -080.324
16137 +41.232 -080.240
16140 +41.094 -080.511
16141 +40.880 -080.399
16142 +41.135 -080.333
16143 +41.105 -080.454
16145 +41.380 -080.079
16146 +41.235 -080.499
16148 +41.228 -080.418
16150 +41.282 -080.449
16151 +41.443 -080.206
16153 +41.322 -080.087
16154 +41.326 -080.420
16155 +41.068 -080.511
16156 +41.098 -080.227
16157 +40.888 -080.333
16159 +41.153 -080.475
16160 +40.928 -080.362
16161 +41.202 -080.493
16172 +41.118 -080.331
16201 +40.812 -079.472
16210 +40.901 -079.517
16211 +40.794 -079.202
16212 +40.752 -079.577
16213 +41.126 -079.558
16214 +41.198 -079.354
16217 +41.346 -079.181
16218 +40.926 -079.593
16220 +41.418 -079.268
16222 +40.874 -079.257
16223 +40.987 -079.354
16224 +41.067 -079.290
16226 +40.715 -079.487
16228 +40.761 -079.536
16229 +40.712 -079.656
16230 +41.020 -079.283
16232 +41.214 -079.551
16233 +41.368 -079.285
16235 +41.306 -079.347
16236 +40.781 -079.524
16238 +40.788 -079.520
16239 +41.497 -079.138
16240 +41.036 -079.225
16242 +40.985 -079.372
16244 +40.805 -079.279
16245 +41.002 -079.293
16246 +40.792 -079.182
16248 +41.035 -079.505
16249 +40.759 -079.326
16250 +40.776 -079.238
16253 +40.957 -079.344
16254 +41.255 -079.451
16255 +41.129 -079.467
16256 +40.855 -079.134
16258 +41.230 -079.272
16259 +40.926 -079.452
16260 +41.411 -079.239
16262 +40.838 -079.653
16263 +40.801 -079.341
16301 +41.453 -079.622
16311 +41.462 -080.042
16312 +41.932 -079.303
16313 +41.715 -079.145
16314 +41.521 -080.077
16316 +41.595 -080.284
16317 +41.532 -079.853
16319 +41.324 -079.623
16321 +41.568 -079.401
16322 +41.606 -079.384
16323 +41.417 -079.831
16326 +41.376 -079.432
16327 +41.637 -079.960
16328 +41.651 -079.727
16329 +41.853 -079.265
16331 +41.288 -079.559
16332 +41.357 -079.370
16333 +41.749 -078.932
16334 +41.304 -079.446
16335 +41.631 -080.154
16340 +41.799 -079.418
16341 +41.563 -079.547
16342 +41.315 -079.928
16343 +41.426 -079.753
16344 +41.470 -079.684
16345 +41.944 -079.083
16346 +41.378 -079.673
16347 +41.660 -079.070
16350 +41.957 -079.334
16351 +41.675 -079.370
16352 +41.766 -079.036
16353 +41.492 -079.390
16354 +41.615 -079.706
16360 +41.680 -079.890
16361 +41.391 -079.340
16362 +41.450 -079.965
16364 +41.351 -079.527
16365 +41.840 -079.157
16370 +41.557 -079.449
16371 +41.868 -079.319
16372 +41.201 -079.875
16373 +41.208 -079.698
16374 +41.263 -079.815
16401 +41.878 -080.405
16402 +41.961 -079.470
16403 +41.793 -080.014
16404 +41.726 -079.789
16405 +41.938 -079.534
16406 +41.751 -080.364
16407 +41.916 -079.685
16410 +41.923 -080.309
16411 +41.978 -080.447
16412 +41.882 -080.160
16415 +42.038 -080.230
16416 +41.826 -079.473
16417 +41.969 -080.311
16420 +41.695 -079.545
16421 +42.170 -079.940
16422 +41.668 -080.310
16423 +42.021 -080.340
16424 +41.662 -080.448
16426 +41.984 -080.126
16427 +41.875 -079.971
16428 +42.171 -079.831
16430 +42.001 -080.419
16433 +41.737 -080.141
16434 +41.797 -079.669
16435 +41.822 -080.383
16436 +41.862 -079.506
16438 +41.891 -079.847
16440 +41.783 -080.126
16441 +41.958 -079.984
16442 +42.049 -079.826
16443 +41.940 -080.472
16444 +41.871 -080.121
16475 +41.876 -080.361
16501 +42.121 -080.089
16502 +42.111 -080.101
16503 +42.127 -080.061
16504 +42.109 -080.049
16505 +42.119 -080.128
16506 +42.063 -080.156
16507 +42.139 -080.085
16508 +42.098 -080.091
16509 +42.060 -080.046
16510 +42.109 -079.955
16511 +42.167 -080.006
16546 +42.104 -080.053
16550 +42.134 -080.085
16563 +42.118 -079.986
16601 +40.553 -078.373
16602 +40.485 -078.397
16611 +40.571 -078.091
16613 +40.537 -078.532
16616 +40.770 -078.458
16617 +40.603 -078.330
16619 +40.684 -078.416
16620 +40.839 -078.351
16621 +40.258 -078.109
16622 +40.329 -078.069
16623 +40.276 -078.046
16624 +40.565 -078.607
16625 +40.282 -078.519
16627 +40.753 -078.504
16630 +40.463 -078.581
16631 +40.271 -078.347
16633 +40.160 -078.233
16634 +40.211 -078.173
16635 +40.408 -078.477
16636 +40.600 -078.502
16637 +40.342 -078.471
16638 +40.338 -078.201
16639 +40.682 -078.464
16640 +40.708 -078.572
16641 +40.508 -078.571
16645 +40.804 -078.501
16646 +40.690 -078.727
16647 +40.380 -078.113
16648 +40.442 -078.332
16650 +40.112 -078.292
16651 +40.851 -078.380
16652 +40.516 -077.950
16654 +40.492 -078.029
16655 +40.228 -078.503
16656 +40.807 -078.556
16657 +40.338 -078.161
16659 +40.160 -078.388
16661 +40.831 -078.461
16662 +40.295 -078.297
16664 +40.178 -078.420
16665 +40.389 -078.435
16666 +40.868 -078.314
16667 +40.183 -078.525
16668 +40.653 -078.622
16669 +40.656 -077.907
16670 +40.259 -078.508
16671 +40.788 -078.398
16672 +40.187 -078.236
16673 +40.305 -078.389
16674 +40.186 -078.079
16675 +40.688 -078.679
16677 +40.815 -078.246
16678 +40.226 -078.233
16679 +40.155 -078.194
16680 +40.743 -078.378
16682 +40.272 -078.456
16683 +40.664 -078.066
16684 +40.635 -078.297
16685 +40.280 -078.081
16686 +40.670 -078.241
16689 +40.075 -078.084
16691 +40.077 -078.147
16692 +40.751 -078.711
16693 +40.465 -078.225
16694 +40.190 -078.134
16695 +40.205 -078.337
16699 +40.447 -078.561
16701 +41.919 -078.750
16720 +41.603 -078.010
16724 +41.746 -078.390
16725 +41.899 -078.662
16726 +41.802 -078.576
16727 +41.985 -078.534
16729 +41.970 -078.482
16730 +41.818 -078.423
16731 +41.951 -078.360
16732 +41.859 -078.608
16733 +41.700 -078.572
16734 +41.616 -078.847
16735 +41.629 -078.807
16738 +41.807 -078.732
16740 +41.653 -078.510
16743 +41.768 -078.233
16744 +41.876 -078.569
16745 +41.926 -078.490
16746 +41.794 -078.122
16748 +41.942 -078.145
16749 +41.760 -078.421
16750 +41.902 -078.292
16801 +40.785 -077.842
16802 +40.799 -077.865
16803 +40.809 -077.894
16820 +40.920 -077.387
16821 +40.958 -078.195
16822 +41.137 -077.708
16823 +40.931 -077.759
16825 +40.988 -078.312
16826 +41.062 -077.586
16827 +40.768 -077.773
16828 +40.804 -077.696
16829 +41.085 -077.887
16830 +41.091 -078.439
16832 +40.843 -077.426
16833 +40.944 -078.572
16834 +41.052 -078.087
16835 +40.907 -077.877
16836 +41.145 -078.265
16837 +40.945 -078.474
16838 +41.006 -078.651
16839 +41.003 -078.106
16840 +40.924 -078.203
16841 +41.036 -077.691
16843 +41.012 -078.462
16844 +40.913 -077.933
16845 +41.113 -077.928
16847 +40.999 -078.165
16848 +41.011 -077.533
16849 +40.961 -078.116
16851 +40.812 -077.802
16852 +40.936 -077.539
16853 +40.940 -077.786
16854 +40.897 -077.472
16855 +41.005 -078.354
16856 +40.929 -077.650
16858 +41.003 -078.210
16859 +41.047 -078.042
16860 +40.938 -078.180
16861 +40.873 -078.519
16863 +40.908 -078.475
16864 +41.154 -077.799
16865 +40.724 -077.956
16866 +40.867 -078.166
16868 +40.727 -077.891
16870 +40.801 -078.049
16871 +41.191 -078.036
16872 +40.967 -077.359
16874 +40.985 -077.952
16875 +40.840 -077.588
16876 +40.966 -078.288
16877 +40.733 -078.068
16878 +40.940 -078.352
16879 +40.964 -078.141
16881 +41.027 -078.320
16882 +40.907 -077.338
16901 +41.735 -077.316
16910 +41.705 -076.831
16911 +41.677 -077.102
16912 +41.666 -077.067
16914 +41.854 -076.784
16915 +41.775 -077.961
16917 +41.722 -077.057
16920 +41.974 -077.284
16921 +41.723 -077.522
16922 +41.681 -077.711
16923 +41.950 -077.871
16925 +41.949 -076.784
16926 +41.716 -076.700
16927 +41.965 -077.659
16928 +41.952 -077.434
16929 +41.963 -077.135
16930 +41.584 -077.139
16932 +41.779 -076.939
16933 +41.819 -077.063
16935 +41.869 -077.334
16936 +41.951 -076.967
16937 +41.968 -077.711
16938 +41.591 -077.370
16939 +41.681 -077.014
16940 +41.977 -077.234
16941 +41.988 -077.758
16942 +41.965 -077.354
16943 +41.848 -077.616
16946 +41.916 -077.142
16947 +41.760 -076.804
16948 +41.855 -077.759
16950 +41.896 -077.544
17002 +40.461 -077.869
17003 +40.357 -076.552
17004 +40.601 -077.730
17005 +40.603 -076.811
17006 +40.336 -077.492
17007 +40.139 -077.118
17009 +40.636 -077.565
17010 +40.278 -076.583
17011 +40.235 -076.929
17013 +40.241 -077.184
17014 +40.660 -077.194
17015 +40.183 -077.232
17016 +40.273 -076.407
17017 +40.627 -076.900
17018 +40.422 -076.826
17019 +40.094 -077.022
17020 +40.414 -077.042
17021 +40.331 -077.668
17022 +40.167 -076.609
17023 +40.581 -076.812
17024 +40.407 -077.307
17025 +40.294 -076.974
17026 +40.474 -076.437
17027 +40.157 -076.982
17028 +40.403 -076.675
17029 +40.558 -077.617
17030 +40.608 -076.744
17032 +40.494 -076.814
17033 +40.269 -076.628
17034 +40.209 -076.786
17035 +40.404 -077.581
17036 +40.258 -076.720
17037 +40.432 -077.428
17038 +40.468 -076.538
17039 +40.293 -076.241
17040 +40.296 -077.340
17041 +40.217 -076.540
17042 +40.296 -076.421
17043 +40.248 -076.900
17044 +40.582 -077.590
17045 +40.597 -077.001
17046 +40.382 -076.429
17047 +40.371 -077.412
17048 +40.582 -076.692
17049 +40.652 -077.259
17050 +40.248 -077.030
17051 +40.459 -077.764
17052 +40.277 -077.986
17053 +40.325 -077.026
17054 +40.497 -077.727
17055 +40.178 -076.998
17056 +40.534 -077.356
17057 +40.194 -076.726
17058 +40.501 -077.548
17059 +40.589 -077.391
17060 +40.513 -077.860
17061 +40.564 -076.900
17062 +40.547 -077.188
17063 +40.761 -077.485
17064 +40.242 -076.475
17065 +40.071 -077.232
17066 +40.359 -077.855
17067 +40.390 -076.315
17068 +40.399 -077.182
17069 +40.458 -076.981
17070 +40.200 -076.854
17071 +40.296 -077.614
17073 +40.303 -076.255
17074 +40.479 -077.148
17075 +40.394 -077.834
17076 +40.621 -077.307
17077 +40.402 -076.536
17078 +40.288 -076.581
17080 +40.641 -076.803
17081 +40.201 -077.283
17082 +40.495 -077.448
17084 +40.676 -077.627
17086 +40.691 -077.122
17087 +40.404 -076.268
17088 +40.300 -076.295
17090 +40.318 -077.181
17093 +40.310 -076.928
17094 +40.586 -077.222
17097 +40.574 -076.677
17098 +40.590 -076.631
17099 +40.637 -077.580
17101 +40.258 -076.893
17102 +40.268 -076.902
17103 +40.275 -076.863
17104 +40.255 -076.867
17109 +40.290 -076.824
17110 +40.323 -076.888
17111 +40.270 -076.781
17112 +40.374 -076.770
17113 +40.230 -076.821
17120 +40.265 -076.883
17201 +39.960 -077.657
17202 +39.923 -077.690
17210 +40.191 -077.661
17211 +39.755 -078.415
17212 +39.813 -078.064
17213 +40.261 -077.765
17214 +39.748 -077.470
17215 +40.084 -077.879
17217 +40.238 -077.722
17219 +40.224 -077.693
17220 +40.175 -077.739
17221 +40.049 -077.822
17222 +39.896 -077.494
17223 +40.065 -077.942
17224 +39.979 -077.885
17225 +39.784 -077.763
17228 +39.995 -078.098
17229 +40.084 -078.010
17232 +40.095 -077.633
17233 +39.976 -077.987
17235 +39.857 -077.698
17236 +39.800 -077.947
17237 +39.837 -077.541
17238 +39.861 -078.130
17239 +40.140 -077.830
17240 +40.151 -077.580
17241 +40.181 -077.407
17243 +40.284 -077.815
17244 +40.090 -077.672
17246 +40.061 -077.676
17247 +39.799 -077.579
17249 +40.242 -077.900
17250 +39.736 -077.523
17251 +40.123 -077.667
17252 +39.912 -077.827
17253 +40.212 -078.006
17254 +39.968 -077.589
17255 +40.149 -077.867
17257 +40.056 -077.497
17260 +40.296 -077.894
17261 +39.860 -077.512
17262 +40.127 -077.768
17263 +39.724 -077.717
17264 +40.180 -077.993
17265 +40.032 -077.775
17266 +40.089 -077.413
17267 +39.808 -078.240
17268 +39.775 -077.576
17271 +40.102 -077.804
17301 +39.895 -076.979
17302 +39.817 -076.414
17303 +39.926 -077.298
17304 +39.977 -077.233
17306 +39.984 -077.250
17307 +39.957 -077.315
17309 +39.874 -076.449
17311 +39.817 -076.842
17313 +39.885 -076.657
17314 +39.749 -076.326
17315 +40.014 -076.869
17316 +39.965 -077.008
17317 +39.971 -076.523
17318 +40.020 -076.726
17319 +40.160 -076.794
17320 +39.770 -077.388
17321 +39.750 -076.444
17322 +39.855 -076.535
17323 +40.075 -077.027
17324 +40.030 -077.237
17325 +39.826 -077.228
17327 +39.779 -076.754
17329 +39.759 -076.853
17331 +39.791 -076.980
17339 +40.135 -076.876
17340 +39.755 -077.117
17342 +39.853 -076.708
17343 +39.869 -077.330
17344 +39.805 -077.019
17345 +40.073 -076.728
17347 +40.047 -076.675
17349 +39.745 -076.655
17350 +39.890 -077.079
17352 +39.762 -076.500
17353 +39.887 -077.393
17355 +39.760 -076.696
17356 +39.898 -076.584
17360 +39.852 -076.754
17361 +39.766 -076.677
17362 +39.848 -076.869
17363 +39.767 -076.585
17364 +39.930 -076.900
17365 +40.061 -076.940
17366 +39.933 -076.557
17368 +39.985 -076.520
17370 +40.118 -076.783
17371 +39.903 -076.788
17372 +39.992 -077.108
17401 +39.959 -076.733
17402 +39.957 -076.660
17403 +39.920 -076.711
17404 +40.003 -076.774
17406 +40.015 -076.641
17407 +39.887 -076.713
17408 +39.933 -076.799
17501 +40.157 -076.206
17502 +40.101 -076.668
17504 +40.024 -076.328
17505 +40.064 -076.192
17506 +40.117 -076.053
17507 +40.198 -076.016
17508 +40.125 -076.214
17509 +39.907 -076.029
17512 +40.040 -076.486
17516 +39.927 -076.385
17517 +40.245 -076.133
17518 +39.809 -076.253
17519 +40.141 -076.023
17520 +40.098 -076.349
17522 +40.174 -076.170
17527 +40.016 -075.994
17529 +40.042 -076.097
17532 +39.858 -076.288
17534 +40.037 -076.112
17535 +40.012 -076.036
17536 +39.848 -076.074
17538 +40.083 -076.415
17540 +40.098 -076.190
17543 +40.181 -076.295
17545 +40.173 -076.422
17547 +40.071 -076.585
17550 +40.075 -076.584
17551 +39.978 -076.373
17552 +40.108 -076.511
17554 +40.040 -076.424
17555 +40.122 -075.959
17557 +40.103 -076.075
17560 +39.913 -076.228
17562 +39.970 -076.092
17563 +39.761 -076.193
17565 +39.891 -076.335
17566 +39.867 -076.148
17568 +39.948 -076.234
17569 +40.271 -076.097
17570 +40.126 -076.571
17572 +40.006 -076.152
17576 +40.037 -076.198
17578 +40.230 -076.166
17579 +39.960 -076.181
17581 +40.156 -076.055
17582 +39.988 -076.455
17584 +39.960 -076.265
17601 +40.073 -076.314
17602 +40.015 -076.246
17603 +40.031 -076.330
17606 +40.113 -076.305
17701 +41.345 -076.857
17702 +41.183 -077.077
17720 +41.179 -077.203
17721 +41.182 -077.319
17723 +41.435 -077.471
17724 +41.638 -076.801
17727 +41.529 -077.465
17728 +41.335 -077.079
17729 +41.511 -077.736
17730 +41.107 -076.876
17731 +41.429 -076.579
17737 +41.286 -076.683
17739 +41.416 -077.394
17740 +41.236 -077.257
17742 +41.239 -076.580
17744 +41.241 -077.153
17745 +41.285 -077.471
17747 +41.033 -077.332
17748 +41.148 -077.340
17749 +41.072 -076.814
17750 +41.058 -077.483
17751 +41.130 -077.521
17752 +41.183 -076.920
17754 +41.312 -076.889
17756 +41.205 -076.730
17758 +41.350 -076.545
17760 +41.414 -077.657
17762 +41.284 -076.700
17763 +41.502 -076.912
17764 +41.343 -077.826
17765 +41.582 -076.982
17768 +41.559 -076.756
17769 +41.511 -077.496
17771 +41.437 -077.036
17772 +41.125 -076.713
17774 +41.252 -076.547
17776 +41.415 -077.293
17777 +41.107 -076.822
17778 +41.296 -077.980
17779 +41.208 -077.377
17801 +40.837 -076.761
17810 +41.101 -077.039
17812 +40.733 -077.235
17813 +40.787 -077.184
17814 +41.259 -076.371
17815 +41.022 -076.430
17820 +40.896 -076.404
17821 +40.990 -076.644
17822 +40.969 -076.603
17823 +40.745 -076.778
17824 +40.868 -076.493
17827 +40.753 -076.968
17829 +40.901 -077.155
17830 +40.686 -076.805
17832 +40.806 -076.455
17834 +40.780 -076.467
17835 +40.884 -077.198
17836 +40.714 -076.606
17837 +40.975 -076.945
17840 +40.774 -076.426
17841 +40.725 -077.363
17842 +40.801 -077.043
17844 +40.960 -077.085
17845 +40.884 -077.212
17846 +41.142 -076.517
17847 +41.008 -076.811
17850 +40.967 -076.859
17851 +40.803 -076.425
17853 +40.688 -077.011
17855 +40.890 -076.968
17856 +41.045 -077.008
17857 +40.932 -076.773
17858 +40.842 -076.423
17859 +41.117 -076.399
17860 +40.839 -076.604
17861 +40.775 -077.076
17862 +40.861 -077.056
17864 +40.705 -076.906
17865 +40.987 -076.790
17866 +40.771 -076.596
17867 +40.715 -076.690
17868 +40.955 -076.631
17870 +40.808 -076.888
17872 +40.758 -076.688
17876 +40.858 -076.826
17878 +41.176 -076.323
17880 +40.891 -077.124
17881 +40.781 -076.686
17884 +41.052 -076.675
17885 +40.866 -077.314
17886 +41.018 -076.876
17887 +41.075 -076.896
17888 +40.819 -076.379
17889 +40.878 -076.921
17901 +40.695 -076.275
17920 +40.812 -076.329
17921 +40.752 -076.361
17922 +40.582 -076.111
17923 +40.661 -076.319
17925 +40.758 -076.075
17929 +40.631 -076.193
17930 +40.709 -076.115
17931 +40.786 -076.215
17933 +40.604 -076.243
17934 +40.799 -076.213
17935 +40.794 -076.280
17936 +40.750 -076.340
17938 +40.654 -076.501
17941 +40.686 -076.613
17943 +40.762 -076.379
17944 +40.660 -076.289
17945 +40.785 -076.375
17946 +40.810 -076.256
17948 +40.820 -076.144
17949 +40.796 -076.236
17951 +40.679 -076.244
17952 +40.764 -076.060
17953 +40.747 -076.100
17954 +40.690 -076.260
17957 +40.594 -076.517
17959 +40.740 -076.165
17960 +40.697 -075.947
17961 +40.650 -076.061
17963 +40.560 -076.394
17964 +40.703 -076.515
17965 +40.699 -076.165
17967 +40.870 -076.207
17968 +40.642 -076.626
17970 +40.721 -076.191
17972 +40.579 -076.228
17974 +40.696 -076.236
17976 +40.820 -076.211
17978 +40.616 -076.652
17979 +40.567 -076.202
17980 +40.519 -076.645
17981 +40.631 -076.393
17982 +40.768 -076.038
17983 +40.644 -076.550
17985 +40.918 -076.239
18011 +40.477 -075.646
18012 +40.811 -075.592
18013 +40.853 -075.165
18014 +40.767 -075.413
18015 +40.587 -075.367
18017 +40.660 -075.387
18018 +40.628 -075.396
18020 +40.672 -075.327
18030 +40.804 -075.663
18031 +40.560 -075.649
18032 +40.656 -075.468
18034 +40.541 -075.419
18035 +40.752 -075.538
18036 +40.509 -075.389
18037 +40.683 -075.548
18038 +40.795 -075.486
18040 +40.746 -075.226
18041 +40.420 -075.510
18042 +40.644 -075.227
18045 +40.692 -075.275
18046 +40.548 -075.560
18049 +40.522 -075.490
18051 +40.596 -075.667
18052 +40.657 -075.504
18053 +40.719 -075.704
18054 +40.352 -075.439
18055 +40.592 -075.304
18056 +40.447 -075.547
18058 +40.889 -075.494
18059 +40.723 -075.543
18062 +40.506 -075.580
18063 +40.783 -075.182
18064 +40.757 -075.316
18065 +40.699 -075.612
18066 +40.664 -075.740
18067 +40.717 -075.482
18069 +40.625 -075.615
18070 +40.430 -075.539
18071 +40.834 -075.555
18072 +40.844 -075.259
18073 +40.386 -075.474
18074 +40.317 -075.516
18076 +40.374 -075.481
18077 +40.570 -075.237
18078 +40.671 -075.621
18079 +40.744 -075.657
18080 +40.731 -075.638
18081 +40.564 -075.282
18083 +40.755 -075.265
18085 +40.742 -075.254
18086 +40.739 -075.548
18087 +40.557 -075.594
18088 +40.766 -075.558
18091 +40.825 -075.326
18092 +40.470 -075.513
18101 +40.603 -075.470
18102 +40.608 -075.476
18103 +40.570 -075.489
18104 +40.612 -075.547
18106 +40.564 -075.565
18109 +40.635 -075.442
18195 +40.584 -075.625
18201 +40.952 -075.954
18202 +40.954 -076.046
18210 +41.002 -075.591
18211 +40.744 -075.830
18212 +40.773 -075.719
18214 +40.806 -076.089
18216 +40.943 -075.889
18218 +40.820 -075.916
18219 +40.991 -076.058
18220 +40.837 -076.082
18221 +41.001 -075.919
18222 +41.035 -076.003
18223 +40.982 -075.950
18224 +41.025 -075.889
18225 +40.981 -075.971
18229 +40.932 -075.682
18230 +40.920 -075.931
18231 +40.901 -076.005
18232 +40.837 -075.874
18234 +40.993 -075.965
18235 +40.835 -075.691
18237 +40.879 -076.050
18239 +40.990 -075.981
18240 +40.863 -075.842
18241 +40.944 -076.165
18242 +40.906 -076.123
18244 +40.824 -075.669
18245 +40.853 -076.030
18246 +40.957 -076.195
18248 +40.901 -076.095
18249 +40.988 -076.116
18250 +40.813 -075.859
18252 +40.782 -075.972
18254 +40.916 -075.966
18255 +40.933 -075.830
18256 +40.940 -076.147
18301 +41.042 -075.176
18302 +41.097 -075.111
18321 +41.026 -075.283
18322 +40.919 -075.393
18323 +41.196 -075.273
18324 +41.158 -075.001
18325 +41.262 -075.267
18326 +41.155 -075.247
18327 +40.983 -075.147
18328 +41.228 -074.974
18330 +40.963 -075.450
18331 +40.908 -075.440
18332 +41.095 -075.261
18333 +40.898 -075.491
18334 +41.073 -075.442
18335 +41.058 -075.108
18336 +41.373 -074.740
18337 +41.329 -074.872
18340 +41.418 -074.766
18342 +41.170 -075.305
18343 +40.890 -075.109
18344 +41.121 -075.334
18346 +41.143 -075.421
18347 +41.155 -075.543
18349 +41.100 -075.368
18350 +41.114 -075.458
18351 +40.923 -075.100
18353 +40.895 -075.358
18354 +40.923 -075.322
18355 +41.077 -075.363
18356 +41.016 -075.112
18357 +41.232 -075.211
18360 +40.967 -075.288
18370 +41.088 -075.337
18371 +41.156 -075.037
18372 +41.044 -075.334
18403 +41.509 -075.535
18405 +41.600 -075.104
18407 +41.592 -075.535
18411 +41.459 -075.747
18413 +41.648 -075.533
18414 +41.542 -075.745
18415 +41.755 -075.082
18417 +41.810 -075.201
18419 +41.577 -075.798
18420 +41.608 -075.700
18421 +41.664 -075.493
18424 +41.244 -075.517
18425 +41.438 -075.043
18426 +41.326 -075.239
18428 +41.450 -075.109
18430 +41.741 -075.474
18431 +41.616 -075.258
18433 +41.573 -075.581
18434 +41.452 -075.541
18435 +41.491 -075.015
18436 +41.443 -075.393
18437 +41.875 -075.286
18438 +41.432 -075.245
18439 +41.826 -075.349
18440 +41.559 -075.765
18441 +41.663 -075.619
18443 +41.663 -075.102
18444 +41.341 -075.552
18445 +41.298 -075.359
18446 +41.656 -075.759
18447 +41.511 -075.620
18451 +41.397 -075.218
18452 +41.484 -075.590
18453 +41.745 -075.367
18454 +41.821 -075.433
18455 +41.893 -075.359
18456 +41.621 -075.337
18457 +41.472 -075.049
18458 +41.396 -074.919
18460 +41.269 -075.345
18461 +41.929 -075.328
18462 +41.900 -075.436
18463 +41.347 -075.380
18464 +41.404 -075.178
18465 +41.831 -075.517
18466 +41.196 -075.377
18469 +41.702 -075.152
18470 +41.735 -075.529
18471 +41.529 -075.697
18472 +41.588 -075.400
18473 +41.530 -075.207
18503 +41.410 -075.668
18504 +41.423 -075.705
18505 +41.388 -075.648
18507 +41.359 -075.682
18508 +41.455 -075.658
18509 +41.431 -075.643
18510 +41.407 -075.644
18512 +41.426 -075.593
18517 +41.395 -075.715
18518 +41.375 -075.740
18519 +41.462 -075.631
18602 +41.186 -075.754
18603 +41.083 -076.248
18610 +41.059 -075.534
18612 +41.350 -075.980
18614 +41.483 -076.356
18615 +41.458 -075.859
18616 +41.519 -076.640
18617 +41.171 -076.078
18618 +41.380 -076.038
18619 +41.431 -076.713
18621 +41.255 -076.091
18622 +41.201 -076.274
18623 +41.665 -076.152
18624 +41.061 -075.647
18625 +41.515 -075.850
18626 +41.414 -076.454
18627 +41.316 -076.022
18628 +41.430 -076.314
18629 +41.518 -076.141
18630 +41.662 -076.024
18631 +41.031 -076.303
18632 +41.459 -076.377
18634 +41.186 -076.023
18635 +41.029 -076.201
18636 +41.399 -076.082
18640 +41.297 -075.740
18641 +41.336 -075.728
18642 +41.356 -075.773
18643 +41.362 -075.839
18644 +41.328 -075.882
18651 +41.254 -075.960
18655 +41.188 -076.203
18656 +41.333 -076.185
18657 +41.523 -075.959
18660 +41.099 -076.063
18661 +41.076 -075.741
18701 +41.243 -075.885
18702 +41.230 -075.757
18704 +41.276 -075.895
18705 +41.272 -075.843
18706 +41.203 -075.915
18707 +41.134 -075.918
18708 +41.296 -075.963
18709 +41.286 -075.897
18801 +41.826 -075.940
18810 +41.931 -076.501
18812 +41.973 -075.965
18814 +41.784 -076.601
18816 +41.740 -075.910
18817 +41.872 -076.623
18818 +41.915 -076.051
18820 +41.778 -075.650
18821 +41.990 -075.723
18822 +41.940 -075.795
18823 +41.774 -075.692
18824 +41.697 -075.787
18825 +41.826 -075.607
18826 +41.749 -075.727
18828 +41.797 -076.110
18829 +41.838 -076.174
18830 +41.959 -076.114
18831 +41.894 -076.598
18832 +41.678 -076.569
18833 +41.591 -076.469
18834 +41.831 -075.721
18837 +41.915 -076.303
18840 +41.973 -076.530
18842 +41.769 -075.613
18843 +41.804 -075.894
18844 +41.695 -075.913
18845 +41.787 -076.182
18846 +41.621 -076.230
18847 +41.929 -075.579
18848 +41.753 -076.457
18850 +41.872 -076.473
18851 +41.937 -076.180
18853 +41.721 -076.277
18854 +41.791 -076.356
18901 +40.305 -075.151
18902 +40.353 -075.098
18912 +40.316 -075.064
18913 +40.372 -075.056
18914 +40.289 -075.211
18915 +40.273 -075.256
18917 +40.369 -075.200
18920 +40.493 -075.087
18921 +40.530 -075.171
18923 +40.354 -075.167
18925 +40.284 -075.063
18927 +40.324 -075.241
18929 +40.258 -075.079
18930 +40.532 -075.213
18932 +40.292 -075.250
18933 +40.402 -075.039
18935 +40.433 -075.395
18936 +40.226 -075.228
18938 +40.351 -074.998
18940 +40.261 -074.937
18942 +40.474 -075.167
18944 +40.396 -075.231
18946 +40.286 -075.005
18947 +40.423 -075.118
18950 +40.435 -075.066
18951 +40.459 -075.347
18954 +40.225 -074.993
18955 +40.482 -075.311
18960 +40.366 -075.326
18962 +40.345 -075.270
18964 +40.303 -075.338
18966 +40.188 -075.010
18969 +40.326 -075.368
18970 +40.412 -075.381
18972 +40.527 -075.125
18974 +40.217 -075.073
18976 +40.249 -075.144
18977 +40.284 -074.874
18980 +40.273 -075.011
19001 +40.126 -075.127
19002 +40.188 -075.216
19003 +40.002 -075.298
19004 +40.010 -075.232
19006 +40.129 -075.060
19007 +40.116 -074.857
19008 +39.974 -075.361
19009 +40.138 -075.063
19010 +40.024 -075.330
19012 +40.060 -075.106
19013 +39.845 -075.375
19014 +39.865 -075.433
19015 +39.867 -075.391
19017 +39.891 -075.463
19018 +39.923 -075.298
19020 +40.100 -074.938
19021 +40.089 -074.894
19022 +39.857 -075.338
19023 +39.917 -075.267
19025 +40.146 -075.163
19026 +39.950 -075.304
19027 +40.073 -075.125
19029 +39.863 -075.293
19030 +40.182 -074.835
19031 +40.108 -075.217
19032 +39.888 -075.276
19033 +39.891 -075.329
19034 +40.134 -075.210
19035 +40.051 -075.278
19036 +39.904 -075.293
19038 +40.105 -075.170
19040 +40.177 -075.106
19041 +40.004 -075.320
19043 +39.900 -075.309
19044 +40.189 -075.152
19046 +40.101 -075.106
19047 +40.180 -074.912
19050 +39.938 -075.264
19052 +39.897 -075.445
19053 +40.154 -074.975
19054 +40.171 -074.817
19055 +40.150 -074.839
19056 +40.150 -074.885
19057 +40.141 -074.858
19060 +39.851 -075.492
19061 +39.828 -075.432
19063 +39.922 -075.414
19064 +39.932 -075.339
19066 +40.002 -075.249
19067 +40.230 -074.859
19070 +39.906 -075.325
19072 +40.024 -075.258
19073 +39.983 -075.429
19074 +39.886 -075.296
19075 +40.115 -075.190
19076 +39.886 -075.307
19078 +39.874 -075.321
19079 +39.902 -075.266
19081 +39.899 -075.348
19082 +39.960 -075.270
19083 +39.977 -075.312
19085 +40.037 -075.350
19086 +39.891 -075.370
19087 +40.062 -075.400
19090 +40.148 -075.124
19094 +39.875 -075.347
19095 +40.086 -075.151
19096 +39.998 -075.274
19102 +39.953 -075.165
19103 +39.953 -075.174
19104 +39.959 -075.199
19106 +39.947 -075.142
19107 +39.952 -075.159
19108 +39.960 -075.161
19109 +39.950 -075.164
19111 +40.061 -075.080
19112 +39.890 -075.169
19113 +39.871 -075.273
19114 +40.069 -075.000
19115 +40.091 -075.043
19116 +40.117 -075.015
19118 +40.074 -075.211
19119 +40.053 -075.191
19120 +40.034 -075.119
19121 +39.982 -075.180
19122 +39.978 -075.146
19123 +39.964 -075.145
19124 +40.017 -075.095
19125 +39.977 -075.125
19126 +40.056 -075.137
19127 +40.029 -075.227
19128 +40.050 -075.230
19129 +40.013 -075.185
19130 +39.968 -075.175
19131 +39.987 -075.219
19132 +39.997 -075.171
19133 +39.993 -075.141
19134 +39.989 -075.109
19135 +40.022 -075.051
19136 +40.040 -075.020
19137 +39.993 -075.072
19138 +40.056 -075.159
19139 +39.962 -075.231
19140 +40.012 -075.145
19141 +40.038 -075.145
19142 +39.922 -075.233
19143 +39.944 -075.227
19144 +40.032 -075.176
19145 +39.915 -075.191
19146 +39.939 -075.184
19147 +39.936 -075.155
19148 +39.912 -075.151
19149 +40.038 -075.066
19150 +40.073 -075.172
19151 +39.980 -075.257
19152 +40.062 -075.046
19153 +39.880 -075.238
19154 +40.096 -074.983
19301 +40.040 -075.480
19310 +39.935 -075.973
19311 +39.821 -075.771
19312 +40.032 -075.451
19316 +40.054 -075.834
19317 +39.862 -075.603
19319 +39.927 -075.524
19320 +39.963 -075.832
19330 +39.868 -075.914
19333 +40.042 -075.424
19335 +40.023 -075.721
19341 +40.040 -075.641
19342 +39.908 -075.500
19343 +40.101 -075.755
19344 +40.084 -075.881
19345 +40.030 -075.570
19348 +39.866 -075.720
19350 +39.760 -075.796
19352 +39.784 -075.888
19355 +40.045 -075.528
19358 +39.964 -075.807
19362 +39.751 -076.070
19363 +39.788 -075.968
19365 +39.966 -075.925
19367 +39.963 -075.884
19369 +39.981 -075.895
19372 +39.999 -075.757
19373 +39.901 -075.533
19374 +39.829 -075.751
19375 +39.900 -075.737
19380 +39.987 -075.603
19382 +39.928 -075.613
19383 +39.937 -075.606
19390 +39.836 -075.842
19401 +40.130 -075.332
19403 +40.149 -075.379
19405 +40.100 -075.334
19406 +40.095 -075.386
19422 +40.157 -075.279
19425 +40.105 -075.644
19426 +40.189 -075.438
19428 +40.080 -075.303
19435 +40.328 -075.565
19436 +40.203 -075.249
19437 +40.180 -075.260
19438 +40.269 -075.390
19440 +40.285 -075.291
19442 +40.133 -075.579
19444 +40.087 -075.254
19446 +40.231 -075.304
19453 +40.138 -075.502
19454 +40.226 -075.244
19456 +40.137 -075.460
19457 +40.207 -075.586
19460 +40.126 -075.530
19462 +40.115 -075.282
19464 +40.259 -075.616
19465 +40.190 -075.685
19468 +40.208 -075.532
19472 +40.340 -075.582
19473 +40.256 -075.483
19474 +40.224 -075.405
19475 +40.172 -075.599
19477 +40.184 -075.236
19490 +40.197 -075.354
19492 +40.282 -075.493
19501 +40.244 -076.065
19503 +40.408 -075.571
19504 +40.416 -075.589
19505 +40.379 -075.622
19506 +40.454 -076.129
19507 +40.505 -076.270
19508 +40.260 -075.832
19510 +40.446 -075.882
19511 +40.486 -075.743
19512 +40.351 -075.679
19516 +40.487 -076.005
19518 +40.272 -075.750
19520 +40.157 -075.801
19522 +40.449 -075.817
19523 +40.201 -075.851
19525 +40.309 -075.586
19526 +40.547 -075.997
19529 +40.641 -075.859
19530 +40.539 -075.781
19533 +40.425 -075.993
19534 +40.583 -075.879
19535 +40.340 -075.794
19536 +40.481 -075.759
19538 +40.548 -075.703
19539 +40.496 -075.684
19540 +40.236 -075.967
19541 +40.478 -076.018
19543 +40.176 -075.895
19544 +40.417 -076.297
19545 +40.341 -075.630
19547 +40.381 -075.773
19549 +40.583 -076.031
19550 +40.455 -076.250
19551 +40.362 -076.137
19554 +40.513 -076.104
19555 +40.494 -075.954
19559 +40.493 -076.185
19560 +40.404 -075.880
19562 +40.503 -075.702
19564 +40.518 -075.872
19565 +40.343 -076.088
19567 +40.399 -076.209
19601 +40.357 -075.938
19602 +40.328 -075.917
19604 +40.358 -075.909
19605 +40.399 -075.946
19606 +40.339 -075.857
19607 +40.291 -075.945
19608 +40.314 -076.035
19609 +40.328 -075.997
19610 +40.342 -075.975
19611 +40.325 -075.943
19701 +39.584 -075.697
19702 +39.618 -075.730
19703 +39.802 -075.454
19706 +39.575 -075.591
19707 +39.786 -075.684
19709 +39.494 -075.677
19710 +39.790 -075.585
19711 +39.714 -075.741
19713 +39.671 -075.710
19716 +39.668 -075.746
19717 +39.679 -075.750
19720 +39.645 -075.604
19730 +39.455 -075.661
19731 +39.509 -075.601
19732 +39.800 -075.575
19733 +39.559 -075.652
19734 +39.382 -075.653
19735 +39.807 -075.597
19736 +39.780 -075.643
19801 +39.724 -075.541
19802 +39.755 -075.526
19803 +39.800 -075.542
19804 +39.719 -075.622
19805 +39.745 -075.594
19806 +39.763 -075.563
19807 +39.797 -075.613
19808 +39.738 -075.667
19809 +39.757 -075.501
19810 +39.819 -075.506
19901 +39.182 -075.474
19902 +39.128 -075.467
19904 +39.171 -075.588
19930 +38.553 -075.069
19931 +38.569 -075.610
19933 +38.733 -075.603
19934 +39.085 -075.627
19936 +39.219 -075.585
19938 +39.256 -075.699
19939 +38.569 -075.208
19940 +38.478 -075.565
19941 +38.794 -075.426
19943 +39.004 -075.607
19944 +38.478 -075.053
19945 +38.498 -075.229
19946 +39.035 -075.450
19947 +38.670 -075.405
19950 +38.818 -075.597
19951 +38.685 -075.255
19952 +38.917 -075.612
19953 +39.152 -075.694
19954 +38.897 -075.520
19955 +39.227 -075.665
19956 +38.548 -075.538
19958 +38.729 -075.169
19960 +38.851 -075.409
19962 +39.069 -075.488
19963 +38.943 -075.363
19964 +39.096 -075.725
19966 +38.579 -075.277
19967 +38.540 -075.121
19968 +38.783 -075.280
19970 +38.555 -075.099
19971 +38.695 -075.100
19973 +38.634 -075.624
19975 +38.469 -075.172
19977 +39.299 -075.546
19979 +39.050 -075.576
19980 +39.074 -075.570
20001 +38.910 -077.018
20002 +38.905 -076.984
20003 +38.882 -076.991
20004 +38.895 -077.027
20005 +38.904 -077.032
20006 +38.898 -077.041
20007 +38.918 -077.091
20008 +38.935 -077.059
20009 +38.919 -077.037
20010 +38.933 -077.032
20011 +38.953 -077.023
20012 +38.979 -077.031
20015 +38.967 -077.058
20016 +38.937 -077.090
20017 +38.938 -076.993
20018 +38.927 -076.974
20019 +38.892 -076.942
20020 +38.860 -076.979
20024 +38.871 -077.027
20032 +38.832 -077.017
20036 +38.907 -077.042
20037 +38.892 -077.054
20045 +38.897 -077.031
20052 +38.899 -077.048
20057 +38.909 -077.075
20059 +38.922 -077.020
20064 +38.936 -076.999
20105 +38.953 -077.604
20106 +38.699 -078.002
20109 +38.794 -077.531
20110 +38.746 -077.488
20111 +38.749 -077.428
20112 +38.671 -077.430
20115 +38.816 -077.890
20117 +38.999 -077.734
20119 +38.621 -077.626
20120 +38.857 -077.484
20121 +38.811 -077.463
20124 +38.781 -077.391
20129 +39.163 -077.593
20130 +39.040 -077.942
20132 +39.166 -077.727
20135 +39.086 -077.887
20136 +38.730 -077.544
20137 +38.807 -077.722
20141 +39.121 -077.791
20143 +38.875 -077.562
20144 +38.921 -077.935
20147 +39.042 -077.478
20148 +38.994 -077.532
20151 +38.897 -077.444
20152 +38.899 -077.519
20155 +38.807 -077.621
20158 +39.140 -077.659
20164 +39.011 -077.397
20165 +39.058 -077.392
20166 +38.970 -077.464
20169 +38.872 -077.641
20170 +38.980 -077.380
20171 +38.927 -077.397
20175 +39.064 -077.604
20176 +39.180 -077.533
20180 +39.269 -077.638
20181 +38.669 -077.550
20184 +39.001 -077.879
20186 +38.688 -077.840
20187 +38.722 -077.737
20190 +38.959 -077.341
20191 +38.933 -077.350
20194 +38.981 -077.341
20197 +39.195 -077.628
20198 +38.884 -077.745
20204 +38.886 -077.014
20220 +38.897 -077.034
20230 +38.894 -077.036
20240 +38.894 -077.043
20245 +38.894 -077.045
20250 +38.886 -077.033
20260 +38.884 -077.025
20317 +38.935 -077.014
20319 +38.867 -077.017
20373 +38.855 -077.013
20388 +38.872 -076.994
20390 +38.879 -076.994
20408 +38.893 -077.023
20415 +38.895 -077.044
20418 +38.893 -077.048
20422 +38.927 -077.010
20427 +38.902 -077.048
20431 +38.899 -077.044
20510 +38.893 -077.007
20515 +38.887 -077.009
20520 +38.895 -077.048
20530 +38.893 -077.025
20535 +38.895 -077.025
20540 +38.888 -077.005
20542 +38.941 -077.028
20551 +38.893 -077.046
20560 +38.890 -077.027
20565 +38.890 -077.019
20566 +38.896 -077.056
20591 +38.887 -077.023
20601 +38.620 -076.856
20602 +38.583 -076.895
20603 +38.629 -076.976
20606 +38.258 -076.743
20607 +38.673 -077.027
20608 +38.582 -076.701
20609 +38.281 -076.748
20611 +38.455 -076.987
20612 +38.510 -076.679
20613 +38.671 -076.805
20615 +38.411 -076.549
20616 +38.662 -077.098
20617 +38.544 -076.853
20618 +38.276 -076.800
20619 +38.293 -076.528
20620 +38.233 -076.522
20621 +38.326 -076.801
20622 +38.417 -076.878
20623 +38.742 -076.842
20624 +38.338 -076.733
20625 +38.257 -076.845
20626 +38.237 -076.763
20628 +38.153 -076.340
20629 +38.344 -076.456
20630 +38.160 -076.463
20632 +38.423 -076.955
20634 +38.242 -076.498
20636 +38.352 -076.567
20637 +38.525 -076.756
20639 +38.601 -076.605
20640 +38.527 -077.202
20645 +38.297 -076.916
20646 +38.521 -077.000
20650 +38.260 -076.632
20653 +38.237 -076.429
20656 +38.338 -076.681
20657 +38.384 -076.440
20658 +38.571 -077.158
20659 +38.408 -076.732
20660 +38.369 -076.707
20661 +38.264 -076.849
20662 +38.429 -077.205
20664 +38.343 -076.910
20667 +38.215 -076.448
20670 +38.285 -076.408
20674 +38.147 -076.535
20675 +38.583 -077.015
20676 +38.487 -076.545
20677 +38.495 -077.037
20678 +38.525 -076.595
20680 +38.109 -076.386
20684 +38.125 -076.421
20685 +38.434 -076.529
20686 +38.187 -076.433
20687 +38.064 -076.340
20688 +38.327 -076.464
20689 +38.670 -076.586
20690 +38.158 -076.535
20692 +38.180 -076.500
20693 +38.459 -077.087
20695 +38.588 -076.979
20701 +39.133 -076.788
20705 +39.047 -076.898
20706 +38.966 -076.851
20707 +39.096 -076.884
20708 +39.043 -076.826
20710 +38.942 -076.926
20711 +38.801 -076.645
20712 +38.942 -076.965
20714 +38.703 -076.533
20715 +38.987 -076.736
20716 +38.926 -076.715
20720 +38.996 -076.783
20721 +38.915 -076.785
20722 +38.935 -076.951
20723 +39.138 -076.868
20724 +39.080 -076.791
20732 +38.655 -076.543
20733 +38.806 -076.532
20735 +38.751 -076.903
20736 +38.690 -076.617
20737 +38.962 -076.915
20740 +39.003 -076.931
20742 +38.994 -076.943
20743 +38.884 -076.894
20744 +38.746 -076.983
20745 +38.806 -076.995
20746 +38.836 -076.918
20747 +38.853 -076.883
20748 +38.815 -076.933
20751 +38.794 -076.561
20754 +38.732 -076.657
20755 +39.098 -076.745
20758 +38.734 -076.590
20759 +39.154 -076.931
20762 +38.810 -076.869
20763 +39.137 -076.820
20764 +38.832 -076.504
20765 +38.846 -076.548
20769 +38.992 -076.809
20770 +39.000 -076.889
20771 +39.009 -076.856
20772 +38.780 -076.767
20774 +38.876 -076.770
20776 +38.878 -076.592
20777 +39.175 -076.969
20778 +38.829 -076.573
20779 +38.759 -076.569
20781 +38.953 -076.946
20782 +38.966 -076.966
20783 +38.997 -076.967
20784 +38.951 -076.892
20785 +38.918 -076.882
20794 +39.151 -076.795
20812 +38.967 -077.144
20814 +39.005 -077.103
20815 +38.983 -077.079
20816 +38.957 -077.120
20817 +38.997 -077.152
20818 +38.973 -077.162
20832 +39.150 -077.078
20833 +39.210 -077.062
20837 +39.117 -077.407
20838 +39.224 -077.370
20839 +39.182 -077.431
20841 +39.182 -077.322
20842 +39.200 -077.415
20850 +39.089 -077.180
20851 +39.078 -077.121
20852 +39.052 -077.124
20853 +39.102 -077.095
20854 +39.033 -077.221
20855 +39.137 -077.132
20860 +39.151 -077.035
20861 +39.149 -076.999
20862 +39.181 -077.017
20866 +39.109 -076.934
20868 +39.126 -076.961
20871 +39.259 -077.282
20872 +39.299 -077.207
20874 +39.133 -077.302
20876 +39.207 -077.234
20877 +39.141 -077.192
20878 +39.113 -077.250
20879 +39.167 -077.164
20880 +39.141 -077.175
20882 +39.229 -077.163
20886 +39.189 -077.205
20889 +39.004 -077.087
20892 +39.001 -077.104
20894 +38.996 -077.102
20895 +39.027 -077.078
20896 +39.035 -077.095
20899 +39.144 -077.216
20901 +39.021 -077.010
20902 +39.044 -077.042
20903 +39.021 -076.981
20904 +39.070 -076.977
20905 +39.110 -076.988
20906 +39.087 -077.055
20910 +39.003 -077.037
20912 +38.982 -077.001
21001 +39.504 -076.201
21005 +39.473 -076.111
21009 +39.471 -076.285
21010 +39.391 -076.293
21012 +39.047 -076.496
21013 +39.511 -076.491
21014 +39.536 -076.352
21015 +39.544 -076.292
21017 +39.475 -076.235
21023 +39.523 -076.740
21028 +39.566 -076.250
21029 +39.214 -076.959
21030 +39.516 -076.699
21031 +39.487 -076.658
21032 +39.028 -076.604
21034 +39.641 -076.223
21035 +38.938 -076.627
21036 +39.235 -077.007
21037 +38.919 -076.543
21040 +39.430 -076.284
21042 +39.277 -076.895
21043 +39.256 -076.801
21044 +39.205 -076.879
21045 +39.206 -076.828
21046 +39.174 -076.835
21047 +39.527 -076.438
21048 +39.500 -076.925
21050 +39.585 -076.392
21051 +39.473 -076.456
21052 +39.205 -076.440
21053 +39.697 -076.715
21054 +39.056 -076.691
21056 +39.079 -076.436
21057 +39.449 -076.512
21060 +39.174 -076.578
21061 +39.161 -076.632
21071 +39.484 -076.810
21074 +39.622 -076.840
21075 +39.203 -076.751
21076 +39.171 -076.723
21077 +39.158 -076.700
21078 +39.559 -076.141
21082 +39.478 -076.473
21084 +39.614 -076.466
21085 +39.446 -076.357
21087 +39.449 -076.413
21090 +39.210 -076.665
21093 +39.438 -076.642
21102 +39.692 -076.848
21104 +39.347 -076.913
21105 +39.715 -076.652
21108 +39.090 -076.621
21111 +39.576 -076.590
21113 +39.063 -076.712
21114 +39.010 -076.684
21117 +39.428 -076.776
21120 +39.646 -076.675
21122 +39.114 -076.487
21128 +39.405 -076.448
21130 +39.475 -076.189
21131 +39.504 -076.589
21132 +39.696 -076.422
21133 +39.378 -076.811
21136 +39.439 -076.845
21140 +38.951 -076.587
21144 +39.121 -076.678
21146 +39.079 -076.559
21152 +39.555 -076.686
21153 +39.418 -076.701
21154 +39.657 -076.360
21155 +39.574 -076.806
21156 +39.429 -076.404
21157 +39.549 -076.984
21158 +39.654 -077.035
21160 +39.700 -076.307
21161 +39.660 -076.565
21162 +39.390 -076.406
21163 +39.338 -076.848
21201 +39.295 -076.622
21202 +39.297 -076.608
21204 +39.406 -076.626
21205 +39.302 -076.564
21206 +39.338 -076.539
21207 +39.324 -076.719
21208 +39.384 -076.724
21209 +39.375 -076.663
21210 +39.358 -076.635
21211 +39.329 -076.639
21212 +39.367 -076.615
21213 +39.315 -076.577
21214 +39.352 -076.564
21215 +39.346 -076.682
21216 +39.311 -076.672
21217 +39.307 -076.638
21218 +39.330 -076.601
21219 +39.230 -076.436
21220 +39.343 -076.391
21221 +39.292 -076.437
21222 +39.265 -076.496
21223 +39.283 -076.654
21224 +39.276 -076.542
21225 +39.226 -076.616
21226 +39.209 -076.563
21227 +39.240 -076.679
21228 +39.273 -076.748
21229 +39.284 -076.691
21230 +39.268 -076.627
21231 +39.289 -076.592
21233 +39.292 -076.605
21234 +39.393 -076.532
21236 +39.388 -076.484
21237 +39.342 -076.495
21239 +39.365 -076.587
21240 +39.175 -076.672
21244 +39.335 -076.777
21250 +39.256 -076.711
21251 +39.350 -076.580
21252 +39.394 -076.611
21285 +39.387 -076.617
21286 +39.412 -076.573
21287 +39.299 -076.588
21401 +38.988 -076.553
21402 +38.988 -076.471
21403 +38.942 -076.490
21405 +39.028 -076.548
21409 +39.018 -076.443
21502 +39.641 -078.756
21520 +39.637 -079.308
21521 +39.550 -079.046
21523 +39.481 -079.079
21524 +39.707 -078.802
21529 +39.714 -078.776
21530 +39.680 -078.546
21531 +39.643 -079.428
21532 +39.649 -078.985
21536 +39.657 -079.166
21538 +39.410 -079.224
21539 +39.595 -079.010
21540 +39.479 -079.059
21541 +39.541 -079.380
21542 +39.591 -078.951
21543 +39.644 -078.961
21545 +39.704 -078.855
21550 +39.392 -079.392
21555 +39.575 -078.563
21557 +39.523 -078.928
21560 +39.565 -078.706
21561 +39.492 -079.194
21562 +39.514 -079.039
21601 +38.792 -076.088
21607 +39.134 -075.856
21610 +39.367 -076.072
21612 +38.752 -076.267
21613 +38.503 -076.079
21617 +39.049 -076.045
21619 +38.942 -076.266
21620 +39.208 -076.083
21622 +38.414 -076.159
21623 +39.124 -075.967
21624 +38.834 -076.276
21625 +38.864 -075.981
21626 +38.343 -076.068
21627 +38.233 -076.046
21628 +39.233 -075.922
21629 +38.859 -075.825
21631 +38.582 -075.939
21632 +38.731 -075.772
21634 +38.286 -076.194
21635 +39.335 -075.847
21636 +39.015 -075.796
21638 +38.940 -076.208
21639 +38.959 -075.782
21640 +39.068 -075.821
21641 +38.917 -075.942
21643 +38.646 -075.870
21644 +39.117 -075.874
21645 +39.316 -075.956
21647 +38.796 -076.285
21648 +38.509 -076.240
21649 +39.146 -075.784
21650 +39.311 -075.809
21651 +39.256 -075.858
21652 +38.719 -076.281
21653 +38.744 -076.176
21654 +38.690 -076.132
21655 +38.745 -075.913
21657 +38.939 -075.981
21658 +38.944 -076.144
21659 +38.575 -075.800
21660 +38.956 -075.889
21661 +39.096 -076.219
21662 +38.714 -076.201
21663 +38.788 -076.231
21664 +38.608 -075.947
21665 +38.755 -076.368
21666 +38.940 -076.336
21667 +39.344 -076.052
21668 +39.191 -075.851
21669 +38.462 -076.295
21671 +38.696 -076.335
21672 +38.272 -076.053
21673 +38.642 -076.043
21675 +38.289 -076.090
21676 +38.787 -076.301
21677 +38.472 -076.174
21678 +39.314 -076.113
21679 +38.920 -076.094
21701 +39.444 -077.333
21702 +39.479 -077.443
21703 +39.367 -077.473
21704 +39.355 -077.376
21705 +39.409 -077.410
21710 +39.308 -077.432
21711 +39.668 -078.020
21713 +39.525 -077.670
21714 +39.411 -077.510
21715 +39.379 -077.661
21716 +39.318 -077.627
21717 +39.339 -077.432
21718 +39.393 -077.628
21719 +39.705 -077.500
21722 +39.665 -077.913
21723 +39.329 -077.003
21727 +39.689 -077.329
21733 +39.550 -077.758
21734 +39.606 -077.704
21737 +39.248 -077.027
21738 +39.280 -077.027
21740 +39.632 -077.744
21742 +39.678 -077.653
21746 +39.566 -077.714
21750 +39.662 -078.236
21754 +39.332 -077.316
21755 +39.360 -077.568
21756 +39.460 -077.694
21757 +39.594 -077.258
21758 +39.353 -077.657
21762 +39.481 -077.248
21766 +39.670 -078.388
21767 +39.698 -077.747
21769 +39.442 -077.569
21770 +39.350 -077.256
21771 +39.395 -077.158
21773 +39.543 -077.552
21774 +39.410 -077.274
21776 +39.518 -077.100
21777 +39.279 -077.529
21778 +39.616 -077.328
21779 +39.424 -077.654
21780 +39.672 -077.472
21781 +39.571 -077.760
21782 +39.455 -077.760
21783 +39.652 -077.553
21784 +39.401 -076.974
21787 +39.678 -077.173
21788 +39.590 -077.414
21790 +39.263 -077.503
21791 +39.533 -077.189
21793 +39.489 -077.344
21794 +39.298 -076.966
21795 +39.581 -077.824
21797 +39.331 -077.069
21798 +39.538 -077.295
21801 +38.349 -075.678
21804 +38.314 -075.532
21810 +38.291 -075.689
21811 +38.321 -075.222
21813 +38.423 -075.180
21814 +38.293 -075.899
21817 +37.981 -075.836
21821 +38.165 -075.917
21822 +38.288 -075.661
21824 +37.985 -076.037
21826 +38.320 -075.627
21829 +38.098 -075.371
21830 +38.397 -075.735
21835 +38.534 -075.936
21837 +38.455 -075.766
21838 +38.018 -075.738
21840 +38.249 -075.900
21841 +38.224 -075.281
21842 +38.363 -075.085
21849 +38.365 -075.456
21850 +38.362 -075.397
21851 +38.078 -075.544
21853 +38.204 -075.721
21856 +38.331 -075.795
21861 +38.536 -075.727
21862 +38.396 -075.213
21863 +38.188 -075.399
21864 +38.032 -075.406
21865 +38.283 -075.827
21866 +37.967 -076.021
21867 +38.110 -075.794
21869 +38.387 -075.916
21871 +38.107 -075.742
21872 +38.415 -075.299
21874 +38.394 -075.352
21875 +38.440 -075.545
21890 +38.158 -075.701
21901 +39.583 -075.967
21902 +39.552 -076.064
21903 +39.574 -076.045
21904 +39.615 -076.068
21911 +39.695 -076.032
21912 +39.419 -075.819
21913 +39.414 -075.870
21914 +39.575 -075.985
21915 +39.496 -075.848
21917 +39.672 -076.097
21918 +39.678 -076.176
21919 +39.419 -075.934
21920 +39.656 -075.841
21921 +39.627 -075.860
21930 +39.370 -075.887
22003 +38.830 -077.214
22015 +38.786 -077.280
22025 +38.592 -077.349
22026 +38.560 -077.296
22027 +38.895 -077.223
22030 +38.837 -077.340
22031 +38.859 -077.260
22032 +38.818 -077.290
22033 +38.875 -077.385
22035 +38.856 -077.363
22039 +38.749 -077.314
22041 +38.849 -077.141
22042 +38.865 -077.194
22043 +38.901 -077.197
22044 +38.862 -077.154
22046 +38.886 -077.181
22060 +38.699 -077.157
22066 +39.012 -077.302
22079 +38.676 -077.204
22101 +38.940 -077.165
22102 +38.951 -077.230
22124 +38.895 -077.330
22125 +38.682 -077.262
22134 +38.533 -077.405
22150 +38.773 -077.187
22151 +38.804 -077.208
22152 +38.774 -077.232
22153 +38.745 -077.236
22172 +38.579 -077.400
22180 +38.895 -077.256
22181 +38.906 -077.290
22182 +38.938 -077.276
22191 +38.623 -077.263
22192 +38.684 -077.318
22193 +38.644 -077.351
22201 +38.887 -077.095
22202 +38.857 -077.051
22203 +38.874 -077.116
22204 +38.861 -077.099
22205 +38.883 -077.140
22206 +38.844 -077.087
22207 +38.907 -077.124
22209 +38.894 -077.073
22211 +38.880 -077.075
22213 +38.895 -077.162
22214 +38.875 -077.065
22301 +38.820 -077.059
22302 +38.828 -077.083
22303 +38.794 -077.082
22304 +38.813 -077.112
22305 +38.836 -077.062
22306 +38.750 -077.107
22307 +38.770 -077.059
22308 +38.729 -077.061
22309 +38.720 -077.106
22310 +38.785 -077.122
22311 +38.834 -077.126
22312 +38.818 -077.154
22314 +38.807 -077.056
22315 +38.757 -077.147
22401 +38.299 -077.487
22405 +38.314 -077.404
22406 +38.400 -077.547
22407 +38.285 -077.581
22408 +38.211 -077.453
22427 +38.072 -077.289
22432 +37.861 -076.355
22433 +38.367 -077.859
22435 +37.967 -076.572
22436 +38.084 -077.117
22437 +37.780 -076.812
22438 +38.043 -076.996
22443 +38.170 -076.987
22448 +38.336 -077.028
22454 +37.833 -076.845
22460 +37.869 -076.607
22469 +38.064 -076.643
22472 +37.959 -076.673
22473 +37.882 -076.412
22476 +38.038 -077.067
22480 +37.663 -076.412
22482 +37.737 -076.347
22485 +38.277 -077.163
22488 +38.049 -076.587
22503 +37.750 -076.515
22504 +37.769 -076.721
22508 +38.313 -077.798
22509 +38.106 -077.074
22511 +37.994 -076.504
22514 +38.008 -077.329
22520 +38.119 -076.812
22529 +38.012 -076.690
22534 +38.087 -077.669
22535 +38.118 -077.197
22538 +38.193 -077.275
22539 +37.861 -076.286
22542 +38.293 -077.893
22546 +37.944 -077.446
22548 +37.827 -076.702
22551 +38.187 -077.700
22553 +38.272 -077.640
22554 +38.421 -077.375
22556 +38.489 -077.515
22560 +37.916 -076.961
22567 +38.238 -077.928
22572 +37.965 -076.771
22576 +37.687 -076.441
22578 +37.637 -076.356
22580 +38.113 -077.437
22601 +39.174 -078.174
22602 +39.144 -078.285
22603 +39.281 -078.207
22610 +38.825 -078.279
22611 +39.163 -077.985
22620 +39.060 -078.034
22623 +38.849 -078.141
22624 +39.261 -078.096
22625 +39.377 -078.309
22627 +38.772 -078.149
22630 +38.931 -078.176
22637 +39.257 -078.353
22639 +38.845 -078.035
22640 +38.811 -078.141
22641 +39.085 -078.393
22642 +38.948 -078.028
22643 +38.893 -078.013
22644 +38.966 -078.545
22645 +39.019 -078.275
22646 +39.073 -078.051
22650 +38.765 -078.365
22652 +38.840 -078.432
22654 +39.066 -078.464
22655 +39.066 -078.209
22656 +39.219 -078.101
22657 +39.001 -078.371
22660 +38.955 -078.440
22663 +39.053 -078.112
22664 +38.889 -078.532
22701 +38.426 -078.010
22709 +38.329 -078.214
22711 +38.465 -078.279
22712 +38.554 -077.751
22713 +38.533 -078.136
22714 +38.510 -077.891
22715 +38.414 -078.185
22716 +38.630 -078.103
22718 +38.460 -077.828
22719 +38.528 -078.281
22720 +38.480 -077.648
22722 +38.466 -078.227
22723 +38.335 -078.380
22724 +38.632 -077.904
22725 +38.441 -078.156
22726 +38.398 -077.817
22727 +38.408 -078.295
22728 +38.575 -077.680
22729 +38.353 -078.018
22730 +38.363 -078.164
22731 +38.344 -078.261
22732 +38.309 -078.192
22733 +38.321 -078.040
22734 +38.529 -077.810
22735 +38.481 -078.185
22736 +38.398 -077.694
22737 +38.592 -078.002
22738 +38.286 -078.288
22740 +38.646 -078.287
22741 +38.450 -077.864
22742 +38.465 -077.708
22743 +38.540 -078.381
22746 +38.626 -078.021
22747 +38.709 -078.166
22749 +38.619 -078.184
22801 +38.405 -078.881
22802 +38.494 -078.863
22807 +38.435 -078.869
22810 +38.834 -078.801
22811 +38.811 -078.992
22812 +38.378 -079.027
22815 +38.713 -078.841
22820 +38.745 -078.983
22821 +38.481 -079.128
22824 +38.847 -078.628
22827 +38.393 -078.615
22830 +38.667 -078.975
22831 +38.560 -079.122
22832 +38.458 -078.757
22834 +38.560 -078.855
22835 +38.670 -078.455
22840 +38.392 -078.744
22841 +38.342 -078.892
22842 +38.778 -078.700
22843 +38.368 -079.147
22844 +38.662 -078.658
22845 +38.777 -078.845
22846 +38.385 -078.796
22847 +38.718 -078.714
22849 +38.525 -078.630
22850 +38.565 -078.918
22851 +38.544 -078.503
22853 +38.652 -078.759
22901 +38.088 -078.553
22902 +37.910 -078.522
22903 +38.007 -078.595
22904 +38.035 -078.511
22908 +38.031 -078.497
22911 +38.097 -078.410
22920 +37.969 -078.806
22922 +37.686 -078.922
22923 +38.189 -078.317
22931 +37.899 -078.727
22932 +38.148 -078.696
22935 +38.254 -078.563
22936 +38.160 -078.499
22937 +37.814 -078.612
22938 +37.861 -078.775
22939 +38.103 -078.971
22940 +38.211 -078.595
22942 +38.101 -078.202
22943 +38.040 -078.778
22946 +37.848 -078.564
22947 +38.044 -078.325
22948 +38.363 -078.129
22949 +37.789 -078.883
22952 +37.934 -079.014
22957 +38.230 -078.192
22958 +37.893 -078.894
22959 +37.937 -078.657
22960 +38.220 -078.063
22963 +37.847 -078.294
22964 +37.724 -078.991
22967 +37.797 -079.014
22968 +38.242 -078.394
22969 +37.797 -078.693
22971 +37.748 -078.800
22972 +38.217 -078.233
22973 +38.335 -078.468
22974 +37.966 -078.267
22976 +37.849 -079.046
22980 +38.100 -078.881
22989 +38.293 -078.119
23002 +37.350 -077.959
23004 +37.688 -078.399
23005 +37.760 -077.484
23009 +37.812 -077.175
23011 +37.477 -076.812
23015 +37.930 -077.643
23021 +37.401 -076.372
23022 +37.737 -078.264
23023 +37.769 -076.964
23024 +37.928 -077.779
23025 +37.415 -076.362
23027 +37.646 -078.130
23030 +37.346 -077.055
23032 +37.655 -076.682
23035 +37.500 -076.382
23038 +37.753 -078.149
23039 +37.653 -077.802
23040 +37.520 -078.253
23043 +37.558 -076.336
23045 +37.425 -076.269
23047 +37.846 -077.487
23050 +37.488 -076.419
23055 +37.768 -078.217
23056 +37.394 -076.384
23059 +37.702 -077.574
23060 +37.660 -077.534
23061 +37.428 -076.538
23062 +37.263 -076.507
23063 +37.706 -077.981
23065 +37.806 -077.932
23066 +37.500 -076.293
23068 +37.490 -076.333
23069 +37.783 -077.343
23070 +37.552 -076.384
23071 +37.545 -076.449
23072 +37.290 -076.448
23075 +37.558 -077.317
23076 +37.472 -076.307
23079 +37.740 -076.678
23081 +37.194 -076.753
23083 +37.311 -078.105
23084 +37.885 -078.115
23085 +37.689 -076.826
23086 +37.669 -077.054
23089 +37.477 -076.915
23091 +37.656 -076.802
23092 +37.607 -076.515
23093 +38.004 -078.040
23102 +37.708 -077.829
23103 +37.648 -077.724
23106 +37.716 -077.207
23108 +37.656 -076.720
23109 +37.433 -076.326
23110 +37.570 -076.770
23111 +37.614 -077.243
23112 +37.433 -077.655
23113 +37.540 -077.680
23114 +37.483 -077.660
23116 +37.664 -077.325
23117 +37.982 -077.874
23119 +37.444 -076.277
23120 +37.422 -077.781
23123 +37.652 -078.301
23124 +37.551 -077.044
23126 +37.923 -077.144
23128 +37.447 -076.429
23129 +37.704 -077.778
23130 +37.387 -076.259
23138 +37.343 -076.304
23139 +37.546 -077.937
23140 +37.439 -077.049
23141 +37.535 -077.157
23146 +37.723 -077.710
23147 +37.370 -077.039
23148 +37.840 -077.059
23149 +37.576 -076.609
23150 +37.501 -077.253
23153 +37.780 -077.956
23156 +37.519 -076.726
23160 +37.629 -077.841
23161 +37.716 -076.935
23163 +37.357 -076.297
23168 +37.396 -076.825
23169 +37.603 -076.457
23173 +37.576 -077.542
23175 +37.655 -076.624
23176 +37.573 -076.415
23177 +37.729 -077.006
23180 +37.702 -076.615
23181 +37.597 -076.889
23185 +37.240 -076.701
23188 +37.342 -076.748
23192 +37.820 -077.681
23219 +37.541 -077.435
23220 +37.549 -077.461
23221 +37.550 -077.491
23222 +37.583 -077.419
23223 +37.558 -077.379
23224 +37.498 -077.467
23225 +37.520 -077.511
23226 +37.579 -077.520
23227 +37.612 -077.436
23228 +37.627 -077.493
23229 +37.588 -077.570
23230 +37.587 -077.489
23231 +37.442 -077.315
23233 +37.644 -077.629
23234 +37.453 -077.467
23235 +37.515 -077.565
23236 +37.476 -077.585
23237 +37.401 -077.457
23238 +37.593 -077.642
23250 +37.505 -077.321
23284 +37.549 -077.452
23294 +37.631 -077.543
23298 +37.542 -077.430
23301 +37.670 -075.644
23302 +37.854 -075.518
23303 +37.903 -075.506
23304 +36.996 -076.572
23306 +37.566 -075.885
23307 +37.432 -075.871
23308 +37.828 -075.632
23310 +37.259 -075.964
23314 +36.959 -076.524
23315 +36.737 -076.841
23316 +37.294 -075.966
23320 +36.752 -076.218
23321 +36.800 -076.421
23322 +36.626 -076.268
23323 +36.697 -076.380
23324 +36.800 -076.273
23325 +36.814 -076.240
23336 +37.949 -075.338
23337 +37.940 -075.466
23347 +37.357 -075.978
23350 +37.513 -075.863
23354 +37.479 -075.902
23356 +38.010 -075.385
23357 +37.756 -075.676
23358 +37.653 -075.868
23359 +37.888 -075.604
23389 +37.655 -075.833
23395 +37.970 -075.448
23398 +37.521 -075.940
23401 +37.628 -075.778
23405 +37.412 -075.927
23407 +37.847 -075.554
23408 +37.453 -075.843
23409 +37.888 -075.663
23410 +37.639 -075.745
23413 +37.462 -075.850
23414 +37.814 -075.587
23415 +37.975 -075.536
23416 +37.937 -075.561
23417 +37.732 -075.762
23418 +37.641 -075.668
23420 +37.599 -075.817
23421 +37.765 -075.612
23422 +37.635 -075.823
23423 +37.516 -075.741
23426 +37.925 -075.692
23427 +37.900 -075.718
23430 +36.999 -076.661
23432 +36.862 -076.552
23433 +36.916 -076.484
23434 +36.703 -076.592
23435 +36.849 -076.473
23436 +36.894 -076.507
23437 +36.627 -076.803
23438 +36.581 -076.697
23440 +37.825 -075.990
23441 +37.712 -075.699
23442 +37.894 -075.560
23451 +36.872 -076.004
23452 +36.846 -076.092
23453 +36.783 -076.071
23454 +36.865 -076.055
23455 +36.884 -076.143
23456 +36.737 -076.036
23457 +36.617 -076.015
23459 +36.917 -076.172
23460 +36.818 -076.032
23461 +36.771 -075.964
23462 +36.836 -076.146
23464 +36.797 -076.188
23480 +37.619 -075.691
23486 +37.518 -075.807
23487 +36.847 -076.725
23488 +37.948 -075.598
23502 +36.861 -076.205
23503 +36.949 -076.266
23504 +36.857 -076.266
23505 +36.913 -076.300
23507 +36.865 -076.303
23508 +36.885 -076.310
23509 +36.882 -076.264
23510 +36.852 -076.291
23511 +36.937 -076.309
23513 +36.889 -076.238
23517 +36.869 -076.292
23518 +36.916 -076.215
23523 +36.832 -076.272
23551 +36.924 -076.293
23601 +37.038 -076.480
23602 +37.113 -076.518
23603 +37.191 -076.565
23604 +37.119 -076.593
23605 +37.019 -076.437
23606 +37.066 -076.517
23607 +36.971 -076.424
23608 +37.148 -076.543
23651 +37.002 -076.310
23661 +37.001 -076.370
23662 +37.133 -076.353
23663 +37.016 -076.323
23664 +37.073 -076.295
23665 +37.084 -076.360
23666 +37.057 -076.408
23667 +37.022 -076.330
23668 +37.020 -076.339
23669 +37.051 -076.339
23681 +37.097 -076.384
23690 +37.220 -076.518
23691 +37.260 -076.573
23692 +37.212 -076.421
23693 +37.131 -076.445
23696 +37.189 -076.421
23701 +36.812 -076.369
23702 +36.803 -076.327
23703 +36.893 -076.373
23704 +36.827 -076.312
23707 +36.842 -076.340
23708 +36.848 -076.304
23709 +36.817 -076.299
23801 +37.236 -077.336
23803 +37.215 -077.470
23805 +37.132 -077.394
23821 +36.883 -077.913
23824 +37.089 -077.958
23827 +36.619 -077.200
23828 +36.581 -077.267
23829 +36.727 -077.228
23830 +37.024 -077.397
23831 +37.346 -077.451
23832 +37.388 -077.592
23833 +37.209 -077.669
23834 +37.290 -077.401
23836 +37.351 -077.331
23837 +36.757 -077.090
23838 +37.318 -077.634
23839 +37.086 -076.918
23840 +37.051 -077.671
23841 +37.062 -077.550
23842 +37.137 -077.217
23843 +36.850 -077.812
23844 +36.680 -077.327
23845 +36.579 -077.978
23846 +37.067 -076.834
23847 +36.664 -077.552
23850 +37.163 -077.743
23851 +36.652 -076.957
23856 +36.794 -077.703
23857 +36.585 -077.884
23860 +37.275 -077.227
23866 +36.924 -076.862
23867 +36.820 -077.489
23868 +36.709 -077.795
23870 +36.752 -077.500
23872 +36.983 -077.727
23874 +36.585 -077.071
23875 +37.230 -077.256
23876 +36.956 -077.834
23878 +36.825 -077.025
23879 +36.592 -077.597
23881 +37.181 -076.978
23882 +36.926 -077.422
23883 +37.136 -076.736
23884 +36.917 -077.280
23885 +37.179 -077.573
23887 +36.573 -077.817
23888 +36.954 -076.979
23889 +36.903 -077.747
23890 +37.009 -077.118
23891 +37.048 -077.204
23893 +36.624 -077.937
23894 +37.137 -077.825
23897 +36.837 -077.285
23898 +36.838 -076.862
23899 +37.234 -076.974
23901 +37.320 -078.410
23909 +37.299 -078.396
23915 +36.693 -078.287
23917 +36.626 -078.345
23919 +36.580 -078.135
23920 +36.725 -077.975
23921 +37.586 -078.624
23922 +37.175 -078.222
23923 +37.087 -078.650
23924 +36.822 -078.426
23927 +36.592 -078.561
23930 +37.171 -078.100
23934 +37.177 -078.627
23936 +37.525 -078.477
23937 +36.945 -078.513
23938 +36.904 -078.006
23942 +37.130 -078.299
23943 +37.243 -078.462
23944 +36.916 -078.139
23947 +37.017 -078.448
23950 +36.659 -078.076
23952 +36.918 -078.279
23954 +37.106 -078.380
23955 +37.112 -078.070
23958 +37.274 -078.657
23959 +37.105 -078.795
23960 +37.321 -078.552
23962 +36.951 -078.692
23963 +37.201 -078.799
23964 +36.783 -078.633
23966 +37.300 -078.259
23967 +36.922 -078.630
23968 +36.717 -078.510
23970 +36.739 -078.182
23974 +36.969 -078.242
23976 +36.856 -078.579
24011 +37.270 -079.942
24012 +37.318 -079.897
24013 +37.267 -079.922
24014 +37.223 -079.915
24015 +37.255 -079.982
24016 +37.272 -079.955
24017 +37.298 -079.991
24018 +37.213 -080.042
24019 +37.344 -079.955
24020 +37.356 -079.943
24022 +37.277 -079.934
24053 +36.607 -080.534
24054 +36.682 -079.705
24055 +36.762 -080.001
24058 +37.177 -080.622
24059 +37.156 -080.132
24060 +37.261 -080.417
24061 +37.226 -080.426
24064 +37.376 -079.770
24065 +37.117 -079.997
24066 +37.536 -079.679
24067 +37.032 -080.060
24069 +36.577 -079.643
24070 +37.372 -080.233
24072 +37.042 -080.242
24073 +37.135 -080.423
24076 +36.605 -080.421
24077 +37.361 -079.907
24078 +36.724 -079.913
24079 +37.053 -080.151
24082 +36.633 -080.131
24083 +37.405 -079.920
24084 +37.168 -080.718
24085 +37.684 -079.857
24086 +37.276 -080.632
24087 +37.222 -080.239
24088 +36.888 -080.078
24089 +36.704 -079.961
24090 +37.530 -079.896
24091 +36.920 -080.321
24092 +37.012 -079.758
24093 +37.385 -080.869
24095 +37.223 -079.737
24101 +37.174 -079.796
24102 +36.844 -080.002
24104 +37.134 -079.489
24105 +36.912 -080.604
24112 +36.721 -079.847
24120 +36.692 -080.414
24121 +37.169 -079.647
24122 +37.426 -079.692
24124 +37.306 -080.866
24127 +37.474 -080.231
24128 +37.340 -080.483
24129 +37.140 -080.592
24131 +37.571 -080.233
24132 +37.204 -080.659
24133 +36.676 -080.128
24134 +37.248 -080.778
24136 +37.316 -080.613
24137 +36.928 -079.658
24138 +37.052 -080.317
24139 +37.015 -079.453
24141 +37.107 -080.562
24142 +37.138 -080.551
24147 +37.402 -080.824
24148 +36.581 -079.877
24149 +37.019 -080.434
24150 +37.401 -080.598
24151 +36.961 -079.866
24153 +37.303 -080.114
24161 +36.978 -079.529
24162 +37.129 -080.250
24165 +36.594 -080.061
24167 +37.255 -080.725
24168 +36.736 -079.949
24171 +36.697 -080.221
24174 +37.350 -079.662
24175 +37.458 -080.029
24176 +37.006 -079.692
24179 +37.283 -079.794
24184 +37.087 -079.774
24185 +36.809 -080.276
24201 +36.611 -082.169
24202 +36.656 -082.212
24210 +36.769 -082.028
24211 +36.654 -081.955
24216 +36.944 -082.783
24217 +37.102 -082.170
24219 +36.834 -082.749
24220 +37.122 -082.223
24221 +36.625 -082.999
24224 +36.861 -082.272
24225 +36.992 -082.142
24226 +37.137 -082.323
24228 +37.167 -082.456
24230 +36.969 -082.451
24236 +36.639 -081.725
24237 +37.041 -082.262
24239 +37.113 -082.147
24243 +36.784 -082.920
24244 +36.708 -082.803
24245 +36.838 -082.513
24246 +36.866 -082.744
24248 +36.610 -083.510
24250 +36.757 -082.588
24251 +36.657 -082.599
24256 +37.223 -082.284
24258 +36.649 -082.409
24260 +37.021 -082.001
24263 +36.668 -083.167
24265 +36.833 -082.946
24266 +36.868 -082.102
24269 +37.073 -082.381
24270 +36.730 -082.251
24271 +36.749 -082.417
24272 +37.018 -082.333
24273 +36.965 -082.661
24277 +36.749 -083.020
24279 +37.078 -082.627
24280 +36.955 -081.943
24281 +36.637 -083.340
24282 +36.819 -083.054
24283 +36.940 -082.333
24290 +36.616 -082.561
24292 +36.625 -081.596
24293 +36.998 -082.566
24301 +37.065 -080.818
24311 +36.873 -081.403
24312 +36.833 -080.887
24313 +36.911 -080.797
24314 +37.157 -081.210
24315 +37.134 -081.063
24316 +36.956 -081.669
24317 +36.601 -080.671
24318 +36.996 -081.387
24319 +36.762 -081.657
24322 +36.799 -081.114
24323 +36.866 -081.205
24324 +36.974 -080.776
24325 +36.810 -080.588
24326 +36.723 -081.190
24327 +36.774 -081.830
24328 +36.645 -080.701
24330 +36.716 -081.027
24333 +36.640 -080.935
24340 +36.753 -081.768
24343 +36.763 -080.698
24347 +36.961 -080.652
24348 +36.652 -081.215
24350 +36.813 -080.994
24351 +36.579 -080.765
24352 +36.709 -080.531
24354 +36.821 -081.540
24360 +36.941 -080.909
24361 +36.767 -081.845
24363 +36.617 -081.405
24366 +37.264 -081.104
24368 +36.893 -081.301
24370 +36.911 -081.690
24374 +36.784 -081.220
24375 +36.772 -081.392
24377 +37.002 -081.569
24378 +36.694 -081.420
24380 +36.860 -080.509
24381 +36.722 -080.833
24382 +36.953 -081.111
24401 +38.134 -079.086
24411 +38.118 -079.331
24412 +38.054 -079.818
24413 +38.506 -079.556
24415 +37.909 -079.308
24416 +37.729 -079.355
24421 +38.245 -079.245
24422 +37.833 -079.750
24426 +37.759 -080.050
24430 +38.078 -079.343
24431 +38.170 -078.843
24432 +38.148 -079.443
24433 +38.424 -079.425
24435 +37.858 -079.307
24437 +38.212 -078.934
24439 +38.017 -079.482
24440 +37.999 -079.165
24441 +38.222 -078.809
24442 +38.373 -079.385
24445 +37.960 -079.872
24448 +37.797 -079.789
24450 +37.780 -079.545
24457 +37.796 -079.865
24458 +38.326 -079.510
24459 +38.039 -079.280
24460 +38.017 -079.667
24464 +37.861 -079.110
24465 +38.398 -079.647
24467 +38.255 -078.971
24469 +38.201 -078.908
24471 +38.313 -078.784
24472 +37.940 -079.221
24473 +37.935 -079.415
24474 +37.805 -079.848
24476 +37.974 -079.227
24477 +38.005 -079.042
24479 +38.164 -079.239
24482 +38.203 -078.998
24483 +37.813 -079.235
24484 +38.183 -079.799
24485 +38.271 -079.330
24486 +38.297 -078.925
24487 +38.200 -079.588
24501 +37.360 -079.142
24502 +37.355 -079.219
24503 +37.454 -079.242
24504 +37.365 -079.048
24515 +37.353 -079.179
24517 +37.141 -079.237
24520 +36.587 -079.030
24521 +37.633 -079.101
24522 +37.377 -078.779
24523 +37.337 -079.526
24526 +37.556 -079.398
24527 +36.733 -079.346
24528 +37.080 -078.876
24529 +36.617 -078.630
24530 +36.807 -079.620
24531 +36.841 -079.438
24534 +36.883 -078.770
24536 +37.491 -079.324
24538 +37.379 -078.970
24539 +36.841 -078.931
24540 +36.635 -079.427
24541 +36.589 -079.515
24549 +36.707 -079.504
24550 +37.238 -079.272
24551 +37.370 -079.331
24553 +37.546 -078.810
24554 +37.120 -079.072
24555 +37.667 -079.468
24556 +37.376 -079.399
24557 +36.970 -079.306
24558 +36.781 -078.956
24562 +37.703 -078.618
24563 +37.059 -079.273
24565 +36.853 -079.190
24566 +36.732 -079.253
24569 +37.043 -079.126
24570 +37.349 -079.427
24571 +37.133 -079.373
24572 +37.465 -079.095
24574 +37.577 -079.246
24577 +36.944 -078.983
24578 +37.660 -079.562
24579 +37.586 -079.503
24580 +36.579 -078.673
24581 +37.655 -078.806
24586 +36.607 -079.277
24588 +37.262 -079.096
24589 +36.757 -078.754
24590 +37.793 -078.475
24592 +36.682 -078.953
24593 +37.334 -078.914
24594 +36.636 -079.187
24595 +37.561 -079.081
24597 +36.782 -079.111
24598 +36.605 -078.788
24599 +37.624 -078.724
24601 +37.191 -081.641
24602 +37.183 -081.659
24603 +37.347 -082.203
24604 +37.212 -081.540
24605 +37.235 -081.375
24606 +37.289 -081.391
24607 +37.295 -082.271
24609 +37.016 -081.791
24612 +37.101 -081.850
24613 +37.265 -081.337
24614 +37.313 -082.089
24620 +37.431 -082.012
24622 +37.215 -081.790
24630 +37.177 -081.475
24631 +37.222 -082.002
24634 +37.268 -081.903
24635 +37.308 -081.349
24637 +37.061 -081.714
24639 +37.173 -081.898
24641 +37.112 -081.802
24646 +37.145 -082.024
24649 +37.090 -081.922
24651 +37.076 -081.503
24656 +37.175 -082.125
24657 +37.228 -081.849
24701 +37.306 -081.205
24712 +37.480 -081.035
24714 +37.469 -081.178
24715 +37.335 -081.333
24716 +37.534 -081.376
24719 +37.487 -081.327
24724 +37.338 -081.318
24726 +37.488 -081.300
24729 +37.450 -081.260
24731 +37.397 -081.152
24733 +37.450 -081.201
24736 +37.447 -081.281
24737 +37.353 -081.266
24738 +37.303 -081.320
24739 +37.373 -081.005
24740 +37.403 -081.106
24747 +37.411 -081.217
24801 +37.468 -081.553
24808 +37.330 -081.422
24811 +37.402 -081.748
24813 +37.357 -081.720
24815 +37.220 -081.616
24816 +37.461 -081.706
24817 +37.341 -081.822
24818 +37.625 -081.620
24822 +37.647 -081.697
24823 +37.672 -081.752
24826 +37.293 -081.624
24827 +37.769 -081.637
24828 +37.498 -081.671
24830 +37.334 -081.559
24831 +37.389 -081.451
24834 +37.524 -081.686
24836 +37.381 -081.551
24839 +37.578 -081.757
24843 +37.484 -081.709
24844 +37.490 -081.793
24845 +37.526 -081.800
24846 +37.526 -081.887
24847 +37.571 -081.409
24848 +37.280 -081.434
24849 +37.687 -081.562
24850 +37.378 -081.885
24851 +37.601 -081.834
24853 +37.448 -081.530
24854 +37.750 -081.577
24855 +37.409 -081.425
24857 +37.687 -081.676
24860 +37.663 -081.590
24861 +37.357 -081.357
24862 +37.479 -081.964
24866 +37.250 -081.581
24867 +37.605 -081.457
24868 +37.438 -081.389
24869 +37.553 -081.824
24870 +37.736 -081.532
24871 +37.323 -081.506
24872 +37.449 -081.921
24873 +37.351 -081.880
24874 +37.602 -081.531
24878 +37.444 -081.629
24879 +37.312 -081.768
24880 +37.650 -081.532
24881 +37.443 -081.670
24882 +37.626 -081.766
24884 +37.273 -081.551
24887 +37.378 -081.387
24888 +37.358 -081.483
24892 +37.317 -081.697
24894 +37.244 -081.688
24895 +37.376 -081.583
24898 +37.587 -081.568
24901 +37.854 -080.485
24910 +37.743 -080.668
24915 +38.469 -079.787
24916 +37.829 -080.581
24918 +37.522 -080.745
24920 +38.633 -079.696
24924 +38.201 -080.165
24925 +37.731 -080.380
24927 +38.340 -080.038
24931 +37.912 -080.600
24934 +38.334 -079.891
24935 +37.566 -080.806
24938 +37.933 -080.370
24941 +37.586 -080.351
24943 +37.838 -080.734
24944 +38.385 -079.769
24945 +37.516 -080.703
24946 +38.229 -080.320
24951 +37.495 -080.624
24954 +38.225 -080.056
24957 +37.896 -080.397
24962 +37.662 -080.718
24963 +37.436 -080.758
24966 +38.057 -080.385
24970 +37.728 -080.474
24974 +37.642 -080.448
24976 +37.657 -080.512
24977 +37.898 -080.685
24981 +37.633 -080.736
24983 +37.596 -080.506
24984 +37.494 -080.408
24985 +37.604 -080.713
24986 +37.921 -080.146
24991 +38.001 -080.481
24993 +37.661 -080.635
25002 +38.131 -081.255
25003 +38.248 -081.785
25005 +38.606 -081.257
25007 +37.825 -081.430
25008 +37.949 -081.345
25009 +38.202 -081.685
25011 +38.515 -081.833
25015 +38.246 -081.497
25019 +38.351 -081.092
25021 +37.918 -081.684
25022 +37.825 -081.776
25024 +38.159 -081.624
25025 +38.298 -081.403
25028 +37.947 -081.726
25030 +38.453 -081.226
25031 +38.149 -081.275
25033 +38.612 -081.924
25035 +38.165 -081.521
25036 +38.182 -081.271
25039 +38.235 -081.363
25040 +38.136 -081.247
25043 +38.426 -081.003
25044 +37.916 -081.309
25045 +38.447 -081.329
25047 +37.921 -081.768
25048 +37.947 -081.431
25049 +38.115 -081.558
25051 +38.157 -081.710
25053 +38.041 -081.882
25054 +38.121 -081.452
25057 +38.109 -081.223
25059 +38.245 -081.224
25060 +37.966 -081.474
25061 +38.175 -081.440
25062 +37.880 -081.433
25063 +38.576 -080.923
25064 +38.377 -081.749
25067 +38.213 -081.445
25070 +38.546 -081.932
25071 +38.478 -081.467
25075 +38.060 -081.405
25076 +37.869 -081.937
25081 +38.078 -081.768
25082 +38.604 -082.031
25083 +38.070 -081.368
25085 +38.162 -081.163
25086 +38.218 -081.415
25088 +38.399 -081.209
25090 +38.155 -081.221
25093 +37.951 -081.633
25102 +38.166 -081.352
25103 +38.181 -081.381
25106 +38.766 -082.085
25107 +38.238 -081.676
25108 +37.962 -081.878
25109 +38.531 -081.861
25110 +38.205 -081.337
25111 +38.350 -081.123
25112 +38.381 -081.766
25113 +38.553 -081.046
25114 +37.987 -081.786
25115 +38.122 -081.182
25118 +38.119 -081.323
25119 +38.015 -081.263
25121 +37.910 -081.887
25123 +38.730 -081.900
25124 +38.621 -081.765
25125 +38.312 -081.215
25126 +38.191 -081.357
25130 +38.033 -081.752
25132 +38.293 -081.334
25133 +38.475 -081.101
25134 +38.143 -081.473
25136 +38.154 -081.315
25139 +38.106 -081.283
25140 +37.840 -081.499
25141 +38.630 -081.025
25142 +38.143 -081.738
25143 +38.421 -081.824
25148 +38.025 -081.526
25149 +37.949 -081.772
25152 +38.033 -081.240
25154 +38.121 -081.713
25156 +38.412 -081.482
25159 +38.524 -081.789
25160 +38.324 -081.268
25161 +38.053 -081.319
25162 +38.208 -081.383
25164 +38.509 -081.205
25165 +38.156 -081.654
25168 +38.560 -081.880
25169 +38.129 -081.763
25173 +38.074 -081.210
25174 +37.866 -081.411
25177 +38.369 -081.851
25180 +37.790 -081.436
25181 +38.049 -081.641
25183 +37.892 -081.800
25185 +38.217 -081.238
25186 +38.174 -081.298
25187 +38.729 -082.017
25193 +38.017 -081.551
25201 +38.348 -081.491
25202 +38.316 -081.859
25203 +38.021 -081.882
25204 +37.927 -081.639
25205 +38.019 -081.793
25206 +37.957 -081.683
25208 +37.837 -081.640
25209 +37.960 -081.522
25211 +38.469 -080.888
25213 +38.513 -081.913
25214 +38.186 -081.543
25231 +38.613 -081.595
25234 +38.808 -081.133
25235 +38.670 -081.090
25239 +38.850 -081.845
25241 +38.775 -081.800
25243 +38.676 -081.494
25244 +38.763 -081.539
25245 +38.709 -081.736
25247 +39.002 -081.990
25248 +38.644 -081.614
25251 +38.621 -081.232
25252 +38.879 -081.535
25253 +38.921 -081.961
25259 +38.675 -081.248
25260 +39.021 -082.019
25261 +38.833 -081.090
25262 +38.909 -081.836
25264 +38.860 -081.894
25265 +38.974 -081.983
25266 +38.602 -081.159
25267 +38.858 -080.951
25268 +38.731 -081.124
25270 +38.877 -081.458
25271 +38.789 -081.693
25275 +38.927 -081.619
25276 +38.782 -081.329
25285 +38.540 -081.102
25286 +38.621 -081.397
25287 +38.961 -082.051
25301 +38.351 -081.628
25302 +38.393 -081.595
25303 +38.360 -081.686
25304 +38.302 -081.597
25305 +38.337 -081.613
25306 +38.313 -081.499
25309 +38.312 -081.757
25311 +38.367 -081.557
25312 +38.453 -081.646
25313 +38.409 -081.744
25314 +38.289 -081.660
25315 +38.215 -081.584
25320 +38.540 -081.626
25387 +38.385 -081.671
25401 +39.457 -077.972
25403 +39.475 -078.012
25404 +39.490 -077.896
25405 +39.409 -077.962
25411 +39.549 -078.221
25413 +39.311 -078.056
25414 +39.242 -077.865
25419 +39.583 -077.885
25420 +39.381 -078.120
25421 +39.378 -078.164
25422 +39.545 -078.354
25425 +39.307 -077.773
25427 +39.520 -078.099
25428 +39.381 -078.022
25430 +39.327 -077.938
25431 +39.484 -078.574
25432 +39.295 -077.787
25434 +39.440 -078.461
25437 +39.424 -078.579
25438 +39.323 -077.864
25442 +39.373 -077.833
25443 +39.438 -077.815
25444 +39.431 -078.513
25446 +39.240 -077.957
25501 +38.162 -081.957
25502 +38.666 -082.116
25503 +38.609 -082.115
25504 +38.376 -082.270
25505 +38.020 -082.031
25506 +38.209 -082.199
25507 +38.397 -082.549
25508 +37.962 -082.007
25510 +38.382 -082.083
25511 +38.051 -082.335
25512 +38.178 -082.304
25514 +38.078 -082.525
25515 +38.757 -082.147
25517 +38.110 -082.454
25520 +38.558 -082.178
25521 +38.227 -081.982
25523 +38.280 -082.065
25524 +38.022 -082.117
25526 +38.394 -081.991
25529 +38.160 -081.819
25530 +38.357 -082.580
25534 +38.084 -082.275
25535 +38.309 -082.435
25537 +38.533 -082.282
25540 +38.157 -082.139
25541 +38.481 -082.130
25544 +38.231 -082.110
25545 +38.459 -082.227
25547 +37.920 -081.945
25550 +38.863 -082.067
25555 +38.214 -082.550
25557 +38.100 -082.154
25559 +38.325 -082.229
25560 +38.447 -081.899
25564 +38.272 -081.901
25565 +38.121 -081.973
25567 +38.208 -081.894
25570 +38.227 -082.402
25571 +38.313 -082.156
25573 +38.232 -081.941
25601 +37.863 -082.009
25606 +37.765 -081.820
25607 +37.784 -081.772
25608 +37.575 -081.892
25611 +37.685 -081.872
25612 +37.764 -081.979
25617 +37.741 -081.807
25621 +37.650 -081.886
25624 +37.900 -081.981
25625 +37.819 -082.081
25628 +37.768 -081.862
25630 +37.788 -081.694
25632 +37.742 -081.948
25634 +37.728 -081.818
25635 +37.719 -081.872
25637 +37.852 -082.027
25638 +37.738 -082.054
25639 +37.881 -081.955
25644 +37.705 -082.022
25646 +37.847 -081.884
25647 +37.787 -081.984
25649 +37.875 -082.093
25650 +37.684 -081.788
25651 +37.586 -081.957
25652 +37.791 -082.045
25653 +37.824 -081.991
25654 +37.796 -081.874
25661 +37.711 -082.254
25666 +37.920 -082.294
25667 +37.706 -082.274
25669 +37.935 -082.468
25670 +37.738 -082.156
25671 +37.904 -082.203
25672 +37.570 -082.100
25674 +37.871 -082.347
25676 +37.838 -082.193
25678 +37.612 -082.135
25685 +37.796 -082.314
25688 +37.640 -082.158
25690 +37.691 -082.155
25692 +37.618 -082.074
25696 +37.663 -082.055
25699 +37.959 -082.304
25701 +38.366 -082.405
25702 +38.435 -082.314
25703 +38.422 -082.418
25704 +38.308 -082.487
25705 +38.406 -082.363
25755 +38.424 -082.428
25801 +37.841 -081.271
25810 +37.583 -081.350
25811 +37.590 -081.291
25812 +38.139 -081.127
25813 +37.784 -081.100
25817 +37.764 -081.425
25818 +37.860 -081.192
25820 +37.515 -081.164
25823 +37.666 -081.183
25825 +37.644 -081.083
25826 +37.573 -081.370
25827 +37.739 -081.255
25831 +37.959 -080.931
25832 +37.715 -081.119
25836 +37.786 -081.288
25837 +38.061 -081.038
25839 +37.778 -081.387
25840 +38.038 -081.112
25841 +37.561 -081.093
25843 +37.624 -081.130
25844 +37.808 -081.358
25845 +37.715 -081.511
25846 +37.926 -081.168
25848 +37.722 -081.425
25849 +37.732 -081.278
25851 +37.803 -081.259
25853 +37.644 -081.282
25854 +38.128 -080.976
25855 +37.940 -081.153
25857 +37.610 -081.238
25862 +38.088 -081.040
25864 +37.885 -081.038
25865 +37.712 -081.362
25866 +38.008 -081.161
25868 +38.070 -080.967
25870 +37.638 -081.373
25871 +37.769 -081.212
25873 +37.750 -081.214
25875 +37.666 -081.451
25876 +37.631 -081.449
25878 +37.705 -081.222
25879 +37.982 -081.106
25880 +37.879 -081.199
25882 +37.612 -081.404
25901 +37.940 -081.103
25902 +37.570 -081.217
25904 +37.916 -081.246
25907 +37.856 -081.086
25908 +37.668 -081.244
25909 +37.839 -081.203
25911 +37.752 -081.180
25913 +37.708 -081.473
25915 +37.618 -081.291
25916 +37.678 -081.490
25917 +37.984 -081.252
25918 +37.740 -081.036
25920 +37.686 -081.336
25921 +37.683 -081.266
25922 +37.472 -081.103
25928 +37.541 -081.340
25932 +37.752 -081.300
25936 +37.926 -081.034
25938 +38.163 -081.030
25942 +38.018 -080.985
25943 +37.597 -081.349
25951 +37.655 -080.876
25958 +38.004 -080.767
25962 +37.986 -080.799
25966 +37.806 -080.756
25969 +37.611 -081.005
25971 +37.477 -080.977
25972 +38.032 -080.707
25976 +37.841 -080.867
25977 +37.798 -080.907
25978 +37.633 -080.941
25979 +37.511 -080.913
25981 +38.071 -080.698
25984 +38.016 -080.607
25985 +37.757 -080.833
25986 +37.900 -080.824
25989 +37.679 -081.037
26003 +40.069 -080.651
26030 +40.223 -080.658
26031 +39.999 -080.706
26032 +40.184 -080.553
26033 +39.828 -080.579
26034 +40.598 -080.552
26035 +40.345 -080.554
26036 +39.978 -080.554
26037 +40.335 -080.586
26038 +39.965 -080.724
26039 +39.799 -080.674
26040 +39.984 -080.731
26041 +39.887 -080.705
26047 +40.532 -080.586
26050 +40.608 -080.621
26055 +39.762 -080.780
26056 +40.517 -080.570
26058 +40.187 -080.662
26059 +40.057 -080.605
26060 +40.105 -080.545
26062 +40.421 -080.558
26070 +40.260 -080.580
26074 +40.167 -080.595
26075 +40.196 -080.650
26101 +39.226 -081.584
26104 +39.278 -081.476
26105 +39.330 -081.515
26133 +39.115 -081.663
26134 +39.381 -081.274
26136 +38.961 -081.118
26137 +38.996 -081.049
26138 +39.028 -081.146
26141 +38.934 -081.246
26142 +39.215 -081.455
26143 +39.056 -081.373
26146 +39.457 -081.037
26147 +38.914 -081.076
26148 +39.058 -081.183
26149 +39.472 -080.886
26150 +39.135 -081.535
26151 +38.895 -081.182
26152 +38.979 -081.178
26155 +39.630 -080.764
26159 +39.607 -080.932
26160 +38.981 -081.412
26161 +39.160 -081.246
26162 +39.569 -080.767
26164 +39.013 -081.695
26167 +39.532 -080.723
26169 +39.072 -081.572
26170 +39.362 -081.178
26175 +39.537 -080.975
26178 +39.063 -081.027
26180 +39.195 -081.366
26181 +39.209 -081.664
26184 +39.295 -081.353
26187 +39.366 -081.447
26201 +39.002 -080.197
26202 +38.232 -080.622
26203 +38.548 -080.588
26205 +38.322 -080.647
26206 +38.320 -080.413
26208 +38.350 -080.584
26209 +38.376 -080.080
26210 +38.903 -080.278
26215 +38.722 -080.365
26217 +38.611 -080.447
26218 +38.845 -080.268
26222 +38.660 -080.343
26224 +38.745 -080.175
26228 +38.754 -080.371
26230 +38.627 -080.206
26234 +38.766 -080.308
26236 +38.718 -080.231
26237 +38.848 -080.151
26238 +39.102 -080.158
26241 +38.916 -079.792
26250 +39.030 -079.970
26253 +38.806 -079.843
26254 +38.962 -079.630
26257 +38.923 -080.012
26259 +38.825 -079.915
26260 +39.083 -079.412
26261 +38.189 -080.501
26263 +38.957 -079.436
26264 +38.589 -079.823
26266 +38.438 -080.497
26267 +38.926 -080.081
26268 +38.715 -079.823
26269 +39.117 -079.652
26270 +38.812 -079.600
26271 +39.024 -079.504
26273 +38.634 -079.961
26275 +38.987 -079.950
26276 +39.034 -079.733
26278 +38.826 -080.025
26280 +38.717 -080.038
26282 +38.520 -080.146
26283 +39.058 -079.823
26285 +38.910 -079.949
26287 +39.166 -079.688
26288 +38.515 -080.347
26289 +38.990 -079.513
26291 +38.441 -080.086
26292 +39.142 -079.534
26293 +38.782 -079.937
26294 +38.534 -080.023
26296 +38.764 -079.554
26298 +38.456 -080.286
26301 +39.286 -080.373
26320 +39.404 -080.812
26321 +39.052 -080.694
26323 +39.262 -080.291
26325 +39.099 -080.905
26327 +39.123 -080.943
26330 +39.289 -080.222
26335 +38.844 -080.684
26337 +39.230 -081.161
26338 +39.091 -080.628
26339 +39.422 -080.614
26342 +39.034 -080.855
26343 +38.822 -080.402
26346 +39.290 -081.060
26347 +39.264 -080.126
26348 +39.462 -080.545
26349 +39.227 -080.111
26351 +38.926 -080.838
26354 +39.354 -080.019
26361 +39.365 -080.318
26362 +39.155 -081.054
26366 +39.383 -080.335
26369 +39.335 -080.331
26372 +38.959 -080.347
26374 +39.452 -079.875
26376 +38.776 -080.469
26377 +39.496 -080.647
26378 +39.124 -080.448
26384 +38.975 -080.722
26385 +39.160 -080.352
26386 +39.402 -080.393
26404 +39.336 -080.307
26405 +39.222 -079.900
26408 +39.197 -080.306
26410 +39.405 -079.808
26411 +39.177 -080.723
26412 +38.897 -080.583
26415 +39.288 -080.939
26416 +39.157 -080.024
26419 +39.598 -080.635
26421 +39.182 -080.924
26422 +39.298 -080.433
26424 +39.281 -080.173
26425 +39.300 -079.692
26426 +39.287 -080.564
26430 +38.895 -080.759
26431 +39.391 -080.281
26435 +39.267 -080.085
26436 +39.297 -080.719
26437 +39.526 -080.509
26438 +39.343 -080.316
26440 +39.322 -079.919
26443 +39.076 -080.753
26444 +39.375 -079.770
26447 +38.912 -080.479
26448 +39.403 -080.491
26451 +39.204 -080.403
26452 +39.037 -080.528
26456 +39.263 -080.774
26463 +39.437 -080.346
26501 +39.634 -080.037
26505 +39.653 -079.946
26506 +39.647 -079.970
26508 +39.601 -079.903
26519 +39.569 -079.627
26520 +39.502 -079.824
26521 +39.713 -080.228
26524 +39.541 -079.807
26525 +39.654 -079.626
26534 +39.649 -079.999
26537 +39.488 -079.710
26541 +39.695 -080.125
26542 +39.575 -079.783
26543 +39.665 -080.000
26544 +39.712 -080.171
26546 +39.662 -080.024
26547 +39.511 -079.806
26554 +39.465 -080.110
26559 +39.515 -080.177
26560 +39.541 -080.144
26562 +39.642 -080.444
26563 +39.481 -080.274
26568 +39.422 -080.278
26570 +39.636 -080.243
26571 +39.527 -080.262
26572 +39.486 -080.316
26574 +39.561 -080.178
26575 +39.693 -080.424
26576 +39.493 -080.255
26581 +39.670 -080.575
26582 +39.529 -080.380
26585 +39.601 -080.436
26586 +39.527 -080.110
26587 +39.517 -080.299
26588 +39.579 -080.144
26590 +39.669 -080.312
26591 +39.452 -080.296
26601 +38.617 -080.623
26610 +38.468 -080.705
26611 +38.853 -080.823
26615 +38.826 -080.735
26617 +38.516 -080.840
26619 +38.752 -080.705
26621 +38.690 -080.506
26623 +38.656 -080.872
26624 +38.721 -080.819
26627 +38.752 -080.585
26629 +38.564 -080.704
26631 +38.807 -080.568
26636 +38.744 -080.958
26638 +38.768 -080.999
26651 +38.265 -080.994
26656 +38.250 -081.177
26660 +38.356 -080.705
26662 +38.258 -080.772
26667 +38.245 -081.000
26671 +38.334 -080.887
26676 +38.160 -080.648
26678 +38.179 -080.916
26679 +38.174 -080.805
26680 +38.093 -080.873
26681 +38.233 -080.732
26684 +38.158 -080.853
26690 +38.175 -081.089
26691 +38.394 -080.671
26704 +39.286 -078.602
26705 +39.323 -079.568
26707 +39.209 -079.403
26710 +39.302 -078.968
26711 +39.322 -078.451
26714 +39.178 -078.645
26716 +39.253 -079.529
26717 +39.334 -079.183
26719 +39.498 -078.767
26720 +39.278 -079.331
26722 +39.497 -078.630
26726 +39.403 -078.985
26731 +39.150 -079.064
26739 +39.215 -079.260
26743 +39.294 -079.075
26750 +39.477 -079.045
26753 +39.561 -078.768
26755 +39.170 -078.744
26757 +39.321 -078.768
26761 +39.271 -078.695
26763 +39.473 -078.699
26764 +39.447 -079.564
26767 +39.616 -078.757
26801 +39.059 -078.794
26802 +38.651 -079.191
26804 +38.682 -079.530
26807 +38.639 -079.355
26808 +39.153 -078.469
26810 +38.995 -078.754
26812 +38.886 -078.878
26814 +38.781 -079.476
26815 +38.494 -079.364
26817 +39.374 -078.402
26818 +39.088 -079.016
26823 +39.128 -078.495
26833 +39.099 -079.202
26836 +38.998 -078.975
26838 +38.809 -079.058
26845 +39.165 -078.964
26847 +38.964 -079.137
26851 +39.047 -078.611
26852 +39.245 -078.911
26855 +38.975 -079.221
26865 +39.206 -078.512
26866 +38.804 -079.249
26884 +38.846 -079.385
26886 +38.905 -079.396
27006 +35.939 -080.440
27007 +36.390 -080.588
27009 +36.231 -080.079
27011 +36.221 -080.693
27012 +36.013 -080.378
27013 +35.750 -080.700
27014 +35.810 -080.556
27016 +36.447 -080.219
27017 +36.382 -080.756
27018 +36.197 -080.518
27019 +36.287 -080.238
27020 +36.113 -080.811
27021 +36.320 -080.345
27022 +36.512 -080.216
27023 +36.094 -080.450
27024 +36.519 -080.841
27025 +36.378 -079.968
27027 +36.442 -079.989
27028 +35.927 -080.571
27030 +36.490 -080.629
27040 +36.169 -080.393
27041 +36.415 -080.485
27042 +36.353 -080.064
27043 +36.339 -080.449
27045 +36.234 -080.296
27046 +36.502 -080.078
27047 +36.314 -080.569
27048 +36.483 -079.918
27050 +36.226 -080.410
27051 +36.196 -080.153
27052 +36.321 -080.150
27053 +36.476 -080.362
27054 +35.793 -080.598
27055 +36.114 -080.631
27101 +36.111 -080.200
27103 +36.058 -080.321
27104 +36.091 -080.332
27105 +36.162 -080.234
27106 +36.144 -080.323
27107 +36.013 -080.175
27109 +36.134 -080.275
27110 +36.089 -080.225
27127 +36.021 -080.280
27201 +36.034 -079.485
27202 +36.186 -079.506
27203 +35.728 -079.787
27205 +35.638 -079.851
27207 +35.608 -079.391
27208 +35.562 -079.543
27209 +35.343 -079.753
27212 +36.481 -079.280
27213 +35.649 -079.408
27214 +36.206 -079.671
27215 +36.019 -079.514
27217 +36.191 -079.380
27229 +35.240 -079.792
27231 +36.195 -079.175
27233 +35.893 -079.705
27235 +36.100 -080.007
27239 +35.601 -080.090
27242 +35.330 -079.649
27243 +36.061 -079.202
27244 +36.216 -079.487
27247 +35.461 -079.788
27248 +35.783 -079.716
27249 +36.163 -079.582
27252 +35.560 -079.355
27253 +35.966 -079.347
27256 +35.560 -079.275
27258 +36.083 -079.351
27259 +35.491 -079.526
27260 +35.954 -079.987
27262 +35.963 -080.042
27263 +35.912 -079.937
27265 +36.009 -080.032
27268 +35.971 -079.995
27278 +36.090 -079.087
27281 +35.187 -079.625
27282 +35.996 -079.932
27283 +35.951 -079.635
27284 +36.116 -080.082
27288 +36.498 -079.750
27291 +36.418 -079.168
27292 +35.738 -080.208
27295 +35.868 -080.317
27298 +35.885 -079.568
27299 +35.753 -080.377
27301 +36.114 -079.666
27302 +36.136 -079.263
27305 +36.516 -079.217
27306 +35.225 -079.980
27310 +36.174 -079.992
27311 +36.480 -079.473
27312 +35.756 -079.197
27313 +35.931 -079.758
27314 +36.310 -079.196
27315 +36.510 -079.404
27316 +35.697 -079.626
27317 +35.841 -079.802
27320 +36.341 -079.659
27325 +35.464 -079.566
27326 +36.464 -079.557
27330 +35.517 -079.183
27332 +35.372 -079.149
27340 +35.945 -079.310
27341 +35.524 -079.696
27342 +36.066 -079.619
27343 +36.504 -079.076
27344 +35.722 -079.434
27349 +35.895 -079.418
27350 +35.808 -079.888
27351 +35.660 -080.268
27355 +35.787 -079.568
27356 +35.437 -079.804
27357 +36.267 -079.971
27358 +36.228 -079.880
27360 +35.861 -080.099
27370 +35.809 -079.978
27371 +35.406 -079.948
27374 +35.918 -080.258
27376 +35.261 -079.522
27377 +36.038 -079.599
27379 +36.361 -079.348
27401 +36.071 -079.768
27403 +36.064 -079.825
27405 +36.115 -079.735
27406 +35.998 -079.767
27407 +36.013 -079.871
27408 +36.104 -079.814
27409 +36.072 -079.965
27410 +36.119 -079.895
27411 +36.077 -079.772
27412 +36.068 -079.810
27455 +36.187 -079.817
27501 +35.485 -078.685
27502 +35.720 -078.907
27503 +36.153 -078.884
27504 +35.400 -078.518
27505 +35.407 -079.004
27506 +35.409 -078.739
27507 +36.514 -078.552
27508 +35.959 -078.251
27509 +36.131 -078.774
27510 +35.910 -079.081
27511 +35.764 -078.787
27513 +35.802 -078.803
27514 +35.967 -079.052
27516 +35.906 -079.155
27517 +35.843 -079.032
27518 +35.731 -078.773
27519 +35.808 -078.887
27520 +35.612 -078.476
27521 +35.412 -078.656
27522 +36.106 -078.675
27523 +35.774 -078.957
27524 +35.392 -078.379
27525 +36.146 -078.474
27526 +35.544 -078.830
27527 +35.654 -078.382
27529 +35.639 -078.581
27530 +35.383 -078.061
27531 +35.344 -077.967
27533 +35.387 -078.039
27534 +35.369 -077.887
27536 +36.326 -078.407
27537 +36.359 -078.398
27539 +35.677 -078.813
27540 +35.620 -078.865
27541 +36.265 -079.083
27542 +35.618 -078.137
27544 +36.191 -078.440
27545 +35.784 -078.483
27546 +35.385 -078.862
27549 +36.100 -078.251
27551 +36.433 -078.050
27553 +36.486 -078.303
27555 +35.562 -078.204
27556 +36.397 -078.309
27557 +35.779 -078.199
27559 +35.628 -079.103
27560 +35.858 -078.827
27562 +35.642 -078.976
27563 +36.422 -078.221
27565 +36.362 -078.649
27568 +35.511 -078.243
27569 +35.429 -078.172
27570 +36.439 -078.237
27571 +35.925 -078.461
27572 +36.255 -078.877
27573 +36.399 -078.975
27574 +36.475 -078.842
27576 +35.578 -078.261
27577 +35.492 -078.345
27581 +36.203 -078.736
27582 +36.447 -078.569
27583 +36.310 -078.931
27584 +36.493 -078.446
27587 +35.981 -078.551
27589 +36.323 -078.133
27591 +35.784 -078.389
27592 +35.557 -078.672
27593 +35.586 -078.362
27594 +36.473 -078.166
27596 +36.000 -078.435
27597 +35.842 -078.303
27599 +35.904 -079.052
27601 +35.774 -078.635
27603 +35.665 -078.654
27604 +35.823 -078.562
27605 +35.790 -078.655
27606 +35.742 -078.715
27607 +35.818 -078.728
27608 +35.810 -078.649
27609 +35.844 -078.634
27610 +35.744 -078.546
27612 +35.850 -078.704
27613 +35.926 -078.711
27614 +35.946 -078.619
27615 +35.898 -078.636
27616 +35.867 -078.541
27617 +35.909 -078.772
27695 +35.785 -078.679
27697 +35.779 -078.623
27701 +35.999 -078.898
27703 +35.961 -078.805
27704 +36.042 -078.829
27705 +36.025 -078.982
27707 +35.955 -078.953
27708 +36.000 -078.943
27709 +35.920 -078.867
27712 +36.095 -078.904
27713 +35.884 -078.936
27801 +35.913 -077.726
27803 +35.891 -077.849
27804 +35.989 -077.843
27805 +36.209 -077.089
27806 +35.305 -076.756
27807 +35.811 -078.086
27808 +35.467 -076.760
27809 +36.017 -077.742
27810 +35.550 -076.512
27812 +35.805 -077.376
27813 +35.635 -077.938
27814 +35.380 -076.932
27815 +35.925 -077.693
27816 +36.109 -078.073
27817 +35.452 -077.081
27818 +36.500 -077.019
27819 +35.814 -077.457
27820 +36.422 -077.242
27821 +35.322 -076.874
27822 +35.807 -077.840
27823 +36.210 -077.714
27824 +35.552 -076.005
27825 +35.835 -077.171
27826 +35.595 -076.244
27827 +35.698 -077.512
27828 +35.585 -077.577
27829 +35.700 -077.606
27830 +35.564 -077.950
27831 +36.463 -077.571
27832 +36.520 -077.740
27834 +35.657 -077.380
27837 +35.514 -077.205
27839 +36.285 -077.557
27840 +35.930 -077.239
27841 +35.909 -077.276
27842 +36.527 -077.852
27843 +35.996 -077.400
27844 +36.243 -077.946
27845 +36.371 -077.440
27846 +35.759 -076.898
27847 +36.178 -077.202
27849 +36.077 -077.215
27850 +36.412 -077.880
27851 +35.640 -078.031
27852 +35.750 -077.637
27853 +36.515 -077.307
27855 +36.416 -077.069
27856 +36.014 -077.981
27857 +35.971 -077.261
27858 +35.532 -077.283
27860 +35.664 -076.635
27861 +35.817 -077.319
27862 +36.490 -077.188
27863 +35.488 -077.972
27864 +35.801 -077.649
27865 +35.664 -076.900
27866 +36.520 -077.515
27869 +36.267 -077.313
27870 +36.425 -077.695
27871 +35.802 -077.261
27872 +36.201 -077.246
27873 +35.653 -077.776
27874 +36.129 -077.411
27875 +35.456 -076.505
27876 +36.474 -077.405
27877 +36.519 -077.192
27878 +35.866 -077.831
27879 +35.574 -077.280
27880 +35.731 -078.081
27881 +35.970 -077.442
27882 +35.942 -078.118
27883 +35.592 -077.804
27884 +35.704 -077.267
27885 +35.420 -076.247
27886 +35.905 -077.512
27888 +35.596 -077.702
27889 +35.580 -077.025
27890 +36.414 -077.588
27891 +36.098 -077.743
27892 +35.819 -077.063
27893 +35.694 -077.904
27896 +35.791 -077.976
27897 +36.325 -077.210
27909 +36.289 -076.269
27910 +36.282 -076.993
27915 +35.337 -075.512
27916 +36.329 -075.920
27917 +36.355 -075.997
27919 +36.308 -076.504
27920 +35.253 -075.538
27921 +36.330 -076.148
27922 +36.317 -076.842
27923 +36.368 -075.931
27924 +36.168 -076.833
27925 +35.841 -076.173
27926 +36.505 -076.605
27927 +36.331 -075.851
27928 +35.809 -076.438
27929 +36.439 -076.016
27932 +36.094 -076.588
27935 +36.431 -076.868
27936 +35.248 -075.599
27937 +36.512 -076.774
27938 +36.384 -076.716
27939 +36.235 -075.880
27941 +36.092 -075.823
27942 +36.297 -076.751
27943 +35.208 -075.717
27944 +36.181 -076.403
27946 +36.364 -076.590
27947 +36.167 -075.854
27948 +36.019 -075.692
27949 +36.110 -075.745
27950 +36.501 -075.974
27953 +35.804 -075.875
27954 +35.913 -075.685
27956 +36.400 -076.001
27957 +36.066 -076.759
27958 +36.501 -076.173
27959 +35.892 -075.603
27960 +35.073 -075.999
27962 +35.762 -076.776
27964 +36.127 -075.804
27965 +36.292 -075.933
27966 +36.126 -075.848
27967 +36.222 -076.908
27968 +35.659 -075.489
27969 +36.463 -076.803
27970 +35.909 -076.620
27972 +35.552 -075.471
27973 +36.371 -076.056
27974 +36.243 -075.990
27976 +36.479 -076.336
27978 +35.672 -075.773
27979 +36.437 -076.561
27980 +36.245 -076.619
27981 +35.853 -075.637
27982 +35.566 -075.465
27983 +35.962 -076.936
27985 +36.219 -076.474
27986 +36.389 -076.918
28001 +35.339 -080.208
28006 +35.410 -081.092
28007 +35.122 -080.131
28009 +35.408 -080.107
28012 +35.212 -081.038
28016 +35.315 -081.283
28017 +35.247 -081.671
28018 +35.489 -081.803
28019 +35.284 -081.794
28020 +35.524 -081.643
28021 +35.401 -081.403
28023 +35.569 -080.603
28024 +35.243 -081.771
28025 +35.383 -080.523
28027 +35.413 -080.675
28031 +35.475 -080.894
28032 +35.233 -081.080
28033 +35.419 -081.328
28034 +35.354 -081.179
28036 +35.482 -080.793
28037 +35.495 -081.018
28039 +35.680 -080.436
28040 +35.390 -081.752
28041 +35.587 -080.463
28042 +35.423 -081.507
28043 +35.312 -081.870
28052 +35.228 -081.232
28054 +35.261 -081.150
28056 +35.217 -081.125
28071 +35.518 -080.316
28072 +35.613 -080.442
28073 +35.199 -081.484
28074 +35.239 -081.878
28075 +35.302 -080.639
28076 +35.256 -081.780
28077 +35.405 -081.203
28078 +35.405 -080.867
28079 +35.115 -080.601
28080 +35.457 -081.106
28081 +35.503 -080.670
28083 +35.492 -080.582
28086 +35.244 -081.378
28088 +35.544 -080.615
28089 +35.320 -081.661
28090 +35.455 -081.560
28091 +34.987 -079.933
28092 +35.483 -081.253
28097 +35.297 -080.393
28098 +35.271 -081.101
28101 +35.256 -081.075
28102 +34.815 -079.977
28103 +34.999 -080.351
28104 +35.058 -080.698
28105 +35.120 -080.710
28107 +35.253 -080.518
28108 +34.933 -080.679
28109 +35.483 -080.280
28110 +35.066 -080.509
28112 +34.890 -080.550
28114 +35.230 -081.748
28115 +35.575 -080.775
28117 +35.575 -080.894
28119 +34.848 -080.014
28120 +35.329 -081.026
28124 +35.400 -080.408
28125 +35.659 -080.699
28127 +35.450 -080.167
28128 +35.211 -080.155
28129 +35.232 -080.327
28133 +34.845 -080.266
28134 +35.084 -080.892
28135 +35.030 -080.217
28136 +35.421 -081.642
28137 +35.491 -080.264
28138 +35.514 -080.437
28139 +35.348 -081.995
28144 +35.716 -080.459
28146 +35.621 -080.396
28147 +35.681 -080.563
28150 +35.343 -081.576
28152 +35.241 -081.591
28159 +35.694 -080.435
28160 +35.361 -081.922
28163 +35.207 -080.428
28164 +35.389 -081.037
28166 +35.677 -080.868
28167 +35.506 -081.959
28168 +35.552 -081.425
28169 +35.358 -081.431
28170 +34.999 -080.099
28173 +34.919 -080.731
28174 +34.969 -080.440
28202 +35.227 -080.844
28203 +35.209 -080.858
28204 +35.215 -080.827
28205 +35.219 -080.790
28206 +35.255 -080.822
28207 +35.194 -080.825
28208 +35.232 -080.905
28209 +35.179 -080.854
28210 +35.131 -080.857
28211 +35.166 -080.797
28212 +35.188 -080.745
28213 +35.286 -080.735
28214 +35.272 -080.968
28215 +35.246 -080.699
28216 +35.310 -080.890
28217 +35.169 -080.908
28223 +35.309 -080.732
28226 +35.103 -080.822
28227 +35.190 -080.645
28244 +35.225 -080.843
28262 +35.322 -080.740
28269 +35.337 -080.803
28270 +35.112 -080.765
28273 +35.124 -080.948
28274 +35.189 -080.834
28277 +35.050 -080.818
28278 +35.133 -081.009
28280 +35.226 -080.843
28282 +35.225 -080.845
28301 +35.075 -078.884
28303 +35.086 -078.959
28304 +35.026 -078.990
28305 +35.053 -078.907
28306 +34.958 -078.897
28307 +35.140 -078.994
28308 +35.172 -079.015
28310 +35.125 -079.043
28311 +35.168 -078.889
28312 +34.948 -078.738
28314 +35.053 -079.015
28315 +35.115 -079.449
28318 +35.011 -078.624
28320 +34.558 -078.773
28323 +35.315 -078.834
28325 +35.153 -078.104
28326 +35.269 -079.155
28327 +35.358 -079.423
28328 +35.005 -078.334
28330 +34.911 -079.823
28331 +35.196 -078.649
28332 +34.655 -078.699
28333 +35.286 -078.017
28334 +35.272 -078.568
28337 +34.656 -078.572
28338 +35.099 -079.744
28339 +35.311 -078.733
28340 +34.471 -079.134
28341 +35.120 -078.174
28342 +35.186 -078.652
28343 +34.757 -079.565
28344 +35.168 -078.623
28345 +34.870 -079.666
28347 +35.053 -079.559
28348 +34.915 -078.927
28349 +34.981 -077.927
28350 +35.247 -079.315
28351 +34.848 -079.577
28352 +34.768 -079.454
28355 +35.391 -079.195
28356 +35.237 -078.790
28357 +34.902 -079.083
28358 +34.608 -078.935
28359 +34.587 -079.055
28360 +34.670 -079.075
28362 +34.370 -079.129
28363 +34.949 -079.530
28364 +34.708 -079.323
28365 +35.172 -078.052
28366 +35.230 -078.362
28367 +35.170 -079.723
28368 +35.369 -079.113
28369 +34.423 -079.029
28371 +34.911 -078.978
28372 +34.700 -079.179
28373 +35.093 -079.486
28374 +35.189 -079.459
28375 +34.477 -079.043
28376 +35.047 -079.241
28377 +34.836 -079.211
28378 +34.859 -079.051
28379 +34.929 -079.787
28382 +34.927 -078.560
28383 +34.578 -079.269
28384 +34.792 -078.941
28385 +35.048 -078.500
28386 +34.863 -079.128
28387 +35.180 -079.376
28390 +35.221 -078.953
28391 +35.034 -078.699
28392 +34.735 -078.795
28393 +34.981 -078.189
28394 +35.217 -079.242
28395 +35.130 -078.727
28396 +34.955 -079.414
28398 +34.990 -078.064
28399 +34.769 -078.720
28401 +34.292 -077.972
28403 +34.222 -077.881
28405 +34.264 -077.868
28409 +34.151 -077.860
28411 +34.302 -077.793
28412 +34.137 -077.921
28420 +34.055 -078.469
28421 +34.505 -078.167
28422 +34.049 -078.211
28423 +34.270 -078.405
28424 +34.290 -078.700
28425 +34.561 -077.900
28428 +34.039 -077.905
28429 +34.341 -077.900
28430 +34.284 -078.933
28431 +34.317 -078.845
28432 +34.168 -078.759
28433 +34.489 -078.617
28434 +34.472 -078.471
28435 +34.406 -078.109
28436 +34.247 -078.284
28438 +34.420 -078.914
28439 +34.287 -079.001
28441 +34.811 -078.427
28442 +34.310 -078.601
28443 +34.481 -077.693
28444 +34.688 -078.320
28445 +34.529 -077.536
28447 +34.619 -078.278
28448 +34.518 -078.360
28449 +33.973 -077.942
28450 +34.309 -078.497
28451 +34.236 -078.119
28452 +34.005 -078.556
28453 +34.866 -078.076
28454 +34.670 -077.654
28455 +34.112 -078.632
28456 +34.375 -078.287
28457 +34.456 -077.872
28458 +34.820 -078.081
28460 +34.523 -077.417
28461 +33.967 -078.058
28462 +34.000 -078.311
28463 +34.110 -078.776
28464 +34.782 -078.021
28465 +33.913 -078.100
28466 +34.741 -077.876
28467 +33.918 -078.592
28468 +33.900 -078.519
28469 +33.934 -078.473
28470 +33.967 -078.396
28472 +34.299 -078.691
28478 +34.643 -078.042
28479 +34.101 -078.017
28480 +34.215 -077.801
28501 +35.239 -077.527
28504 +35.227 -077.636
28508 +35.100 -077.825
28509 +35.146 -076.806
28510 +34.988 -076.804
28511 +34.901 -076.346
28512 +34.702 -076.807
28513 +35.443 -077.390
28515 +35.192 -076.689
28516 +34.856 -076.620
28518 +34.895 -077.747
28519 +35.128 -077.013
28520 +34.996 -076.467
28521 +34.818 -077.737
28523 +35.209 -077.300
28524 +34.794 -076.464
28525 +35.132 -077.687
28526 +35.245 -077.408
28527 +35.258 -077.018
28528 +34.732 -076.539
28529 +35.103 -076.879
28530 +35.374 -077.416
28531 +34.698 -076.556
28532 +34.905 -076.887
28533 +34.902 -076.901
28537 +35.257 -076.559
28538 +35.417 -077.565
28539 +34.694 -077.233
28540 +34.744 -077.499
28542 +34.730 -077.462
28543 +34.735 -077.398
28544 +34.696 -077.291
28546 +34.827 -077.391
28547 +34.631 -077.329
28551 +35.321 -077.781
28552 +35.298 -076.556
28553 +34.739 -076.510
28554 +35.476 -077.593
28555 +34.868 -077.248
28556 +35.133 -076.638
28557 +34.738 -076.750
28560 +35.127 -076.978
28562 +35.081 -077.125
28570 +34.777 -076.881
28571 +35.046 -076.704
28572 +35.020 -077.724
28573 +34.980 -077.198
28574 +34.879 -077.590
28575 +34.688 -076.881
28577 +34.907 -076.404
28578 +35.197 -077.857
28579 +34.813 -076.505
28580 +35.453 -077.680
28581 +34.844 -076.436
28582 +34.748 -077.150
28584 +34.724 -077.101
28585 +35.050 -077.418
28586 +35.324 -077.177
28587 +35.187 -076.667
28589 +34.796 -076.494
28590 +35.521 -077.417
28594 +34.701 -076.974
28601 +35.772 -081.327
28602 +35.674 -081.383
28604 +36.178 -081.858
28605 +36.130 -081.695
28606 +36.052 -081.307
28607 +36.215 -081.647
28609 +35.678 -081.057
28610 +35.729 -081.145
28611 +36.006 -081.737
28612 +35.650 -081.538
28613 +35.738 -081.208
28615 +36.475 -081.670
28616 +36.021 -081.930
28617 +36.481 -081.362
28618 +36.214 -081.517
28619 +35.760 -081.607
28621 +36.276 -080.786
28622 +36.195 -081.949
28623 +36.529 -080.973
28624 +36.120 -081.413
28625 +35.870 -080.890
28626 +36.293 -081.518
28627 +36.454 -081.014
28628 +35.729 -081.778
28629 +36.347 -081.359
28630 +35.832 -081.420
28631 +36.547 -081.410
28634 +35.973 -080.757
28635 +36.333 -081.126
28636 +35.939 -081.063
28637 +35.718 -081.419
28638 +35.845 -081.478
28640 +36.405 -081.399
28641 +35.975 -081.895
28642 +36.225 -080.815
28643 +36.529 -081.541
28644 +36.426 -081.278
28645 +35.979 -081.548
28646 +36.073 -081.847
28649 +36.336 -081.212
28650 +35.571 -081.158
28651 +36.306 -081.309
28652 +36.090 -081.987
28653 +36.066 -081.901
28654 +36.059 -081.159
28655 +35.763 -081.750
28657 +36.022 -081.942
28658 +35.638 -081.236
28659 +36.216 -081.148
28660 +35.969 -080.856
28662 +36.022 -081.892
28663 +36.537 -081.290
28664 +36.042 -082.006
28665 +36.210 -081.374
28666 +35.719 -081.471
28667 +35.775 -081.425
28668 +36.424 -080.975
28669 +36.223 -080.990
28670 +36.194 -080.912
28671 +35.750 -081.527
28672 +36.483 -081.327
28673 +35.618 -080.999
28675 +36.506 -081.136
28676 +36.332 -080.855
28677 +35.738 -080.926
28678 +35.833 -081.071
28679 +36.260 -081.840
28681 +35.923 -081.223
28682 +35.588 -080.965
28683 +36.390 -080.911
28684 +36.334 -081.607
28685 +36.347 -081.041
28689 +36.043 -080.933
28690 +35.733 -081.574
28692 +36.315 -081.838
28693 +36.472 -081.559
28694 +36.366 -081.468
28697 +36.137 -081.163
28698 +36.314 -081.761
28701 +35.705 -082.636
28702 +35.380 -083.642
28704 +35.461 -082.571
28705 +36.035 -082.151
28707 +35.399 -083.066
28708 +35.271 -082.860
28709 +35.771 -082.379
28710 +35.457 -082.280
28711 +35.601 -082.270
28712 +35.173 -082.771
28713 +35.366 -083.512
28714 +35.878 -082.305
28715 +35.512 -082.712
28716 +35.439 -082.848
28717 +35.050 -083.093
28718 +35.159 -082.635
28719 +35.511 -083.520
28720 +35.448 -082.262
28721 +35.634 -082.931
28722 +35.208 -082.061
28723 +35.314 -083.013
28725 +35.382 -083.268
28726 +35.281 -082.417
28729 +35.320 -082.603
28730 +35.531 -082.360
28731 +35.294 -082.380
28732 +35.452 -082.446
28733 +35.427 -083.777
28734 +35.179 -083.437
28735 +35.475 -082.349
28736 +35.176 -083.086
28739 +35.274 -082.529
28740 +36.026 -082.305
28741 +35.066 -083.211
28742 +35.383 -082.651
28743 +35.800 -082.881
28745 +35.522 -082.974
28746 +35.477 -082.162
28747 +35.146 -082.917
28748 +35.655 -082.760
28749 +35.841 -082.098
28751 +35.505 -083.120
28752 +35.710 -082.036
28753 +35.864 -082.713
28754 +35.877 -082.514
28755 +35.908 -082.218
28756 +35.356 -082.209
28757 +35.648 -082.299
28758 +35.375 -082.496
28759 +35.381 -082.589
28761 +35.690 -081.907
28762 +35.635 -082.190
28763 +35.029 -083.466
28766 +35.249 -082.619
28768 +35.325 -082.707
28770 +35.621 -082.278
28771 +35.343 -083.854
28772 +35.139 -082.837
28773 +35.261 -082.298
28774 +35.094 -082.995
28775 +35.019 -083.321
28777 +35.908 -082.065
28778 +35.614 -082.398
28779 +35.356 -083.210
28781 +35.224 -083.635
28782 +35.234 -082.147
28783 +35.242 -083.021
28785 +35.653 -083.140
28786 +35.462 -082.989
28787 +35.742 -082.516
28788 +35.351 -083.223
28789 +35.407 -083.317
28790 +35.198 -082.495
28791 +35.357 -082.507
28792 +35.394 -082.368
28801 +35.595 -082.558
28803 +35.532 -082.523
28804 +35.645 -082.558
28805 +35.614 -082.480
28806 +35.570 -082.617
28901 +35.201 -083.805
28902 +35.023 -083.958
28904 +35.069 -083.734
28905 +35.163 -083.941
28906 +35.087 -084.137
28909 +35.001 -083.903
29001 +33.787 -080.174
29003 +33.241 -081.024
29006 +33.869 -081.551
29009 +34.443 -080.365
29010 +34.224 -080.272
29014 +34.523 -081.115
29015 +34.445 -081.338
29016 +34.204 -080.993
29018 +33.349 -080.639
29020 +34.314 -080.574
29030 +33.576 -080.648
29031 +34.607 -081.429
29032 +34.337 -080.444
29033 +33.955 -081.057
29036 +34.134 -081.340
29037 +34.190 -081.868
29038 +33.381 -080.981
29039 +33.420 -080.892
29040 +34.061 -080.438
29042 +33.306 -081.148
29044 +33.926 -080.695
29045 +34.185 -080.805
29046 +34.113 -080.161
29047 +33.532 -080.580
29048 +33.391 -080.295
29051 +33.862 -080.128
29052 +33.798 -080.741
29053 +33.828 -081.091
29054 +33.948 -081.383
29055 +34.574 -080.915
29056 +33.609 -080.006
29058 +34.554 -080.750
29059 +33.329 -080.419
29061 +33.897 -080.851
29062 +34.004 -080.606
29063 +34.137 -081.202
29065 +34.298 -081.317
29067 +34.544 -080.537
29069 +34.180 -080.095
29070 +33.917 -081.449
29072 +33.999 -081.273
29073 +33.891 -081.236
29074 +34.441 -080.818
29075 +34.201 -081.378
29078 +34.182 -080.699
29079 +34.289 -080.113
29080 +34.012 -080.086
29081 +33.089 -081.047
29082 +33.038 -080.939
29101 +34.482 -080.245
29102 +33.654 -080.202
29104 +33.995 -080.212
29105 +33.806 -081.594
29107 +33.523 -081.118
29108 +34.305 -081.627
29111 +33.778 -080.021
29112 +33.625 -081.082
29113 +33.432 -081.135
29114 +33.954 -079.932
29115 +33.478 -080.844
29117 +33.498 -080.850
29118 +33.569 -080.889
29122 +34.239 -081.328
29123 +33.757 -081.261
29125 +33.696 -080.475
29126 +34.329 -081.419
29127 +34.153 -081.512
29128 +34.096 -080.532
29129 +33.789 -081.673
29130 +34.332 -080.880
29133 +33.359 -080.803
29135 +33.702 -080.751
29137 +33.596 -081.321
29138 +34.042 -081.776
29142 +33.465 -080.522
29145 +34.217 -081.807
29146 +33.508 -081.295
29148 +33.535 -080.336
29150 +33.819 -080.317
29152 +33.973 -080.467
29153 +33.971 -080.306
29154 +33.815 -080.435
29160 +33.747 -081.036
29161 +34.103 -079.943
29162 +33.890 -080.008
29163 +33.418 -080.446
29164 +33.658 -081.431
29166 +33.897 -081.712
29168 +33.848 -080.541
29169 +33.998 -081.097
29170 +33.939 -081.145
29172 +33.906 -081.076
29175 +34.443 -080.607
29177 +34.141 -081.268
29178 +34.496 -081.590
29180 +34.365 -081.099
29201 +33.982 -081.028
29203 +34.101 -081.041
29204 +34.029 -081.000
29205 +33.990 -080.997
29206 +34.029 -080.961
29207 +34.042 -080.846
29208 +33.998 -081.027
29209 +33.927 -080.950
29210 +34.045 -081.110
29212 +34.078 -081.202
29223 +34.093 -080.919
29225 +33.995 -081.030
29229 +34.146 -080.894
29301 +34.935 -082.015
29302 +34.884 -081.844
29303 +34.995 -081.968
29306 +34.893 -081.922
29307 +34.983 -081.832
29316 +35.043 -081.975
29320 +34.959 -081.993
29321 +34.715 -081.741
29322 +35.121 -082.132
29323 +35.126 -081.907
29324 +34.991 -081.824
29325 +34.468 -081.845
29329 +34.992 -081.836
29330 +35.053 -081.804
29331 +34.644 -081.858
29332 +34.279 -081.970
29333 +34.971 -081.911
29334 +34.906 -082.124
29335 +34.659 -081.907
29338 +35.134 -082.002
29340 +34.972 -081.586
29341 +35.120 -081.713
29346 +34.945 -081.836
29349 +35.067 -082.068
29351 +34.421 -081.808
29353 +34.831 -081.649
29355 +34.363 -081.748
29356 +35.147 -082.261
29360 +34.488 -082.046
29364 +34.788 -081.462
29365 +34.981 -082.172
29368 +35.083 -081.863
29369 +34.866 -082.019
29370 +34.373 -081.977
29372 +34.902 -081.712
29373 +34.924 -081.743
29374 +34.789 -081.845
29375 +34.861 -082.114
29376 +34.811 -081.944
29377 +34.931 -082.097
29378 +34.967 -081.969
29379 +34.688 -081.602
29384 +34.340 -082.090
29385 +34.973 -082.101
29388 +34.763 -082.046
29401 +32.777 -079.932
29403 +32.803 -079.946
29404 +32.898 -080.052
29405 +32.853 -079.980
29406 +32.937 -080.035
29407 +32.799 -079.998
29409 +32.797 -079.961
29410 +32.938 -080.015
29412 +32.712 -079.952
29414 +32.843 -080.105
29418 +32.909 -080.096
29420 +32.932 -080.100
29424 +32.785 -079.938
29425 +32.785 -079.948
29426 +32.772 -080.374
29429 +32.989 -079.696
29431 +33.271 -079.882
29432 +33.228 -080.814
29434 +33.141 -079.844
29435 +32.953 -080.466
29436 +33.315 -080.187
29437 +33.135 -080.418
29438 +32.566 -080.322
29439 +32.648 -079.960
29440 +33.381 -079.330
29445 +32.997 -079.967
29446 +32.589 -080.511
29448 +33.256 -080.453
29449 +32.700 -080.281
29450 +33.087 -079.772
29451 +32.828 -079.750
29452 +32.718 -080.471
29453 +33.223 -079.607
29455 +32.684 -080.092
29456 +32.984 -080.113
29458 +33.119 -079.486
29461 +33.171 -080.009
29464 +32.819 -079.857
29466 +32.876 -079.784
29468 +33.427 -080.080
29469 +33.244 -080.131
29470 +32.814 -080.210
29471 +33.193 -080.670
29472 +33.055 -080.325
29474 +32.903 -080.524
29475 +32.967 -080.819
29477 +33.163 -080.565
29479 +33.381 -079.891
29481 +33.120 -080.793
29482 +32.771 -079.831
29483 +33.030 -080.234
29485 +32.933 -080.207
29486 +33.103 -080.167
29487 +32.658 -080.184
29488 +32.907 -080.673
29492 +32.910 -079.878
29493 +33.045 -080.843
29501 +34.205 -079.827
29505 +34.130 -079.689
29506 +34.210 -079.650
29510 +33.454 -079.613
29511 +33.976 -079.122
29512 +34.619 -079.718
29516 +34.443 -079.615
29518 +33.795 -079.847
29519 +34.016 -079.360
29520 +34.688 -079.930
29525 +34.563 -079.516
29526 +33.868 -078.977
29527 +33.785 -079.140
29530 +33.996 -079.740
29532 +34.283 -079.850
29536 +34.419 -079.372
29540 +34.384 -079.850
29541 +34.065 -079.741
29543 +34.288 -079.266
29544 +34.002 -079.221
29545 +34.164 -078.966
29546 +33.884 -079.349
29547 +34.488 -079.328
29550 +34.393 -080.077
29554 +33.703 -079.392
29555 +33.841 -079.458
29556 +33.668 -079.763
29560 +33.839 -079.750
29563 +34.353 -079.209
29564 +33.476 -079.856
29565 +34.358 -079.499
29566 +33.889 -078.659
29567 +34.561 -079.433
29568 +33.913 -078.750
29569 +34.033 -078.912
29570 +34.668 -079.563
29571 +34.135 -079.425
29572 +33.770 -078.792
29574 +34.165 -079.261
29575 +33.630 -078.974
29576 +33.570 -079.054
29577 +33.698 -078.906
29579 +33.766 -078.913
29580 +33.653 -079.552
29581 +34.195 -079.114
29582 +33.832 -078.655
29583 +33.978 -079.571
29584 +34.576 -080.054
29585 +33.556 -079.089
29588 +33.671 -079.023
29589 +34.101 -079.320
29590 +33.569 -079.849
29591 +33.938 -079.762
29592 +34.245 -079.454
29593 +34.493 -079.857
29594 +34.640 -079.577
29596 +34.736 -079.851
29601 +34.847 -082.402
29605 +34.778 -082.380
29607 +34.810 -082.329
29609 +34.913 -082.388
29611 +34.831 -082.458
29613 +34.924 -082.440
29614 +34.874 -082.363
29615 +34.857 -082.296
29617 +34.914 -082.466
29620 +34.182 -082.426
29621 +34.506 -082.604
29624 +34.436 -082.624
29625 +34.556 -082.766
29626 +34.461 -082.757
29627 +34.519 -082.480
29628 +34.088 -082.564
29630 +34.739 -082.799
29631 +34.682 -082.818
29634 +34.676 -082.835
29635 +35.077 -082.635
29638 +34.364 -082.338
29639 +34.304 -082.429
29640 +34.878 -082.575
29642 +34.777 -082.564
29643 +34.508 -082.975
29644 +34.666 -082.195
29645 +34.588 -082.127
29646 +34.136 -082.148
29649 +34.239 -082.145
29650 +34.898 -082.258
29651 +35.024 -082.280
29653 +34.306 -082.232
29654 +34.456 -082.370
29655 +34.265 -082.632
29657 +34.767 -082.687
29658 +34.772 -083.303
29659 +34.212 -082.645
29661 +35.057 -082.555
29662 +34.779 -082.303
29664 +34.861 -083.158
29665 +34.725 -082.915
29666 +34.113 -081.980
29667 +34.764 -082.757
29669 +34.639 -082.413
29670 +34.644 -082.723
29671 +34.944 -082.721
29672 +34.752 -082.932
29673 +34.720 -082.455
29676 +34.954 -082.985
29678 +34.634 -082.937
29680 +34.685 -082.294
29681 +34.768 -082.225
29682 +34.836 -082.853
29683 +35.030 -082.493
29684 +34.379 -082.719
29685 +34.983 -082.845
29686 +34.958 -083.053
29687 +34.987 -082.327
29689 +34.537 -082.876
29690 +35.060 -082.417
29691 +34.784 -083.077
29692 +34.412 -082.219
29693 +34.642 -083.155
29696 +34.781 -083.008
29697 +34.626 -082.549
29702 +35.116 -081.473
29704 +34.832 -080.910
29706 +34.716 -081.235
29707 +34.988 -080.858
29708 +35.048 -080.987
29709 +34.719 -080.099
29710 +35.106 -081.221
29712 +34.798 -080.976
29714 +34.712 -080.915
29715 +35.011 -080.927
29717 +34.951 -081.449
29718 +34.630 -080.358
29720 +34.745 -080.743
29724 +34.775 -081.013
29726 +34.861 -081.236
29727 +34.719 -080.265
29728 +34.765 -080.401
29729 +34.689 -081.007
29730 +34.885 -081.021
29732 +34.971 -081.081
29733 +34.939 -081.032
29741 +34.725 -080.196
29742 +34.870 -081.392
29743 +35.026 -081.423
29745 +34.991 -081.214
29801 +33.586 -081.692
29803 +33.453 -081.702
29805 +33.642 -081.614
29809 +33.416 -081.689
29810 +32.986 -081.378
29812 +33.214 -081.383
29816 +33.502 -081.873
29817 +33.370 -081.271
29819 +34.044 -082.227
29821 +33.637 -082.115
29824 +33.815 -081.994
29826 +33.385 -081.360
29827 +32.970 -081.242
29828 +33.523 -081.830
29829 +33.575 -081.858
29831 +33.339 -081.864
29832 +33.839 -081.804
29834 +33.518 -081.843
29835 +33.921 -082.295
29836 +33.085 -081.496
29838 +33.747 -082.151
29840 +33.997 -082.543
29841 +33.526 -081.939
29842 +33.457 -081.861
29843 +33.182 -081.180
29844 +33.785 -082.214
29845 +33.826 -082.213
29847 +33.704 -081.847
29848 +33.972 -082.060
29849 +33.104 -081.238
29851 +33.511 -081.816
29853 +33.399 -081.432
29856 +33.485 -081.512
29860 +33.615 -081.984
29899 +33.928 -082.251
29902 +32.318 -080.682
29904 +32.479 -080.722
29905 +32.355 -080.700
29906 +32.445 -080.753
29907 +32.475 -080.599
29909 +32.337 -080.848
29910 +32.218 -080.895
29911 +32.929 -081.155
29912 +32.585 -080.928
29915 +32.119 -080.861
29916 +32.729 -080.959
29918 +32.744 -081.247
29920 +32.364 -080.554
29921 +32.687 -081.180
29922 +32.588 -081.280
29923 +32.848 -081.239
29924 +32.877 -081.111
29926 +32.237 -080.734
29927 +32.247 -081.058
29928 +32.167 -080.754
29929 +32.955 -080.924
29932 +32.833 -081.344
29934 +32.595 -081.113
29935 +32.383 -080.696
29936 +32.483 -080.966
29939 +32.681 -081.245
29940 +32.553 -080.678
29941 +32.535 -080.820
29943 +32.491 -081.147
29944 +32.796 -081.035
29945 +32.681 -080.796
30002 +33.773 -084.262
30004 +34.146 -084.292
30005 +34.089 -084.217
30008 +33.901 -084.591
30009 +34.078 -084.303
30011 +34.020 -083.837
30012 +33.718 -084.003
30013 +33.643 -083.972
30014 +33.587 -083.822
30016 +33.517 -083.929
30017 +33.889 -083.964
30018 +33.717 -083.804
30019 +33.976 -083.884
30021 +33.808 -084.239
30022 +34.026 -084.247
30024 +34.063 -084.091
30025 +33.656 -083.696
30028 +34.293 -084.176
30030 +33.773 -084.291
30032 +33.741 -084.264
30033 +33.814 -084.284
30034 +33.691 -084.249
30035 +33.724 -084.204
30038 +33.666 -084.140
30039 +33.799 -084.034
30040 +34.223 -084.176
30041 +34.196 -084.097
30043 +34.010 -084.005
30044 +33.922 -084.069
30045 +33.937 -083.928
30046 +33.950 -083.993
30047 +33.870 -084.112
30052 +33.817 -083.897
30054 +33.678 -083.883
30055 +33.497 -083.750
30056 +33.492 -083.650
30058 +33.738 -084.107
30060 +33.920 -084.543
30062 +34.006 -084.473
30064 +33.940 -084.610
30066 +34.032 -084.505
30067 +33.934 -084.462
30068 +33.968 -084.432
30070 +33.573 -083.896
30071 +33.941 -084.207
30072 +33.791 -084.205
30075 +34.053 -084.392
30076 +34.029 -084.311
30078 +33.861 -084.018
30079 +33.792 -084.261
30080 +33.878 -084.502
30082 +33.855 -084.536
30083 +33.797 -084.193
30084 +33.854 -084.216
30087 +33.791 -084.098
30088 +33.756 -084.182
30090 +33.953 -084.548
30092 +33.972 -084.232
30093 +33.909 -084.179
30094 +33.613 -084.052
30096 +33.974 -084.145
30097 +34.026 -084.146
30101 +34.035 -084.707
30102 +34.102 -084.645
30103 +34.363 -084.920
30104 +34.089 -085.070
30105 +34.433 -085.172
30106 +33.833 -084.628
30107 +34.336 -084.345
30108 +33.532 -085.263
30110 +33.739 -085.135
30111 +33.832 -084.655
30113 +33.851 -085.205
30114 +34.244 -084.536
30115 +34.216 -084.402
30116 +33.539 -084.996
30117 +33.582 -085.132
30118 +33.573 -085.099
30120 +34.175 -084.860
30121 +34.212 -084.777
30122 +33.767 -084.641
30124 +34.134 -085.346
30125 +34.001 -085.277
30126 +33.815 -084.554
30127 +33.875 -084.699
30132 +33.978 -084.852
30134 +33.778 -084.781
30135 +33.672 -084.733
30137 +34.117 -084.766
30139 +34.432 -084.706
30141 +33.860 -084.770
30143 +34.463 -084.425
30144 +34.037 -084.591
30145 +34.246 -084.986
30147 +34.135 -085.222
30148 +34.460 -084.266
30149 +34.317 -085.220
30152 +33.992 -084.647
30153 +33.974 -085.053
30157 +33.885 -084.872
30161 +34.236 -085.174
30165 +34.316 -085.295
30168 +33.784 -084.588
30170 +33.433 -085.165
30171 +34.363 -084.727
30173 +34.133 -085.154
30175 +34.535 -084.527
30176 +33.771 -085.304
30177 +34.407 -084.374
30178 +34.096 -084.971
30179 +33.782 -085.015
30180 +33.719 -084.919
30182 +33.656 -085.249
30183 +34.339 -084.602
30184 +34.252 -084.741
30185 +33.520 -084.918
30187 +33.653 -084.856
30188 +34.124 -084.458
30189 +34.124 -084.571
30204 +33.056 -084.122
30205 +33.267 -084.475
30206 +33.096 -084.458
30213 +33.587 -084.624
30214 +33.490 -084.486
30215 +33.392 -084.456
30216 +33.229 -083.885
30217 +33.291 -085.138
30218 +33.120 -084.587
30220 +33.231 -084.825
30222 +33.044 -084.743
30223 +33.289 -084.280
30224 +33.204 -084.240
30228 +33.401 -084.308
30229 +33.228 -084.570
30230 +33.167 -084.920
30233 +33.295 -083.976
30234 +33.333 -084.025
30236 +33.520 -084.325
30238 +33.502 -084.382
30240 +33.037 -085.120
30241 +33.022 -084.956
30248 +33.350 -084.109
30250 +33.435 -084.306
30251 +33.198 -084.698
30252 +33.474 -084.057
30253 +33.454 -084.187
30256 +33.007 -084.310
30257 +33.143 -084.186
30258 +32.991 -084.470
30259 +33.266 -084.742
30260 +33.587 -084.334
30263 +33.388 -084.859
30265 +33.419 -084.713
30268 +33.546 -084.723
30269 +33.394 -084.569
30272 +33.623 -084.502
30273 +33.584 -084.271
30274 +33.557 -084.401
30275 +33.431 -084.868
30276 +33.263 -084.583
30277 +33.375 -084.649
30281 +33.557 -084.195
30284 +33.340 -084.289
30285 +32.988 -084.258
30286 +32.881 -084.333
30288 +33.653 -084.327
30289 +33.324 -084.634
30290 +33.476 -084.590
30291 +33.576 -084.544
30292 +33.168 -084.393
30293 +32.979 -084.596
30294 +33.637 -084.265
30295 +33.090 -084.318
30296 +33.563 -084.441
30297 +33.615 -084.372
30303 +33.753 -084.390
30305 +33.834 -084.392
30306 +33.788 -084.353
30307 +33.771 -084.334
30308 +33.771 -084.378
30309 +33.800 -084.386
30310 +33.727 -084.429
30311 +33.723 -084.476
30312 +33.745 -084.376
30313 +33.764 -084.398
30314 +33.758 -084.432
30315 +33.703 -084.383
30316 +33.717 -084.331
30317 +33.748 -084.316
30318 +33.793 -084.448
30319 +33.876 -084.335
30322 +33.795 -084.325
30324 +33.818 -084.358
30326 +33.850 -084.364
30327 +33.870 -084.417
30328 +33.933 -084.387
30329 +33.827 -084.322
30331 +33.705 -084.544
30332 +33.778 -084.404
30334 +33.749 -084.388
30336 +33.735 -084.569
30337 +33.640 -084.450
30338 +33.946 -084.318
30339 +33.868 -084.465
30340 +33.898 -084.253
30341 +33.889 -084.290
30342 +33.884 -084.375
30344 +33.677 -084.462
30345 +33.852 -084.284
30346 +33.924 -084.339
30349 +33.622 -084.524
30350 +33.980 -084.330
30354 +33.660 -084.387
30360 +33.934 -084.272
30363 +33.791 -084.399
30401 +32.605 -082.348
30410 +32.189 -082.513
30411 +32.124 -082.794
30412 +32.080 -082.486
30413 +32.885 -082.513
30414 +32.157 -081.990
30415 +32.324 -081.603
30417 +32.170 -081.921
30420 +32.307 -082.131
30421 +32.185 -082.111
30423 +32.146 -081.824
30425 +32.682 -082.095
30426 +33.047 -081.649
30427 +31.923 -081.962
30428 +32.225 -082.715
30429 +32.157 -081.935
30434 +33.025 -082.366
30436 +32.155 -082.293
30439 +32.417 -082.070
30441 +32.816 -082.237
30442 +32.816 -081.970
30445 +32.166 -082.581
30446 +32.563 -081.463
30448 +32.488 -082.363
30449 +32.525 -081.535
30450 +32.556 -081.927
30451 +32.393 -081.956
30452 +32.316 -081.892
30453 +32.026 -082.111
30454 +32.436 -082.730
30455 +32.698 -081.810
30456 +32.981 -081.796
30457 +32.400 -082.561
30458 +32.399 -081.829
30460 +32.427 -081.783
30461 +32.497 -081.723
30464 +32.437 -082.225
30467 +32.754 -081.604
30470 +32.359 -082.498
30471 +32.543 -082.181
30473 +32.015 -082.473
30474 +32.224 -082.414
30477 +32.863 -082.401
30501 +34.319 -083.814
30504 +34.267 -083.889
30506 +34.347 -083.896
30507 +34.265 -083.769
30510 +34.445 -083.571
30511 +34.450 -083.487
30512 +34.857 -083.968
30513 +34.821 -084.322
30516 +34.381 -083.031
30517 +34.130 -083.797
30518 +34.134 -084.023
30519 +34.087 -083.945
30520 +34.340 -083.083
30521 +34.362 -083.292
30522 +34.784 -084.344
30523 +34.713 -083.551
30525 +34.907 -083.369
30527 +34.481 -083.782
30528 +34.609 -083.776
30529 +34.217 -083.483
30530 +34.223 -083.394
30531 +34.513 -083.592
30533 +34.571 -084.014
30534 +34.431 -084.144
30535 +34.574 -083.575
30536 +34.652 -084.359
30537 +34.979 -083.331
30538 +34.501 -083.264
30539 +34.681 -084.470
30540 +34.728 -084.544
30541 +34.917 -084.518
30542 +34.180 -083.910
30543 +34.302 -083.658
30545 +34.762 -083.762
30546 +34.908 -083.718
30547 +34.362 -083.456
30548 +34.089 -083.764
30549 +34.108 -083.577
30552 +34.774 -083.471
30553 +34.444 -083.084
30554 +34.398 -083.662
30555 +34.969 -084.420
30557 +34.480 -083.185
30558 +34.264 -083.567
30559 +34.958 -084.274
30560 +34.877 -084.205
30562 +34.919 -083.384
30563 +34.559 -083.462
30564 +34.464 -083.889
30565 +34.086 -083.411
30566 +34.239 -083.897
30567 +34.181 -083.677
30568 +34.955 -083.411
30571 +34.716 -083.682
30572 +34.736 -084.073
30573 +34.741 -083.393
30575 +34.208 -083.713
30576 +34.835 -083.452
30577 +34.556 -083.329
30581 +34.796 -083.424
30582 +34.956 -083.910
30597 +34.528 -083.985
30598 +34.597 -083.354
30601 +33.999 -083.347
30602 +33.944 -083.374
30605 +33.904 -083.326
30606 +33.940 -083.434
30607 +34.017 -083.448
30609 +33.933 -083.372
30619 +33.856 -083.245
30620 +33.929 -083.758
30621 +33.797 -083.471
30622 +33.921 -083.531
30623 +33.729 -083.513
30624 +34.181 -083.038
30625 +33.520 -083.334
30627 +33.972 -082.964
30628 +34.032 -083.216
30629 +34.078 -083.110
30630 +33.900 -083.145
30631 +33.558 -082.866
30633 +34.181 -083.249
30634 +34.202 -082.942
30635 +34.106 -082.793
30639 +34.283 -083.152
30641 +33.770 -083.565
30642 +33.544 -083.184
30643 +34.365 -082.912
30646 +34.086 -083.303
30648 +33.871 -083.038
30650 +33.591 -083.468
30655 +33.780 -083.693
30656 +33.862 -083.716
30660 +33.783 -082.931
30662 +34.267 -083.138
30663 +33.616 -083.600
30664 +33.556 -082.798
30665 +33.537 -083.074
30666 +33.962 -083.585
30667 +33.797 -083.176
30668 +33.896 -082.697
30669 +33.676 -083.118
30673 +33.728 -082.716
30677 +33.783 -083.373
30678 +33.453 -083.066
30680 +33.995 -083.697
30683 +33.947 -083.257
30701 +34.494 -084.954
30705 +34.748 -084.748
30707 +34.779 -085.365
30708 +34.940 -084.668
30710 +34.939 -084.917
30711 +34.932 -084.769
30720 +34.734 -085.001
30721 +34.793 -084.909
30724 +34.825 -084.758
30725 +34.925 -085.353
30726 +34.975 -085.141
30728 +34.685 -085.226
30730 +34.364 -085.416
30731 +34.564 -085.472
30733 +34.415 -085.051
30734 +34.533 -084.715
30735 +34.603 -084.883
30736 +34.902 -085.134
30738 +34.797 -085.481
30739 +34.806 -085.216
30740 +34.757 -085.072
30741 +34.953 -085.281
30742 +34.936 -085.245
30746 +34.592 -085.033
30747 +34.504 -085.293
30750 +34.937 -085.388
30751 +34.985 -084.733
30752 +34.915 -085.538
30753 +34.582 -085.286
30755 +34.869 -085.041
30756 +34.901 -084.975
30757 +34.936 -085.442
30802 +33.601 -082.300
30803 +33.133 -082.549
30805 +33.280 -082.192
30807 +33.457 -082.649
30808 +33.384 -082.392
30809 +33.559 -082.171
30810 +33.232 -082.588
30812 +33.367 -082.029
30813 +33.467 -082.228
30814 +33.431 -082.319
30815 +33.285 -082.072
30816 +33.163 -082.176
30817 +33.778 -082.430
30818 +33.270 -082.326
30820 +33.222 -082.725
30821 +33.492 -082.738
30822 +32.919 -081.944
30823 +33.222 -082.456
30824 +33.513 -082.515
30828 +33.368 -082.656
30830 +33.085 -081.979
30833 +33.191 -082.353
30901 +33.437 -081.956
30904 +33.478 -082.014
30905 +33.411 -082.149
30906 +33.347 -081.968
30907 +33.524 -082.086
30909 +33.470 -082.083
30912 +33.470 -081.988
31001 +31.976 -083.340
31002 +32.554 -082.595
31003 +32.597 -083.223
31004 +32.952 -083.805
31005 +32.545 -083.594
31006 +32.581 -084.251
31007 +32.189 -083.927
31008 +32.665 -083.786
31009 +32.270 -083.001
31011 +32.131 -083.052
31012 +32.394 -083.174
31014 +32.416 -083.349
31015 +31.943 -083.779
31016 +32.829 -084.092
31017 +32.621 -083.232
31018 +32.976 -082.617
31019 +32.424 -083.051
31020 +32.654 -083.498
31021 +32.490 -082.935
31022 +32.512 -083.117
31023 +32.183 -083.199
31024 +33.323 -083.370
31025 +32.335 -083.741
31027 +32.572 -082.823
31028 +32.633 -083.684
31029 +33.044 -083.935
31030 +32.569 -083.892
31031 +32.866 -083.328
31032 +33.012 -083.573
31033 +33.079 -083.434
31034 +33.055 -083.226
31035 +32.854 -082.708
31036 +32.270 -083.493
31037 +32.122 -082.936
31038 +33.142 -083.621
31039 +32.604 -084.379
31041 +32.382 -084.168
31042 +32.744 -083.189
31044 +32.656 -083.391
31045 +33.283 -082.795
31046 +33.054 -083.796
31047 +32.467 -083.581
31049 +32.678 -082.523
31050 +32.722 -083.937
31051 +32.143 -083.879
31052 +32.789 -083.840
31054 +32.890 -083.214
31055 +31.986 -082.883
31057 +32.430 -083.944
31058 +32.489 -084.410
31060 +31.986 -083.056
31061 +33.059 -083.226
31062 +33.043 -083.216
31063 +32.289 -083.963
31064 +33.286 -083.702
31065 +32.564 -083.188
31066 +32.802 -083.978
31067 +32.852 -082.962
31068 +32.333 -084.111
31069 +32.440 -083.749
31070 +32.187 -083.790
31071 +32.129 -083.541
31072 +31.974 -083.567
31075 +32.361 -082.955
31076 +32.550 -084.105
31077 +31.942 -083.170
31078 +32.695 -084.076
31079 +31.943 -083.463
31081 +32.412 -084.284
31082 +32.996 -082.903
31083 +32.044 -082.822
31084 +31.962 -083.603
31085 +33.427 -083.628
31087 +33.251 -083.001
31088 +32.586 -083.655
31089 +32.851 -082.860
31090 +32.794 -083.048
31091 +32.238 -083.705
31092 +32.090 -083.783
31093 +32.648 -083.657
31094 +33.114 -082.796
31096 +32.723 -082.707
31097 +32.890 -084.167
31098 +32.615 -083.578
31201 +32.806 -083.618
31204 +32.849 -083.675
31206 +32.793 -083.685
31207 +32.829 -083.649
31210 +32.908 -083.735
31211 +32.904 -083.599
31213 +32.840 -083.639
31216 +32.732 -083.671
31217 +32.844 -083.500
31220 +32.884 -083.818
31301 +31.758 -081.605
31302 +32.126 -081.340
31303 +32.505 -081.313
31305 +31.368 -081.378
31307 +32.176 -081.398
31308 +32.180 -081.471
31309 +31.880 -081.441
31312 +32.319 -081.401
31313 +31.837 -081.617
31314 +31.907 -081.618
31315 +31.888 -081.606
31316 +31.719 -081.733
31318 +32.135 -081.372
31320 +31.766 -081.368
31321 +32.185 -081.660
31322 +32.102 -081.255
31323 +31.668 -081.454
31324 +31.850 -081.265
31326 +32.297 -081.223
31327 +31.423 -081.290
31328 +32.004 -080.891
31329 +32.427 -081.350
31331 +31.490 -081.422
31333 +31.768 -081.627
31401 +32.068 -081.093
31404 +32.051 -081.053
31405 +32.039 -081.179
31406 +31.980 -081.085
31407 +32.183 -081.198
31408 +32.104 -081.181
31409 +32.016 -081.145
31410 +32.015 -080.988
31411 +31.938 -081.034
31415 +32.081 -081.127
31419 +31.985 -081.236
31421 +32.087 -081.078
31501 +31.228 -082.348
31503 +31.177 -082.401
31510 +31.547 -082.434
31512 +31.546 -083.018
31513 +31.777 -082.346
31516 +31.309 -082.253
31518 +31.513 -082.185
31519 +31.668 -082.869
31520 +31.178 -081.488
31522 +31.257 -081.342
31523 +31.213 -081.617
31524 +31.241 -081.473
31525 +31.321 -081.526
31527 +31.075 -081.416
31532 +31.726 -082.746
31533 +31.563 -082.829
31535 +31.460 -082.867
31537 +30.927 -082.176
31539 +31.814 -082.602
31542 +31.143 -082.119
31543 +31.326 -081.870
31544 +31.840 -082.964
31545 +31.573 -081.991
31546 +31.530 -081.795
31547 +30.790 -081.535
31548 +30.796 -081.712
31549 +31.921 -082.730
31550 +31.147 -082.596
31551 +31.488 -082.267
31552 +31.290 -082.599
31553 +31.166 -081.982
31554 +31.486 -082.621
31555 +31.703 -082.069
31556 +31.405 -082.115
31557 +31.375 -082.099
31558 +30.802 -081.508
31560 +31.506 -082.030
31561 +31.209 -081.310
31562 +30.475 -082.104
31563 +31.738 -082.178
31564 +31.249 -082.471
31565 +31.071 -081.643
31566 +31.183 -081.806
31567 +31.631 -082.706
31568 +31.013 -081.819
31569 +30.934 -081.737
31599 +31.563 -081.902
31601 +30.776 -083.334
31602 +30.868 -083.342
31605 +30.933 -083.222
31606 +30.799 -083.180
31620 +31.117 -083.434
31622 +31.372 -083.199
31623 +31.071 -082.644
31624 +31.296 -082.730
31625 +30.989 -083.523
31626 +30.776 -083.803
31627 +31.040 -083.392
31629 +30.817 -083.689
31630 +30.924 -082.860
31631 +30.708 -082.644
31632 +30.986 -083.355
31634 +31.031 -082.733
31635 +31.097 -083.048
31636 +30.731 -083.111
31637 +31.296 -083.440
31638 +30.906 -083.512
31639 +31.213 -083.191
31641 +30.921 -083.094
31642 +31.263 -082.883
31643 +30.773 -083.557
31645 +31.061 -083.219
31647 +31.211 -083.432
31648 +30.708 -083.008
31649 +30.941 -083.014
31650 +31.370 -083.019
31698 +30.849 -083.290
31699 +30.970 -083.194
31701 +31.573 -084.155
31704 +31.550 -084.056
31705 +31.517 -084.043
31707 +31.587 -084.206
31709 +32.046 -084.150
31711 +32.188 -084.122
31712 +31.819 -083.719
31714 +31.708 -083.678
31716 +31.366 -084.111
31719 +32.090 -084.311
31720 +30.878 -083.725
31721 +31.525 -084.301
31722 +31.048 -083.611
31727 +31.418 -083.387
31730 +31.211 -084.281
31733 +31.593 -083.490
31735 +31.970 -083.973
31738 +31.008 -083.880
31743 +31.896 -084.007
31744 +31.340 -083.903
31747 +31.175 -083.585
31749 +31.421 -083.330
31750 +31.736 -083.215
31753 +31.200 -083.873
31756 +31.177 -083.962
31757 +30.871 -083.903
31763 +31.736 -084.148
31764 +31.976 -084.089
31765 +31.088 -084.027
31768 +31.189 -083.841
31771 +31.248 -083.654
31772 +31.724 -083.961
31773 +30.978 -084.046
31774 +31.565 -083.264
31775 +31.334 -083.599
31778 +30.975 -083.700
31779 +31.090 -084.192
31780 +32.028 -084.391
31781 +31.561 -083.796
31783 +31.759 -083.470
31784 +31.252 -084.048
31787 +31.895 -084.248
31788 +31.112 -083.684
31789 +31.483 -083.734
31790 +31.652 -083.578
31791 +31.529 -083.894
31792 +30.766 -084.043
31793 +31.462 -083.581
31794 +31.446 -083.453
31795 +31.435 -083.640
31796 +31.771 -083.875
31798 +31.644 -083.047
31801 +32.519 -084.595
31803 +32.307 -084.517
31804 +32.664 -084.878
31805 +32.263 -084.740
31806 +32.260 -084.300
31807 +32.645 -084.805
31808 +32.632 -085.011
31810 +32.568 -084.525
31811 +32.737 -084.937
31812 +32.635 -084.425
31814 +32.197 -084.865
31815 +32.042 -084.856
31816 +32.879 -084.601
31820 +32.576 -084.829
31821 +32.142 -084.975
31822 +32.865 -084.910
31823 +32.798 -084.811
31824 +32.058 -084.521
31825 +32.116 -084.671
31826 +32.800 -084.703
31827 +32.696 -084.504
31829 +32.566 -084.725
31830 +32.901 -084.729
31831 +32.667 -084.705
31832 +31.958 -084.615
31833 +32.843 -085.092
31836 +32.796 -084.535
31901 +32.464 -084.980
31903 +32.414 -084.954
31904 +32.554 -085.009
31905 +32.373 -084.843
31906 +32.468 -084.950
31907 +32.484 -084.900
31909 +32.549 -084.924
32003 +30.096 -081.710
32008 +29.908 -082.897
32009 +30.423 -081.974
32011 +30.570 -081.841
32013 +30.194 -083.291
32024 +30.092 -082.731
32025 +30.104 -082.566
32026 +30.059 -082.190
32033 +29.788 -081.447
32034 +30.602 -081.482
32038 +29.935 -082.692
32040 +30.247 -082.235
32043 +29.927 -081.744
32044 +29.858 -082.179
32046 +30.701 -081.917
32052 +30.491 -082.945
32053 +30.569 -083.152
32054 +30.034 -082.394
32055 +30.270 -082.624
32058 +30.108 -082.107
32059 +30.385 -083.256
32060 +30.274 -083.036
32061 +30.083 -082.517
32062 +30.137 -082.978
32063 +30.271 -082.120
32064 +30.293 -082.992
32065 +30.175 -081.872
32066 +30.040 -083.206
32068 +30.083 -081.884
32071 +30.058 -082.956
32072 +30.184 -082.423
32073 +30.168 -081.740
32079 +29.978 -081.807
32080 +29.817 -081.265
32081 +30.120 -081.427
32082 +30.112 -081.372
32083 +30.115 -082.233
32084 +29.914 -081.365
32086 +29.741 -081.300
32087 +30.365 -082.299
32091 +29.933 -082.113
32092 +29.929 -081.522
32094 +30.187 -082.822
32095 +30.028 -081.437
32096 +30.534 -082.627
32097 +30.662 -081.649
32102 +29.138 -081.523
32110 +29.445 -081.352
32112 +29.432 -081.566
32113 +29.410 -082.089
32114 +29.192 -081.047
32117 +29.233 -081.068
32118 +29.210 -081.002
32119 +29.161 -081.026
32124 +29.160 -081.159
32127 +29.108 -080.976
32128 +29.101 -081.072
32129 +29.137 -081.024
32130 +29.148 -081.341
32131 +29.678 -081.564
32132 +28.980 -080.921
32133 +29.012 -081.915
32134 +29.377 -081.828
32136 +29.464 -081.147
32137 +29.576 -081.224
32139 +29.377 -081.613
32140 +29.763 -081.867
32141 +28.929 -080.919
32145 +29.678 -081.421
32147 +29.635 -081.787
32148 +29.601 -081.883
32157 +29.462 -081.588
32159 +28.918 -081.898
32162 +28.922 -081.999
32163 +28.837 -081.959
32164 +29.481 -081.218
32168 +28.995 -081.024
32169 +28.976 -080.867
32174 +29.292 -081.161
32176 +29.335 -081.064
32177 +29.698 -081.703
32179 +29.095 -081.900
32180 +29.241 -081.443
32181 +29.508 -081.602
32182 +29.509 -081.941
32187 +29.579 -081.550
32189 +29.550 -081.648
32190 +29.338 -081.493
32192 +29.350 -082.111
32193 +29.477 -081.664
32195 +28.988 -081.886
32202 +30.325 -081.647
32203 +30.337 -081.671
32204 +30.317 -081.681
32205 +30.302 -081.723
32206 +30.351 -081.638
32207 +30.290 -081.641
32208 +30.393 -081.683
32209 +30.361 -081.696
32210 +30.265 -081.748
32211 +30.332 -081.583
32212 +30.223 -081.673
32214 +30.208 -081.683
32216 +30.281 -081.582
32217 +30.229 -081.621
32218 +30.488 -081.668
32219 +30.427 -081.815
32220 +30.335 -081.855
32221 +30.259 -081.878
32222 +30.209 -081.831
32223 +30.157 -081.649
32224 +30.270 -081.461
32225 +30.358 -081.506
32226 +30.481 -081.506
32227 +30.389 -081.404
32228 +30.392 -081.400
32233 +30.357 -081.417
32234 +30.226 -082.004
32244 +30.217 -081.753
32246 +30.291 -081.512
32250 +30.280 -081.412
32254 +30.341 -081.735
32256 +30.175 -081.472
32257 +30.189 -081.612
32258 +30.141 -081.552
32259 +30.074 -081.585
32266 +30.317 -081.409
32277 +30.377 -081.594
32301 +30.428 -084.258
32303 +30.512 -084.345
32304 +30.452 -084.353
32305 +30.350 -084.301
32306 +30.442 -084.294
32307 +30.422 -084.287
32308 +30.481 -084.220
32309 +30.581 -084.104
32310 +30.433 -084.392
32311 +30.390 -084.181
32312 +30.604 -084.243
32313 +30.443 -084.301
32317 +30.470 -084.117
32320 +29.732 -085.054
32321 +30.263 -084.998
32322 +29.864 -084.632
32323 +29.892 -084.614
32324 +30.655 -084.783
32327 +30.182 -084.303
32328 +29.800 -084.897
32330 +30.579 -084.748
32331 +30.455 -083.578
32332 +30.610 -084.665
32333 +30.608 -084.418
32334 +30.259 -084.758
32336 +30.263 -083.865
32337 +30.483 -084.021
32340 +30.449 -083.435
32343 +30.478 -084.505
32344 +30.445 -083.926
32346 +29.982 -084.381
32347 +30.151 -083.641
32348 +29.942 -083.557
32350 +30.575 -083.326
32351 +30.520 -084.675
32352 +30.662 -084.592
32355 +30.169 -084.209
32356 +29.859 -083.415
32358 +30.091 -084.541
32359 +29.650 -083.376
32360 +30.365 -084.812
32361 +30.358 -083.989
32399 +30.383 -084.231
32401 +30.158 -085.638
32403 +30.049 -085.553
32404 +30.185 -085.507
32405 +30.199 -085.669
32407 +30.198 -085.791
32408 +30.157 -085.755
32409 +30.341 -085.713
32410 +29.952 -085.428
32413 +30.306 -085.886
32420 +30.636 -085.382
32421 +30.521 -085.206
32423 +30.944 -085.049
32424 +30.391 -085.082
32425 +30.853 -085.720
32426 +30.954 -085.367
32427 +30.710 -085.792
32428 +30.616 -085.573
32430 +30.419 -085.226
32431 +30.787 -085.411
32432 +30.714 -085.077
32433 +30.851 -086.201
32435 +30.649 -086.130
32437 +30.436 -085.909
32438 +30.512 -085.415
32439 +30.483 -086.130
32440 +30.922 -085.526
32442 +30.687 -085.009
32443 +30.873 -085.109
32444 +30.238 -085.652
32445 +30.971 -085.197
32446 +30.848 -085.231
32448 +30.671 -085.223
32449 +30.268 -085.218
32455 +30.639 -085.963
32456 +29.815 -085.306
32459 +30.361 -086.186
32460 +30.764 -084.954
32461 +30.309 -086.054
32462 +30.562 -085.824
32463 +30.628 -085.587
32464 +30.881 -085.956
32465 +30.008 -085.182
32466 +30.388 -085.465
32501 +30.429 -087.223
32502 +30.409 -087.227
32503 +30.460 -087.214
32504 +30.473 -087.186
32505 +30.455 -087.261
32506 +30.392 -087.372
32507 +30.338 -087.379
32508 +30.351 -087.317
32509 +30.470 -087.340
32511 +30.406 -087.291
32512 +30.399 -087.299
32514 +30.532 -087.223
32526 +30.499 -087.366
32530 +30.597 -087.020
32531 +30.898 -086.693
32533 +30.613 -087.324
32534 +30.528 -087.286
32535 +30.964 -087.346
32536 +30.750 -086.598
32539 +30.779 -086.477
32541 +30.395 -086.479
32542 +30.508 -086.541
32544 +30.426 -086.719
32547 +30.466 -086.653
32548 +30.413 -086.589
32550 +30.381 -086.346
32561 +30.341 -087.117
32563 +30.391 -087.025
32564 +30.729 -086.782
32565 +30.894 -087.145
32566 +30.425 -086.892
32567 +30.921 -086.432
32568 +30.878 -087.475
32569 +30.411 -086.728
32570 +30.792 -086.983
32571 +30.673 -087.196
32577 +30.741 -087.379
32578 +30.508 -086.448
32579 +30.446 -086.574
32580 +30.507 -086.515
32583 +30.605 -086.972
32601 +29.649 -082.325
32603 +29.653 -082.350
32605 +29.679 -082.373
32606 +29.682 -082.444
32607 +29.647 -082.419
32608 +29.590 -082.396
32609 +29.772 -082.283
32610 +29.641 -082.343
32612 +29.643 -082.354
32615 +29.819 -082.486
32616 +29.782 -082.499
32617 +29.308 -082.074
32618 +29.540 -082.521
32619 +29.756 -082.868
32621 +29.429 -082.631
32622 +29.900 -082.307
32625 +29.215 -082.995
32626 +29.424 -082.899
32628 +29.653 -083.163
32631 +29.729 -082.113
32634 +29.365 -082.254
32639 +29.232 -082.722
32640 +29.558 -082.071
32641 +29.648 -082.239
32643 +29.818 -082.636
32648 +29.501 -083.239
32653 +29.744 -082.403
32656 +29.827 -081.945
32658 +29.852 -082.417
32664 +29.449 -082.222
32666 +29.714 -081.993
32667 +29.490 -082.304
32668 +29.257 -082.475
32669 +29.632 -082.590
32680 +29.575 -083.074
32681 +29.427 -082.215
32683 +29.274 -082.770
32686 +29.356 -082.275
32692 +29.329 -083.172
32693 +29.626 -082.785
32694 +29.808 -082.144
32696 +29.400 -082.469
32697 +29.928 -082.426
32701 +28.666 -081.370
32702 +29.044 -081.627
32703 +28.654 -081.521
32707 +28.664 -081.315
32708 +28.688 -081.270
32709 +28.502 -080.959
32712 +28.736 -081.548
32713 +28.881 -081.324
32714 +28.662 -081.412
32720 +29.033 -081.375
32723 +29.035 -081.305
32724 +29.057 -081.226
32725 +28.886 -081.251
32726 +28.854 -081.680
32730 +28.652 -081.343
32732 +28.751 -081.102
32735 +28.890 -081.739
32736 +28.917 -081.489
32738 +28.905 -081.188
32744 +28.985 -081.220
32746 +28.771 -081.353
32750 +28.709 -081.350
32751 +28.630 -081.365
32754 +28.687 -080.919
32757 +28.776 -081.631
32759 +28.826 -080.903
32763 +28.942 -081.306
32764 +28.837 -081.063
32765 +28.665 -081.196
32766 +28.648 -081.045
32767 +29.027 -081.534
32768 +28.696 -081.558
32771 +28.815 -081.318
32773 +28.755 -081.247
32775 +28.767 -080.877
32776 +28.801 -081.484
32778 +28.773 -081.730
32779 +28.727 -081.415
32780 +28.528 -080.780
32784 +28.974 -081.717
32789 +28.599 -081.352
32792 +28.608 -081.301
32796 +28.625 -080.846
32798 +28.724 -081.588
32801 +28.542 -081.374
32803 +28.556 -081.348
32804 +28.579 -081.394
32805 +28.530 -081.406
32806 +28.512 -081.360
32807 +28.554 -081.301
32808 +28.580 -081.444
32809 +28.462 -081.385
32810 +28.622 -081.429
32811 +28.521 -081.448
32812 +28.485 -081.324
32814 +28.569 -081.326
32816 +28.600 -081.196
32817 +28.588 -081.244
32818 +28.590 -081.494
32819 +28.454 -081.472
32820 +28.577 -081.140
32821 +28.381 -081.480
32822 +28.490 -081.290
32824 +28.389 -081.345
32825 +28.537 -081.243
32826 +28.580 -081.189
32827 +28.431 -081.324
32828 +28.530 -081.169
32829 +28.477 -081.224
32830 +28.392 -081.567
32831 +28.487 -081.146
32832 +28.400 -081.177
32833 +28.494 -081.083
32835 +28.522 -081.486
32836 +28.406 -081.516
32837 +28.382 -081.414
32839 +28.488 -081.407
32899 +28.570 -080.628
32901 +28.079 -080.622
32903 +28.102 -080.582
32904 +28.033 -080.816
32905 +28.031 -080.600
32907 +28.021 -080.680
32908 +27.956 -080.698
32909 +27.899 -080.660
32920 +28.442 -080.588
32922 +28.373 -080.742
32925 +28.252 -080.610
32926 +28.383 -080.819
32927 +28.464 -080.807
32931 +28.320 -080.626
32934 +28.135 -080.714
32935 +28.146 -080.650
32937 +28.176 -080.605
32940 +28.211 -080.751
32948 +27.760 -080.629
32949 +27.910 -080.561
32950 +27.981 -080.570
32951 +27.945 -080.503
32952 +28.320 -080.659
32953 +28.464 -080.688
32955 +28.289 -080.791
32958 +27.794 -080.491
32959 +28.445 -080.764
32960 +27.641 -080.404
32962 +27.583 -080.383
32963 +27.718 -080.393
32966 +27.687 -080.716
32967 +27.715 -080.454
32968 +27.593 -080.509
32970 +27.754 -080.450
32976 +27.846 -080.554
33001 +24.835 -080.802
33004 +26.061 -080.136
33009 +25.984 -080.146
33010 +25.833 -080.279
33012 +25.866 -080.301
33013 +25.862 -080.270
33014 +25.905 -080.302
33015 +25.941 -080.317
33016 +25.894 -080.330
33018 +25.912 -080.393
33019 +26.028 -080.120
33020 +26.019 -080.153
33021 +26.023 -080.187
33022 +26.014 -080.144
33023 +25.988 -080.212
33024 +26.026 -080.245
33025 +25.988 -080.281
33026 +26.026 -080.296
33027 +25.988 -080.340
33028 +26.015 -080.340
33029 +25.992 -080.394
33030 +25.486 -080.508
33031 +25.525 -080.501
33032 +25.531 -080.391
33033 +25.479 -080.409
33034 +25.469 -080.762
33035 +25.422 -080.400
33036 +24.902 -080.699
33037 +25.226 -080.414
33039 +25.498 -080.398
33040 +24.545 -081.922
33042 +24.665 -081.503
33043 +24.670 -081.261
33050 +24.750 -080.987
33051 +24.723 -081.022
33054 +25.908 -080.258
33055 +25.948 -080.279
33056 +25.949 -080.244
33060 +26.235 -080.121
33062 +26.241 -080.091
33063 +26.252 -080.209
33064 +26.278 -080.115
33065 +26.274 -080.260
33066 +26.253 -080.170
33067 +26.306 -080.226
33068 +26.216 -080.214
33069 +26.236 -080.157
33070 +25.011 -080.529
33071 +26.246 -080.267
33073 +26.298 -080.182
33076 +26.319 -080.272
33101 +25.780 -080.199
33109 +25.761 -080.131
33122 +25.805 -080.315
33125 +25.784 -080.236
33126 +25.779 -080.300
33127 +25.814 -080.204
33128 +25.777 -080.203
33129 +25.755 -080.198
33130 +25.769 -080.203
33131 +25.766 -080.184
33132 +25.777 -080.173
33133 +25.731 -080.234
33134 +25.753 -080.270
33135 +25.767 -080.235
33136 +25.787 -080.205
33137 +25.811 -080.167
33138 +25.854 -080.178
33139 +25.779 -080.152
33140 +25.817 -080.136
33141 +25.851 -080.139
33142 +25.806 -080.255
33143 +25.702 -080.299
33144 +25.763 -080.313
33145 +25.753 -080.235
33146 +25.721 -080.273
33147 +25.851 -080.239
33149 +25.714 -080.164
33150 +25.852 -080.207
33154 +25.886 -080.132
33155 +25.738 -080.311
33156 +25.668 -080.297
33157 +25.608 -080.343
33158 +25.639 -080.311
33160 +25.933 -080.135
33161 +25.894 -080.183
33162 +25.929 -080.179
33165 +25.734 -080.358
33166 +25.825 -080.311
33167 +25.885 -080.236
33168 +25.893 -080.209
33169 +25.943 -080.215
33170 +25.558 -080.450
33172 +25.787 -080.365
33173 +25.702 -080.358
33174 +25.762 -080.359
33175 +25.737 -080.407
33176 +25.658 -080.361
33177 +25.599 -080.407
33178 +25.835 -080.422
33179 +25.958 -080.180
33180 +25.962 -080.141
33181 +25.898 -080.151
33182 +25.783 -080.401
33183 +25.701 -080.406
33184 +25.760 -080.406
33185 +25.730 -080.454
33186 +25.654 -080.412
33187 +25.527 -080.600
33189 +25.573 -080.339
33190 +25.557 -080.350
33193 +25.705 -080.471
33194 +25.714 -080.584
33196 +25.648 -080.555
33301 +26.121 -080.128
33304 +26.141 -080.119
33305 +26.153 -080.123
33306 +26.166 -080.114
33308 +26.189 -080.105
33309 +26.186 -080.173
33311 +26.144 -080.173
33312 +26.088 -080.182
33313 +26.152 -080.227
33314 +26.068 -080.224
33315 +26.087 -080.153
33316 +26.102 -080.121
33317 +26.113 -080.228
33319 +26.181 -080.226
33321 +26.213 -080.270
33322 +26.150 -080.276
33323 +26.152 -080.321
33324 +26.112 -080.275
33325 +26.111 -080.324
33326 +26.110 -080.374
33327 +26.226 -080.368
33328 +26.070 -080.273
33330 +26.061 -080.330
33331 +26.060 -080.370
33332 +26.007 -080.460
33334 +26.184 -080.134
33351 +26.180 -080.275
33388 +26.117 -080.254
33401 +26.716 -080.067
33403 +26.804 -080.076
33404 +26.781 -080.063
33405 +26.670 -080.058
33406 +26.664 -080.092
33407 +26.758 -080.091
33408 +26.841 -080.052
33409 +26.716 -080.096
33410 +26.846 -080.087
33411 +26.715 -080.204
33412 +26.803 -080.217
33413 +26.664 -080.151
33414 +26.647 -080.250
33415 +26.660 -080.127
33417 +26.720 -080.124
33418 +26.873 -080.166
33426 +26.534 -080.083
33428 +26.351 -080.229
33430 +26.603 -080.579
33431 +26.375 -080.107
33432 +26.344 -080.082
33433 +26.347 -080.159
33434 +26.383 -080.168
33435 +26.526 -080.061
33436 +26.523 -080.107
33437 +26.509 -080.148
33438 +26.976 -080.524
33440 +26.538 -081.044
33441 +26.311 -080.098
33442 +26.310 -080.145
33444 +26.457 -080.080
33445 +26.456 -080.108
33446 +26.457 -080.183
33449 +26.593 -080.234
33455 +27.054 -080.162
33458 +26.936 -080.128
33460 +26.618 -080.056
33461 +26.619 -080.093
33462 +26.576 -080.072
33463 +26.593 -080.129
33467 +26.596 -080.176
33469 +26.989 -080.109
33470 +26.784 -080.381
33471 +26.917 -081.198
33472 +26.540 -080.189
33473 +26.503 -080.192
33476 +26.801 -080.653
33477 +26.919 -080.076
33478 +26.940 -080.261
33480 +26.685 -080.038
33483 +26.463 -080.062
33484 +26.454 -080.134
33486 +26.348 -080.115
33487 +26.412 -080.089
33493 +26.476 -080.706
33496 +26.409 -080.166
33498 +26.395 -080.220
33503 +27.764 -082.276
33510 +27.955 -082.299
33511 +27.910 -082.296
33513 +28.660 -082.169
33514 +28.661 -081.997
33521 +28.798 -082.075
33523 +28.422 -082.266
33525 +28.331 -082.183
33527 +27.974 -082.213
33530 +27.908 -082.172
33534 +27.818 -082.372
33538 +28.850 -082.185
33540 +28.262 -082.133
33541 +28.234 -082.221
33542 +28.236 -082.178
33543 +28.205 -082.317
33544 +28.248 -082.371
33545 +28.268 -082.291
33547 +27.790 -082.136
33548 +28.146 -082.482
33549 +28.141 -082.450
33550 +27.980 -082.307
33556 +28.166 -082.602
33558 +28.165 -082.511
33559 +28.161 -082.415
33563 +28.017 -082.126
33565 +28.086 -082.148
33566 +27.978 -082.096
33567 +27.921 -082.117
33569 +27.849 -082.296
33570 +27.694 -082.459
33572 +27.766 -082.400
33573 +27.720 -082.362
33574 +28.338 -082.257
33576 +28.303 -082.304
33578 +27.861 -082.355
33579 +27.798 -082.281
33584 +28.005 -082.294
33585 +28.738 -082.032
33592 +28.102 -082.283
33594 +27.941 -082.242
33596 +27.887 -082.226
33597 +28.529 -082.085
33598 +27.693 -082.285
33602 +27.954 -082.456
33603 +27.986 -082.464
33604 +28.017 -082.455
33605 +27.951 -082.430
33606 +27.944 -082.474
33607 +27.965 -082.519
33609 +27.943 -082.515
33610 +27.998 -082.378
33611 +27.891 -082.506
33612 +28.051 -082.450
33613 +28.084 -082.448
33614 +28.005 -082.506
33615 +28.001 -082.582
33616 +27.865 -082.535
33617 +28.039 -082.392
33618 +28.075 -082.498
33619 +27.935 -082.379
33620 +28.061 -082.413
33621 +27.849 -082.511
33624 +28.080 -082.528
33625 +28.067 -082.558
33626 +28.064 -082.597
33629 +27.922 -082.509
33634 +28.010 -082.548
33635 +28.021 -082.618
33637 +28.045 -082.363
33647 +28.152 -082.318
33701 +27.771 -082.633
33702 +27.847 -082.631
33703 +27.817 -082.620
33704 +27.796 -082.629
33705 +27.734 -082.640
33706 +27.742 -082.752
33707 +27.743 -082.724
33708 +27.815 -082.798
33709 +27.817 -082.732
33710 +27.789 -082.730
33711 +27.739 -082.687
33712 +27.735 -082.667
33713 +27.788 -082.677
33714 +27.815 -082.678
33715 +27.666 -082.723
33716 +27.880 -082.653
33744 +27.807 -082.773
33755 +27.980 -082.783
33756 +27.946 -082.794
33759 +27.976 -082.712
33760 +27.906 -082.714
33761 +28.033 -082.724
33762 +27.908 -082.677
33763 +28.003 -082.743
33764 +27.937 -082.741
33765 +27.975 -082.745
33767 +27.975 -082.827
33770 +27.915 -082.804
33771 +27.906 -082.759
33772 +27.844 -082.797
33773 +27.882 -082.755
33774 +27.884 -082.828
33776 +27.850 -082.826
33777 +27.853 -082.761
33778 +27.889 -082.799
33781 +27.839 -082.715
33782 +27.860 -082.708
33785 +27.892 -082.850
33786 +27.933 -082.834
33801 +28.036 -081.900
33803 +28.010 -081.936
33805 +28.095 -081.918
33809 +28.202 -081.956
33810 +28.130 -082.039
33811 +27.979 -082.016
33812 +27.971 -081.894
33813 +27.947 -081.926
33815 +28.041 -081.998
33823 +28.087 -081.813
33825 +27.620 -081.459
33827 +27.818 -081.517
33830 +27.883 -081.811
33834 +27.631 -081.913
33835 +27.788 -081.973
33837 +28.194 -081.588
33838 +28.017 -081.610
33839 +27.974 -081.755
33840 +28.009 -081.905
33841 +27.738 -081.768
33843 +27.732 -081.513
33844 +28.090 -081.589
33847 +27.803 -081.822
33848 +28.276 -081.508
33849 +28.226 -082.069
33850 +28.125 -081.731
33851 +28.045 -081.626
33852 +27.259 -081.378
33853 +27.901 -081.586
33854 +27.856 -081.410
33855 +27.791 -081.360
33856 +27.856 -081.428
33857 +27.359 -081.167
33858 +28.245 -081.558
33859 +27.885 -081.628
33860 +27.819 -082.006
33865 +27.434 -081.963
33867 +27.781 -081.202
33868 +28.268 -081.854
33870 +27.503 -081.368
33872 +27.505 -081.546
33873 +27.571 -081.781
33875 +27.423 -081.501
33876 +27.425 -081.339
33877 +27.984 -081.619
33880 +27.994 -081.778
33881 +28.051 -081.703
33884 +27.983 -081.682
33890 +27.455 -081.725
33896 +28.250 -081.581
33897 +28.285 -081.689
33898 +27.881 -081.318
33901 +26.623 -081.883
33903 +26.682 -081.906
33904 +26.575 -081.945
33905 +26.668 -081.764
33907 +26.564 -081.870
33908 +26.510 -081.980
33909 +26.720 -081.966
33912 +26.535 -081.826
33913 +26.514 -081.697
33914 +26.559 -082.024
33916 +26.639 -081.841
33917 +26.748 -081.846
33919 +26.556 -081.903
33920 +26.742 -081.636
33921 +26.772 -082.253
33922 +26.652 -082.177
33924 +26.538 -082.194
33928 +26.436 -081.697
33930 +26.567 -081.407
33931 +26.430 -081.914
33935 +26.757 -081.418
33936 +26.618 -081.559
33944 +26.955 -081.450
33946 +26.852 -082.282
33947 +26.885 -082.278
33948 +26.986 -082.152
33950 +26.916 -082.044
33952 +26.986 -082.097
33953 +27.000 -082.212
33954 +27.025 -082.121
33955 +26.816 -081.994
33956 +26.537 -082.122
33957 +26.460 -082.100
33960 +27.079 -081.412
33965 +26.468 -081.764
33966 +26.583 -081.834
33967 +26.472 -081.812
33971 +26.639 -081.700
33972 +26.649 -081.618
33973 +26.601 -081.730
33974 +26.559 -081.601
33976 +26.591 -081.686
33980 +26.978 -082.050
33981 +26.876 -082.211
33982 +26.855 -081.667
33983 +27.006 -082.013
33990 +26.629 -081.949
33991 +26.634 -082.010
33993 +26.673 -082.051
34101 +26.050 -081.781
34102 +26.137 -081.799
34103 +26.191 -081.803
34104 +26.150 -081.741
34105 +26.190 -081.765
34108 +26.246 -081.808
34109 +26.241 -081.764
34110 +26.303 -081.788
34112 +26.121 -081.739
34113 +26.044 -081.732
34114 +25.954 -081.573
34116 +26.189 -081.711
34117 +26.118 -081.549
34119 +26.264 -081.717
34120 +26.313 -081.582
34134 +26.361 -081.832
34135 +26.368 -081.736
34137 +26.041 -081.391
34138 +25.814 -081.363
34139 +25.850 -081.390
34140 +25.925 -081.663
34141 +26.023 -081.081
34142 +26.314 -081.286
34145 +25.910 -081.695
34201 +27.401 -082.466
34202 +27.403 -082.394
34203 +27.440 -082.509
34205 +27.483 -082.585
34207 +27.439 -082.580
34208 +27.487 -082.516
34209 +27.505 -082.655
34210 +27.438 -082.630
34211 +27.454 -082.383
34212 +27.494 -082.406
34215 +27.474 -082.686
34216 +27.535 -082.735
34217 +27.491 -082.705
34219 +27.576 -082.263
34221 +27.581 -082.552
34222 +27.539 -082.507
34223 +26.984 -082.338
34224 +26.923 -082.308
34228 +27.400 -082.644
34229 +27.191 -082.484
34231 +27.266 -082.517
34232 +27.325 -082.472
34233 +27.280 -082.477
34234 +27.369 -082.557
34235 +27.369 -082.477
34236 +27.326 -082.560
34237 +27.339 -082.515
34238 +27.236 -082.471
34239 +27.311 -082.521
34240 +27.345 -082.354
34241 +27.251 -082.374
34242 +27.260 -082.541
34243 +27.401 -082.528
34250 +27.570 -082.585
34251 +27.378 -082.172
34266 +27.202 -081.802
34267 +27.089 -081.954
34268 +27.132 -081.927
34269 +27.090 -081.961
34275 +27.152 -082.423
34285 +27.095 -082.441
34286 +27.107 -082.107
34287 +27.058 -082.249
34288 +27.054 -082.113
34289 +27.089 -082.139
34291 +27.116 -082.215
34292 +27.104 -082.335
34293 +27.037 -082.359
34420 +29.053 -082.039
34428 +28.957 -082.648
34429 +28.867 -082.662
34431 +29.140 -082.531
34432 +29.065 -082.375
34433 +28.993 -082.529
34434 +28.995 -082.438
34436 +28.734 -082.294
34442 +28.921 -082.382
34445 +28.971 -082.424
34446 +28.749 -082.523
34448 +28.767 -082.625
34449 +29.107 -082.691
34450 +28.830 -082.266
34452 +28.761 -082.376
34453 +28.896 -082.330
34461 +28.814 -082.483
34465 +28.929 -082.491
34470 +29.201 -082.082
34471 +29.162 -082.127
34472 +29.109 -081.997
34473 +28.998 -082.188
34474 +29.154 -082.211
34475 +29.253 -082.162
34476 +29.089 -082.202
34479 +29.256 -082.109
34480 +29.094 -082.094
34481 +29.126 -082.310
34482 +29.244 -082.275
34484 +28.945 -082.098
34487 +28.781 -082.613
34488 +29.219 -081.941
34491 +28.998 -082.040
34498 +29.032 -082.736
34601 +28.588 -082.371
34602 +28.502 -082.282
34604 +28.478 -082.433
34606 +28.468 -082.596
34607 +28.595 -082.616
34608 +28.483 -082.553
34609 +28.479 -082.508
34610 +28.370 -082.511
34613 +28.559 -082.542
34614 +28.647 -082.514
34637 +28.308 -082.465
34638 +28.274 -082.530
34639 +28.265 -082.423
34652 +28.241 -082.744
34653 +28.244 -082.688
34654 +28.298 -082.629
34655 +28.211 -082.655
34661 +28.621 -082.261
34667 +28.386 -082.666
34668 +28.293 -082.711
34669 +28.356 -082.610
34677 +28.045 -082.674
34679 +28.423 -082.674
34681 +28.091 -082.778
34683 +28.088 -082.761
34684 +28.081 -082.727
34685 +28.093 -082.689
34688 +28.143 -082.684
34689 +28.150 -082.762
34690 +28.194 -082.726
34691 +28.193 -082.770
34695 +28.008 -082.688
34698 +28.036 -082.791
34705 +28.694 -081.711
34711 +28.521 -081.754
34714 +28.399 -081.813
34715 +28.631 -081.726
34729 +28.617 -081.701
34731 +28.868 -081.897
34734 +28.537 -081.515
34736 +28.599 -081.862
34737 +28.697 -081.803
34739 +27.933 -081.099
34741 +28.306 -081.427
34743 +28.329 -081.355
34744 +28.296 -081.349
34746 +28.237 -081.442
34747 +28.309 -081.591
34748 +28.773 -081.883
34753 +28.604 -081.906
34756 +28.587 -081.679
34758 +28.192 -081.485
34759 +28.104 -081.419
34760 +28.557 -081.629
34761 +28.579 -081.534
34762 +28.757 -081.921
34769 +28.244 -081.294
34771 +28.268 -081.128
34772 +28.160 -081.274
34773 +28.161 -080.998
34785 +28.846 -082.062
34786 +28.483 -081.539
34787 +28.485 -081.619
34788 +28.880 -081.790
34797 +28.730 -081.827
34945 +27.458 -080.552
34946 +27.503 -080.360
34947 +27.449 -080.375
34949 +27.467 -080.300
34950 +27.444 -080.331
34951 +27.532 -080.419
34952 +27.297 -080.298
34953 +27.250 -080.383
34956 +27.098 -080.500
34957 +27.275 -080.243
34972 +27.478 -080.909
34974 +27.149 -080.914
34981 +27.393 -080.372
34982 +27.375 -080.312
34983 +27.324 -080.353
34984 +27.249 -080.331
34986 +27.328 -080.402
34987 +27.290 -080.497
34990 +27.148 -080.362
34994 +27.200 -080.256
34996 +27.188 -080.188
34997 +27.050 -080.271
35004 +33.603 -086.494
35005 +33.606 -086.994
35006 +33.423 -087.210
35007 +33.221 -086.788
35010 +32.917 -085.941
35013 +33.902 -086.518
35014 +33.356 -086.262
35016 +34.325 -086.504
35019 +34.302 -086.634
35020 +33.405 -086.954
35022 +33.332 -086.959
35023 +33.468 -087.088
35031 +34.098 -086.555
35032 +33.263 -086.334
35033 +33.922 -087.011
35034 +32.898 -087.282
35035 +33.044 -086.968
35036 +33.641 -086.916
35040 +33.103 -086.729
35042 +32.931 -087.128
35043 +33.311 -086.663
35044 +33.267 -086.367
35045 +32.812 -086.673
35046 +32.921 -086.530
35049 +33.962 -086.612
35051 +33.219 -086.601
35052 +33.591 -086.410
35053 +34.066 -087.066
35054 +33.502 -086.338
35055 +34.151 -086.759
35057 +34.180 -086.934
35058 +34.237 -086.730
35060 +33.558 -086.928
35061 +33.475 -086.947
35062 +33.719 -087.018
35063 +33.818 -087.021
35064 +33.475 -086.920
35068 +33.609 -086.832
35070 +34.014 -086.743
35071 +33.695 -086.849
35072 +33.094 -086.067
35073 +33.651 -086.987
35074 +33.222 -087.124
35077 +34.021 -086.833
35078 +33.324 -086.445
35079 +33.938 -086.757
35080 +33.249 -086.915
35082 +33.158 -086.154
35083 +34.204 -086.595
35085 +32.976 -086.739
35087 +34.306 -086.584
35089 +32.946 -086.082
35091 +33.783 -086.789
35094 +33.514 -086.571
35096 +33.620 -086.108
35097 +33.892 -086.627
35098 +34.139 -087.039
35111 +33.281 -087.090
35112 +33.694 -086.475
35114 +33.223 -086.867
35115 +33.143 -086.892
35116 +33.731 -086.767
35117 +33.668 -086.893
35118 +33.527 -087.035
35119 +33.638 -086.779
35120 +33.669 -086.422
35121 +33.941 -086.451
35124 +33.322 -086.742
35125 +33.633 -086.289
35126 +33.731 -086.655
35127 +33.491 -086.976
35128 +33.552 -086.338
35130 +33.633 -087.137
35131 +33.714 -086.193
35133 +33.829 -086.595
35135 +33.628 -086.196
35136 +32.879 -086.287
35143 +33.090 -086.556
35146 +33.795 -086.453
35147 +33.416 -086.531
35148 +33.756 -087.046
35149 +33.240 -086.210
35150 +33.190 -086.245
35151 +33.120 -086.339
35160 +33.363 -086.111
35171 +32.871 -086.746
35172 +33.845 -086.695
35173 +33.655 -086.563
35175 +34.436 -086.511
35176 +33.482 -086.502
35178 +33.416 -086.412
35179 +34.273 -086.969
35180 +33.833 -086.849
35181 +33.626 -086.880
35183 +33.006 -086.358
35184 +33.114 -087.137
35185 +33.349 -086.539
35186 +33.257 -086.510
35188 +33.170 -087.173
35203 +33.518 -086.810
35204 +33.522 -086.841
35205 +33.495 -086.808
35206 +33.570 -086.713
35207 +33.568 -086.825
35208 +33.497 -086.879
35209 +33.465 -086.811
35210 +33.542 -086.669
35211 +33.456 -086.868
35212 +33.548 -086.753
35213 +33.507 -086.744
35214 +33.571 -086.892
35215 +33.650 -086.704
35216 +33.419 -086.789
35217 +33.607 -086.763
35218 +33.508 -086.894
35221 +33.450 -086.899
35222 +33.524 -086.770
35223 +33.491 -086.734
35224 +33.528 -086.945
35226 +33.399 -086.842
35228 +33.456 -086.922
35229 +33.464 -086.794
35233 +33.509 -086.801
35234 +33.540 -086.804
35235 +33.615 -086.645
35242 +33.425 -086.671
35243 +33.441 -086.742
35244 +33.353 -086.825
35249 +33.507 -086.803
35254 +33.514 -086.853
35401 +33.179 -087.615
35404 +33.215 -087.483
35405 +33.120 -087.541
35406 +33.339 -087.468
35441 +32.857 -087.731
35442 +33.054 -088.186
35443 +32.769 -088.011
35444 +33.329 -087.293
35446 +33.209 -087.750
35447 +33.278 -088.168
35452 +33.281 -087.689
35453 +33.162 -087.374
35456 +33.064 -087.415
35457 +33.304 -087.773
35458 +33.402 -087.810
35459 +32.792 -088.276
35460 +32.722 -088.196
35461 +33.417 -088.214
35462 +32.932 -087.939
35463 +33.054 -087.682
35464 +32.785 -088.145
35466 +33.249 -087.919
35469 +33.004 -087.799
35470 +32.562 -088.067
35473 +33.269 -087.585
35474 +32.941 -087.591
35475 +33.439 -087.562
35476 +33.238 -087.580
35477 +32.956 -088.241
35480 +33.098 -087.799
35481 +33.405 -088.047
35487 +33.214 -087.548
35490 +33.218 -087.238
35491 +32.937 -088.098
35501 +33.821 -087.297
35503 +33.937 -087.305
35504 +33.894 -087.171
35540 +34.219 -087.193
35541 +34.081 -087.174
35542 +33.704 -087.681
35543 +34.211 -087.758
35544 +33.960 -088.017
35545 +33.642 -087.931
35546 +33.605 -087.545
35548 +34.056 -087.750
35549 +33.823 -087.563
35550 +33.745 -087.160
35552 +34.073 -088.143
35553 +34.127 -087.383
35554 +33.886 -087.672
35555 +33.671 -087.823
35559 +33.912 -087.735
35563 +33.997 -087.907
35564 +34.259 -087.845
35565 +34.237 -087.563
35570 +34.164 -087.993
35571 +34.369 -087.944
35572 +34.201 -087.283
35573 +33.901 -087.550
35574 +33.555 -087.969
35575 +34.036 -087.588
35576 +33.588 -088.143
35577 +34.092 -087.599
35578 +33.980 -087.466
35579 +33.625 -087.331
35580 +33.701 -087.271
35581 +34.360 -087.713
35582 +34.486 -088.095
35584 +33.819 -087.088
35585 +34.419 -087.829
35586 +33.874 -088.140
35587 +33.796 -087.457
35592 +33.743 -088.097
35593 +34.354 -088.090
35594 +33.920 -087.779
35601 +34.606 -087.008
35603 +34.535 -086.971
35610 +34.955 -087.232
35611 +34.774 -087.084
35613 +34.820 -086.882
35614 +34.859 -087.080
35615 +34.662 -086.876
35616 +34.740 -088.019
35618 +34.641 -087.305
35619 +34.383 -087.152
35620 +34.931 -087.020
35621 +34.335 -086.727
35622 +34.347 -086.899
35630 +34.825 -087.660
35632 +34.808 -087.681
35633 +34.876 -087.796
35634 +34.924 -087.608
35640 +34.441 -086.944
35643 +34.673 -087.202
35645 +34.894 -087.489
35646 +34.680 -087.538
35647 +34.968 -087.117
35648 +34.959 -087.379
35649 +34.625 -086.872
35650 +34.447 -087.309
35651 +34.461 -087.480
35652 +34.847 -087.310
35653 +34.533 -087.864
35654 +34.495 -087.621
35660 +34.758 -087.697
35661 +34.769 -087.563
35670 +34.464 -086.729
35671 +34.669 -086.950
35672 +34.649 -087.406
35673 +34.586 -087.138
35674 +34.670 -087.759
35677 +34.953 -088.025
35739 +34.969 -086.791
35740 +34.965 -085.777
35741 +34.730 -086.463
35744 +34.613 -085.905
35745 +34.943 -086.180
35746 +34.829 -086.006
35747 +34.495 -086.299
35748 +34.729 -086.395
35749 +34.822 -086.758
35750 +34.956 -086.589
35751 +34.811 -086.276
35752 +34.764 -085.980
35754 +34.515 -086.616
35755 +34.510 -086.118
35756 +34.644 -086.818
35757 +34.785 -086.744
35758 +34.711 -086.747
35759 +34.868 -086.546
35760 +34.544 -086.384
35761 +34.912 -086.405
35763 +34.612 -086.473
35764 +34.733 -086.313
35765 +34.696 -085.820
35766 +34.867 -086.300
35768 +34.784 -086.102
35769 +34.598 -086.105
35771 +34.539 -086.005
35772 +34.937 -085.948
35773 +34.891 -086.708
35774 +34.765 -086.227
35775 +34.543 -086.706
35776 +34.661 -086.252
35801 +34.725 -086.566
35802 +34.676 -086.555
35803 +34.563 -086.520
35805 +34.707 -086.622
35806 +34.766 -086.684
35808 +34.633 -086.656
35810 +34.803 -086.603
35811 +34.799 -086.504
35816 +34.738 -086.632
35824 +34.645 -086.752
35896 +34.753 -086.652
35901 +34.048 -085.933
35903 +34.026 -085.845
35904 +34.071 -085.990
35905 +33.961 -085.922
35906 +33.927 -086.095
35907 +33.891 -086.018
35950 +34.250 -086.261
35951 +34.346 -086.146
35952 +34.052 -086.311
35953 +33.809 -086.173
35954 +34.090 -086.057
35956 +34.146 -086.147
35957 +34.196 -086.197
35958 +34.916 -085.646
35959 +34.245 -085.606
35960 +34.129 -085.566
35961 +34.304 -085.846
35962 +34.299 -086.037
35963 +34.360 -085.927
35966 +34.795 -085.703
35967 +34.394 -085.698
35968 +34.476 -085.790
35971 +34.456 -085.947
35972 +33.991 -086.224
35973 +34.344 -085.552
35974 +34.363 -086.010
35975 +34.440 -086.072
35976 +34.341 -086.322
35978 +34.643 -085.729
35979 +34.830 -085.613
35980 +34.172 -086.390
35981 +34.722 -085.641
35983 +34.173 -085.766
35984 +34.519 -085.558
35986 +34.505 -085.840
35987 +33.913 -086.242
35988 +34.558 -085.797
35989 +34.598 -085.635
35990 +34.067 -086.305
36003 +32.444 -086.730
36005 +31.888 -085.736
36006 +32.641 -086.728
36008 +32.496 -086.565
36009 +31.598 -086.329
36010 +31.660 -085.813
36013 +32.297 -085.979
36016 +31.850 -085.415
36017 +31.679 -085.558
36020 +32.498 -086.316
36022 +32.623 -086.406
36024 +32.663 -086.036
36025 +32.545 -086.341
36026 +32.775 -086.131
36027 +31.978 -085.184
36028 +31.485 -086.385
36029 +32.182 -085.933
36030 +31.849 -086.862
36031 +32.248 -085.770
36032 +31.998 -086.571
36033 +31.672 -086.771
36034 +31.621 -086.111
36035 +31.789 -086.126
36036 +31.974 -086.162
36037 +31.768 -086.618
36038 +31.408 -086.487
36039 +32.286 -085.821
36040 +32.184 -086.670
36041 +31.931 -086.328
36042 +31.869 -086.460
36043 +32.185 -086.434
36046 +31.946 -086.384
36047 +32.087 -086.520
36048 +31.804 -085.592
36049 +31.768 -086.277
36051 +32.687 -086.479
36052 +32.183 -086.043
36053 +32.042 -085.448
36054 +32.466 -086.360
36057 +32.375 -086.085
36064 +32.304 -086.090
36066 +32.480 -086.424
36067 +32.517 -086.561
36069 +32.098 -086.165
36071 +31.707 -086.398
36075 +32.378 -085.924
36078 +32.547 -085.943
36079 +31.767 -085.998
36080 +32.712 -086.284
36081 +31.911 -085.898
36082 +31.803 -085.955
36083 +32.387 -085.684
36088 +32.420 -085.717
36089 +32.157 -085.702
36091 +32.750 -086.519
36092 +32.614 -086.197
36093 +32.495 -086.134
36101 +32.382 -086.298
36104 +32.402 -086.318
36105 +32.215 -086.277
36106 +32.353 -086.257
36107 +32.384 -086.279
36108 +32.339 -086.401
36109 +32.386 -086.238
36110 +32.447 -086.256
36111 +32.337 -086.271
36112 +32.381 -086.364
36113 +32.380 -086.342
36114 +32.405 -086.246
36115 +32.407 -086.247
36116 +32.272 -086.219
36117 +32.378 -086.149
36130 +32.377 -086.299
36201 +33.647 -085.884
36203 +33.583 -085.834
36205 +33.700 -085.787
36206 +33.733 -085.818
36207 +33.684 -085.705
36250 +33.765 -085.894
36251 +33.227 -085.857
36255 +33.182 -085.737
36256 +33.046 -085.705
36258 +33.478 -085.717
36260 +33.588 -086.001
36262 +33.793 -085.468
36263 +33.467 -085.360
36264 +33.597 -085.551
36265 +33.848 -085.785
36266 +33.354 -085.749
36267 +33.195 -085.947
36268 +33.495 -085.929
36269 +33.740 -085.384
36271 +33.781 -086.019
36272 +33.947 -085.601
36273 +33.545 -085.378
36274 +33.179 -085.360
36276 +33.126 -085.574
36277 +33.761 -085.815
36278 +33.311 -085.527
36279 +33.872 -085.890
36280 +33.386 -085.392
36301 +31.140 -085.409
36303 +31.265 -085.389
36305 +31.205 -085.502
36310 +31.595 -085.209
36311 +31.600 -085.687
36312 +31.163 -085.235
36313 +31.180 -085.794
36314 +31.028 -085.777
36316 +31.176 -085.864
36317 +31.635 -085.390
36318 +31.170 -085.951
36319 +31.332 -085.149
36320 +31.050 -085.319
36321 +31.211 -085.299
36322 +31.258 -085.736
36323 +31.428 -086.072
36330 +31.308 -085.858
36340 +31.056 -085.894
36343 +31.061 -085.121
36344 +31.101 -085.710
36345 +31.366 -085.310
36346 +31.557 -085.939
36350 +31.350 -085.496
36351 +31.426 -085.907
36352 +31.265 -085.610
36353 +31.479 -085.349
36360 +31.467 -085.617
36362 +31.351 -085.680
36370 +31.135 -085.162
36371 +31.330 -085.546
36373 +31.519 -085.089
36374 +31.572 -085.490
36375 +31.078 -085.540
36376 +31.251 -085.270
36401 +31.469 -086.950
36420 +31.177 -086.552
36421 +31.329 -086.508
36425 +31.765 -087.195
36426 +31.145 -087.075
36432 +31.301 -087.037
36435 +31.870 -087.452
36436 +31.766 -087.661
36439 +31.419 -087.345
36441 +31.039 -087.255
36442 +31.084 -086.357
36444 +31.663 -087.464
36445 +31.445 -087.453
36446 +31.792 -087.724
36451 +31.686 -087.819
36453 +31.199 -086.133
36454 +31.353 -087.203
36455 +31.013 -086.354
36456 +31.571 -086.830
36460 +31.525 -087.308
36467 +31.278 -086.255
36470 +31.515 -087.566
36471 +31.632 -087.232
36473 +31.320 -087.226
36474 +31.430 -086.626
36475 +31.389 -087.220
36476 +31.355 -086.548
36477 +31.087 -086.067
36480 +31.342 -087.638
36481 +31.772 -087.383
36482 +31.639 -087.637
36483 +31.048 -086.674
36502 +31.148 -087.495
36503 +31.157 -087.465
36505 +30.951 -088.013
36507 +30.859 -087.742
36509 +30.406 -088.249
36511 +30.305 -087.743
36512 +30.999 -088.018
36513 +31.155 -087.992
36518 +31.471 -088.267
36521 +30.968 -088.187
36522 +31.084 -088.275
36523 +30.371 -088.191
36524 +31.803 -088.011
36525 +30.891 -088.021
36526 +30.611 -087.865
36527 +30.702 -087.882
36528 +30.240 -088.238
36529 +31.277 -088.279
36530 +30.408 -087.556
36532 +30.481 -087.861
36535 +30.381 -087.730
36538 +31.657 -088.143
36539 +31.349 -088.394
36540 +31.449 -087.676
36541 +30.478 -088.346
36542 +30.270 -087.751
36543 +31.222 -087.466
36544 +30.475 -088.240
36545 +31.489 -087.872
36547 +30.252 -087.655
36548 +31.480 -087.971
36549 +30.411 -087.451
36550 +31.249 -087.730
36551 +30.637 -087.747
36553 +31.234 -088.092
36555 +30.400 -087.773
36556 +31.208 -087.965
36558 +31.621 -088.328
36559 +30.569 -087.904
36560 +31.085 -088.049
36561 +30.288 -087.571
36562 +31.037 -087.670
36564 +30.470 -087.915
36567 +30.624 -087.557
36568 +30.512 -088.272
36569 +31.548 -088.088
36571 +30.855 -088.110
36572 +30.856 -088.059
36574 +30.501 -087.478
36575 +30.768 -088.273
36576 +30.523 -087.764
36578 +30.737 -087.772
36579 +31.110 -087.787
36580 +30.479 -087.703
36581 +31.355 -088.019
36582 +30.518 -088.173
36583 +31.367 -088.195
36584 +31.199 -088.389
36585 +31.424 -088.084
36587 +30.836 -088.350
36602 +30.698 -088.040
36603 +30.684 -088.053
36604 +30.682 -088.068
36605 +30.602 -088.091
36606 +30.669 -088.106
36607 +30.699 -088.106
36608 +30.682 -088.300
36609 +30.660 -088.163
36610 +30.737 -088.073
36611 +30.770 -088.077
36612 +30.753 -088.113
36613 +30.810 -088.187
36615 +30.630 -088.070
36617 +30.715 -088.095
36618 +30.737 -088.170
36619 +30.596 -088.197
36652 +30.696 -088.080
36663 +30.737 -088.109
36688 +30.696 -088.188
36693 +30.626 -088.150
36695 +30.631 -088.281
36701 +32.496 -087.057
36703 +32.427 -086.913
36720 +32.165 -087.347
36722 +32.082 -087.571
36723 +32.068 -087.294
36726 +31.960 -087.299
36727 +31.911 -088.034
36728 +32.169 -087.483
36732 +32.417 -087.892
36736 +32.085 -087.761
36738 +32.421 -087.625
36740 +32.627 -087.837
36741 +32.031 -087.012
36742 +32.456 -087.752
36744 +32.685 -087.599
36748 +32.267 -087.781
36749 +32.551 -086.850
36750 +32.790 -086.849
36751 +31.804 -087.577
36752 +32.299 -086.632
36753 +31.837 -087.108
36754 +32.157 -087.702
36756 +32.692 -087.300
36758 +32.639 -086.890
36759 +32.405 -087.290
36761 +32.074 -086.941
36763 +32.277 -087.981
36764 +32.115 -087.985
36765 +32.588 -087.522
36766 +31.955 -087.087
36767 +32.245 -087.205
36768 +31.885 -087.013
36769 +31.993 -087.552
36773 +32.291 -087.385
36775 +32.193 -086.955
36776 +32.736 -087.741
36782 +32.103 -087.914
36783 +32.217 -087.612
36784 +31.920 -087.834
36785 +32.278 -086.823
36786 +32.431 -087.482
36790 +32.736 -086.908
36792 +32.918 -086.916
36793 +32.823 -087.006
36801 +32.702 -085.385
36804 +32.534 -085.348
36830 +32.535 -085.494
36832 +32.583 -085.586
36849 +32.599 -085.489
36850 +32.787 -085.656
36851 +32.150 -085.081
36852 +32.757 -085.279
36853 +32.805 -085.768
36854 +32.752 -085.189
36855 +33.029 -085.308
36856 +32.261 -084.995
36858 +32.323 -085.308
36860 +32.275 -085.424
36861 +32.891 -085.849
36862 +32.904 -085.455
36863 +32.889 -085.264
36865 +32.603 -085.589
36866 +32.565 -085.712
36867 +32.498 -085.024
36869 +32.420 -085.065
36870 +32.483 -085.120
36871 +32.158 -085.157
36874 +32.564 -085.199
36875 +32.319 -085.167
36877 +32.573 -085.101
36879 +32.731 -085.545
36901 +32.422 -088.147
36904 +32.101 -088.261
36907 +32.438 -088.349
36908 +31.873 -088.237
36910 +32.231 -088.159
36912 +32.242 -088.306
36913 +31.961 -088.447
36915 +31.959 -088.360
36916 +32.242 -088.049
36919 +31.769 -088.283
36921 +31.938 -088.183
36922 +32.297 -088.149
36925 +32.432 -088.184
37010 +36.572 -087.109
37012 +36.071 -086.006
37013 +36.053 -086.630
37014 +35.873 -086.633
37015 +36.297 -087.092
37016 +35.964 -086.114
37018 +35.631 -086.211
37019 +35.391 -086.709
37020 +35.634 -086.407
37022 +36.515 -086.317
37023 +36.592 -087.783
37025 +35.953 -087.308
37026 +35.696 -086.107
37027 +35.999 -086.785
37028 +36.628 -087.852
37029 +36.043 -087.269
37030 +36.272 -085.942
37031 +36.377 -086.301
37032 +36.525 -087.017
37033 +35.745 -087.558
37034 +35.637 -086.695
37035 +36.381 -087.134
37036 +36.235 -087.261
37037 +35.703 -086.351
37040 +36.522 -087.328
37042 +36.569 -087.412
37043 +36.491 -087.241
37046 +35.782 -086.701
37047 +35.313 -086.832
37048 +36.490 -086.591
37049 +36.562 -086.682
37050 +36.374 -087.631
37051 +36.304 -087.414
37052 +36.373 -087.407
37055 +36.077 -087.443
37057 +36.418 -086.030
37058 +36.444 -087.877
37059 +35.985 -085.903
37060 +35.749 -086.634
37061 +36.277 -087.663
37062 +35.990 -087.136
37064 +35.885 -086.954
37066 +36.399 -086.456
37067 +35.912 -086.769
37069 +35.984 -086.902
37072 +36.352 -086.747
37073 +36.433 -086.817
37074 +36.426 -086.153
37075 +36.340 -086.608
37076 +36.145 -086.577
37078 +35.904 -087.775
37079 +36.465 -087.648
37080 +36.333 -086.917
37082 +36.095 -087.115
37083 +36.538 -086.001
37085 +35.953 -086.279
37086 +36.022 -086.559
37087 +36.264 -086.269
37090 +36.115 -086.298
37091 +35.489 -086.767
37095 +35.966 -085.961
37096 +35.613 -087.871
37097 +35.780 -087.823
37098 +35.871 -087.308
37101 +36.079 -087.627
37110 +35.645 -085.741
37115 +36.255 -086.699
37118 +35.926 -086.189
37122 +36.178 -086.487
37127 +35.779 -086.327
37128 +35.803 -086.475
37129 +35.930 -086.451
37130 +35.882 -086.319
37132 +35.849 -086.363
37134 +35.993 -087.948
37135 +35.916 -086.677
37137 +35.884 -087.505
37138 +36.238 -086.607
37140 +35.863 -087.652
37141 +36.614 -086.699
37142 +36.411 -087.510
37143 +36.123 -087.027
37144 +35.305 -086.656
37145 +36.381 -085.917
37146 +36.405 -087.032
37148 +36.577 -086.498
37149 +35.809 -086.193
37150 +36.541 -085.810
37151 +36.309 -086.043
37153 +35.764 -086.555
37160 +35.456 -086.485
37165 +36.291 -087.475
37166 +35.918 -085.787
37167 +35.963 -086.530
37171 +36.369 -087.311
37172 +36.548 -086.849
37174 +35.719 -086.898
37175 +36.324 -087.893
37178 +36.324 -087.790
37179 +35.813 -086.910
37180 +35.621 -086.575
37181 +36.244 -087.506
37183 +35.505 -086.287
37184 +36.087 -086.145
37185 +36.063 -087.865
37186 +36.597 -086.222
37187 +36.144 -087.198
37188 +36.480 -086.681
37189 +36.279 -086.831
37190 +35.823 -086.042
37191 +36.506 -087.530
37201 +36.167 -086.778
37203 +36.150 -086.789
37204 +36.107 -086.775
37205 +36.113 -086.870
37206 +36.179 -086.731
37207 +36.232 -086.777
37208 +36.178 -086.810
37209 +36.151 -086.960
37210 +36.149 -086.733
37211 +36.067 -086.723
37212 +36.134 -086.802
37213 +36.167 -086.768
37214 +36.169 -086.663
37215 +36.082 -086.835
37216 +36.215 -086.727
37217 +36.109 -086.657
37218 +36.171 -086.918
37219 +36.166 -086.783
37220 +36.068 -086.793
37221 +36.059 -086.972
37228 +36.197 -086.803
37232 +36.141 -086.803
37238 +36.166 -086.779
37301 +35.417 -085.795
37302 +35.016 -085.022
37303 +35.443 -084.640
37305 +35.458 -085.702
37306 +35.097 -086.192
37307 +35.165 -084.626
37308 +35.343 -084.994
37309 +35.302 -084.741
37310 +35.253 -084.710
37311 +35.104 -084.921
37312 +35.226 -084.874
37313 +35.376 -085.695
37315 +35.047 -085.052
37316 +35.002 -084.730
37317 +35.031 -084.443
37318 +35.179 -085.980
37321 +35.502 -085.008
37322 +35.502 -084.825
37323 +35.096 -084.817
37324 +35.240 -085.987
37325 +35.253 -084.605
37326 +35.040 -084.383
37327 +35.416 -085.394
37328 +35.037 -086.357
37329 +35.392 -084.460
37330 +35.280 -086.131
37331 +35.316 -084.536
37332 +35.601 -084.950
37333 +35.148 -084.360
37334 +35.165 -086.580
37335 +35.069 -086.404
37336 +35.309 -084.932
37337 +35.787 -084.851
37338 +35.430 -085.210
37339 +35.374 -085.632
37340 +35.022 -085.520
37341 +35.220 -085.073
37342 +35.384 -085.947
37343 +35.167 -085.212
37345 +35.017 -086.203
37347 +35.063 -085.613
37348 +35.122 -086.431
37350 +34.994 -085.352
37351 +35.100 -085.260
37352 +35.278 -086.353
37353 +35.123 -084.985
37354 +35.506 -084.347
37355 +35.509 -086.079
37356 +35.229 -085.824
37357 +35.594 -085.918
37359 +35.204 -086.404
37360 +35.438 -086.254
37361 +35.088 -084.657
37362 +35.031 -084.681
37363 +35.121 -085.056
37365 +35.369 -085.516
37366 +35.339 -085.830
37367 +35.620 -085.226
37369 +35.206 -084.464
37370 +35.359 -084.701
37373 +35.407 -085.093
37374 +35.165 -085.662
37375 +35.150 -085.890
37376 +35.047 -085.958
37377 +35.212 -085.362
37379 +35.285 -085.195
37380 +35.071 -085.755
37381 +35.687 -084.877
37383 +35.211 -085.913
37385 +35.337 -084.228
37387 +35.274 -085.721
37388 +35.351 -086.198
37391 +35.093 -084.354
37394 +35.539 -085.861
37396 +35.002 -085.503
37397 +35.208 -085.518
37398 +35.181 -086.138
37402 +35.047 -085.316
37403 +35.048 -085.294
37404 +35.028 -085.273
37405 +35.130 -085.383
37406 +35.073 -085.246
37407 +35.002 -085.290
37408 +35.031 -085.312
37409 +35.010 -085.336
37410 +35.002 -085.314
37411 +35.027 -085.230
37412 +34.997 -085.227
37415 +35.125 -085.281
37416 +35.099 -085.157
37419 +35.052 -085.421
37421 +35.027 -085.154
37450 +35.049 -085.312
37601 +36.338 -082.318
37604 +36.299 -082.383
37614 +36.301 -082.367
37615 +36.398 -082.452
37616 +36.223 -082.752
37617 +36.524 -082.366
37618 +36.460 -082.209
37620 +36.550 -082.094
37640 +36.327 -081.975
37641 +36.200 -082.664
37642 +36.531 -082.727
37643 +36.371 -082.122
37645 +36.563 -082.662
37650 +36.088 -082.469
37656 +36.400 -082.631
37657 +36.017 -082.561
37658 +36.260 -082.152
37659 +36.280 -082.506
37660 +36.527 -082.572
37663 +36.463 -082.489
37664 +36.508 -082.510
37665 +36.579 -082.573
37680 +36.575 -081.726
37681 +36.258 -082.621
37682 +36.300 -082.292
37683 +36.453 -081.822
37686 +36.440 -082.349
37687 +36.179 -082.097
37688 +36.545 -081.883
37690 +36.251 -082.559
37691 +36.368 -081.755
37692 +36.185 -082.304
37694 +36.384 -082.279
37701 +35.792 -083.987
37705 +36.227 -084.010
37708 +36.331 -083.317
37709 +36.167 -083.665
37710 +36.158 -084.318
37711 +36.281 -083.045
37713 +36.081 -083.134
37714 +36.231 -084.254
37715 +36.553 -083.959
37716 +36.101 -084.169
37719 +36.022 -084.428
37721 +36.131 -083.815
37722 +35.815 -083.201
37723 +35.970 -084.814
37724 +36.549 -083.710
37725 +35.998 -083.393
37726 +36.188 -084.810
37727 +35.885 -083.023
37729 +36.514 -084.033
37730 +36.568 -083.974
37731 +36.549 -083.009
37732 +36.328 -084.628
37733 +36.357 -084.695
37737 +35.761 -084.120
37738 +35.671 -083.476
37742 +35.676 -084.179
37743 +36.068 -082.856
37745 +36.276 -082.831
37748 +35.945 -084.516
37752 +36.576 -083.547
37753 +35.823 -083.098
37754 +36.139 -084.030
37755 +36.423 -084.533
37756 +36.302 -084.407
37757 +36.261 -084.106
37760 +36.104 -083.466
37762 +36.576 -084.119
37763 +35.823 -084.488
37764 +35.970 -083.617
37765 +36.572 -083.059
37766 +36.398 -084.073
37769 +36.218 -084.155
37770 +36.152 -084.642
37771 +35.838 -084.316
37772 +35.793 -084.212
37774 +35.729 -084.359
37777 +35.823 -084.052
37779 +36.211 -083.758
37801 +35.672 -084.080
37803 +35.661 -083.981
37804 +35.792 -083.893
37806 +36.085 -083.728
37807 +36.260 -083.826
37809 +36.157 -083.038
37810 +36.178 -083.102
37811 +36.346 -083.212
37813 +36.175 -083.257
37814 +36.233 -083.338
37818 +36.186 -082.973
37819 +36.568 -084.206
37820 +36.085 -083.566
37821 +35.975 -083.196
37825 +36.416 -083.679
37826 +35.558 -084.590
37828 +36.198 -084.069
37829 +36.001 -084.617
37830 +35.966 -084.291
37840 +36.068 -084.370
37841 +36.509 -084.544
37843 +36.011 -083.048
37845 +36.104 -084.450
37846 +35.679 -084.482
37847 +36.432 -084.273
37848 +36.237 -083.682
37849 +36.054 -084.048
37851 +36.566 -083.792
37852 +36.324 -084.580
37853 +35.837 -083.911
37854 +35.886 -084.709
37857 +36.424 -082.941
37860 +36.240 -083.180
37861 +36.241 -083.514
37862 +35.736 -083.672
37863 +35.786 -083.564
37865 +35.851 -083.735
37866 +36.347 -083.843
37869 +36.515 -083.245
37870 +36.463 -083.834
37871 +36.047 -083.681
37872 +36.269 -084.681
37873 +36.526 -082.843
37874 +35.598 -084.456
37876 +35.865 -083.479
37877 +36.151 -083.407
37878 +35.597 -083.981
37879 +36.473 -083.513
37880 +35.701 -084.660
37881 +36.398 -083.362
37882 +35.604 -083.819
37885 +35.499 -084.138
37886 +35.741 -083.807
37887 +36.071 -084.614
37888 +36.330 -083.579
37890 +36.080 -083.293
37891 +36.292 -083.138
37892 +36.556 -084.358
37902 +35.962 -083.920
37909 +35.947 -084.023
37912 +36.008 -083.985
37914 +35.983 -083.796
37915 +35.971 -083.900
37916 +35.953 -083.933
37917 +36.002 -083.913
37918 +36.057 -083.917
37919 +35.915 -084.000
37920 +35.912 -083.858
37921 +35.978 -084.002
37922 +35.860 -084.101
37923 +35.928 -084.081
37924 +36.026 -083.812
37929 +35.962 -083.916
37931 +35.976 -084.126
37932 +35.917 -084.199
37934 +35.876 -084.180
37938 +36.125 -083.938
38001 +35.816 -089.149
38002 +35.292 -089.702
38004 +35.412 -089.759
38006 +35.694 -089.090
38007 +36.164 -089.439
38008 +35.243 -089.000
38011 +35.474 -089.714
38012 +35.610 -089.271
38015 +35.559 -089.824
38016 +35.181 -089.760
38017 +35.067 -089.654
38018 +35.139 -089.766
38019 +35.561 -089.632
38021 +35.870 -089.184
38023 +35.475 -089.964
38024 +36.037 -089.385
38028 +35.183 -089.632
38029 +35.242 -089.824
38030 +35.986 -089.618
38034 +35.914 -089.232
38036 +35.327 -089.619
38037 +35.797 -089.399
38039 +35.057 -089.186
38040 +35.879 -089.483
38041 +35.652 -089.675
38042 +35.153 -089.137
38044 +35.215 -088.808
38046 +35.046 -089.244
38047 +36.066 -089.547
38049 +35.390 -089.538
38050 +35.816 -089.227
38052 +35.090 -088.918
38053 +35.328 -089.941
38054 +35.336 -089.874
38057 +35.052 -089.359
38058 +35.458 -089.816
38059 +36.116 -089.240
38060 +35.209 -089.505
38061 +35.068 -088.771
38063 +35.746 -089.629
38066 +35.077 -089.534
38067 +35.082 -089.042
38068 +35.258 -089.335
38069 +35.456 -089.370
38070 +35.940 -089.249
38075 +35.382 -089.168
38076 +35.124 -089.466
38077 +36.329 -089.474
38079 +36.413 -089.469
38080 +36.207 -089.519
38103 +35.153 -090.057
38104 +35.133 -090.004
38105 +35.151 -090.035
38106 +35.101 -090.040
38107 +35.170 -090.023
38108 +35.177 -089.964
38109 +35.038 -090.154
38111 +35.111 -089.944
38112 +35.148 -089.976
38113 +35.104 -090.141
38114 +35.096 -089.986
38115 +35.053 -089.863
38116 +35.032 -090.009
38117 +35.115 -089.906
38118 +35.035 -089.927
38119 +35.080 -089.845
38120 +35.124 -089.853
38122 +35.157 -089.922
38125 +35.025 -089.789
38126 +35.127 -090.044
38127 +35.243 -090.027
38128 +35.225 -089.927
38131 +35.066 -089.993
38132 +35.071 -090.000
38133 +35.213 -089.795
38134 +35.175 -089.861
38135 +35.239 -089.849
38138 +35.085 -089.799
38139 +35.083 -089.755
38141 +35.016 -089.855
38152 +35.118 -089.937
38201 +36.123 -088.530
38220 +35.994 -088.671
38221 +36.245 -088.042
38222 +36.446 -088.158
38224 +36.387 -088.492
38225 +36.319 -088.671
38226 +36.474 -088.657
38229 +36.219 -088.610
38230 +36.155 -088.775
38231 +36.213 -088.426
38232 +36.359 -089.324
38233 +36.204 -089.043
38235 +35.991 -088.581
38236 +36.178 -088.276
38237 +36.363 -088.834
38240 +36.245 -089.318
38241 +36.428 -088.592
38242 +36.307 -088.337
38251 +36.460 -088.356
38253 +36.308 -089.059
38254 +36.374 -089.347
38255 +36.241 -088.859
38256 +36.318 -088.125
38257 +36.464 -088.887
38258 +36.018 -088.613
38259 +36.202 -089.184
38260 +36.375 -089.213
38261 +36.429 -089.114
38301 +35.588 -088.853
38305 +35.702 -088.768
38310 +35.262 -088.409
38311 +35.436 -088.098
38313 +35.610 -088.620
38315 +35.268 -088.616
38316 +36.070 -088.817
38317 +36.058 -088.264
38318 +35.947 -088.242
38320 +36.046 -088.110
38321 +35.839 -088.529
38326 +35.046 -088.278
38327 +35.224 -088.302
38328 +35.669 -088.209
38329 +35.538 -088.108
38330 +36.071 -089.034
38332 +35.420 -088.429
38333 +36.128 -087.954
38334 +35.350 -088.586
38337 +35.778 -089.029
38338 +35.875 -088.849
38339 +35.052 -088.515
38340 +35.405 -088.679
38341 +35.878 -088.084
38342 +36.072 -088.289
38343 +35.827 -088.928
38344 +35.978 -088.435
38345 +35.595 -088.508
38347 +35.476 -088.499
38348 +35.873 -088.651
38351 +35.662 -088.405
38352 +35.529 -088.534
38355 +35.784 -088.775
38356 +35.438 -088.894
38357 +35.051 -088.414
38358 +35.917 -088.759
38359 +35.372 -088.351
38361 +35.311 -088.300
38362 +35.727 -088.785
38363 +35.688 -088.111
38365 +35.058 -088.238
38366 +35.479 -088.741
38367 +35.053 -088.623
38368 +35.496 -088.359
38369 +36.132 -088.943
38370 +35.391 -088.248
38371 +35.424 -088.295
38372 +35.144 -088.157
38374 +35.524 -088.239
38375 +35.160 -088.587
38376 +35.131 -088.347
38379 +35.165 -088.431
38380 +35.780 -088.039
38381 +35.349 -088.960
38382 +35.968 -088.984
38387 +35.873 -088.277
38388 +35.782 -088.310
38389 +36.103 -089.121
38390 +35.838 -088.378
38391 +35.547 -088.992
38392 +35.458 -089.028
38401 +35.629 -087.022
38425 +35.416 -087.970
38449 +35.043 -086.831
38450 +35.204 -087.669
38451 +35.461 -086.992
38452 +35.079 -087.792
38453 +35.119 -086.815
38454 +35.728 -087.345
38455 +35.062 -086.894
38456 +35.335 -087.266
38457 +35.030 -087.285
38459 +35.191 -086.802
38460 +35.101 -087.159
38461 +35.595 -087.340
38462 +35.527 -087.543
38463 +35.071 -087.645
38464 +35.290 -087.434
38468 +35.135 -087.291
38469 +35.075 -087.428
38471 +35.084 -087.932
38472 +35.377 -087.039
38473 +35.021 -087.172
38474 +35.518 -087.232
38475 +35.262 -088.023
38476 +35.843 -087.210
38477 +35.060 -087.019
38478 +35.233 -087.006
38481 +35.028 -087.489
38482 +35.769 -087.150
38483 +35.441 -087.334
38485 +35.357 -087.782
38486 +35.173 -087.540
38487 +35.718 -087.233
38488 +35.029 -086.686
38501 +36.226 -085.533
38503 +36.163 -085.506
38504 +36.393 -084.735
38505 +36.173 -085.506
38506 +36.187 -085.434
38541 +36.538 -085.336
38542 +36.316 -085.201
38543 +36.350 -085.150
38544 +36.110 -085.652
38545 +36.231 -085.660
38547 +36.155 -086.009
38548 +36.175 -085.792
38549 +36.562 -085.149
38550 +35.770 -085.633
38551 +36.558 -085.487
38552 +36.218 -085.814
38553 +36.203 -085.004
38554 +36.251 -085.161
38555 +35.888 -084.989
38556 +36.408 -084.928
38558 +36.010 -084.867
38559 +35.808 -085.508
38560 +36.222 -085.856
38562 +36.352 -085.659
38563 +36.209 -086.021
38564 +36.257 -085.755
38565 +36.263 -085.010
38567 +36.133 -085.926
38568 +36.438 -085.473
38569 +36.119 -085.859
38570 +36.376 -085.326
38571 +36.052 -085.013
38572 +35.849 -085.129
38573 +36.493 -085.224
38574 +36.144 -085.229
38575 +36.553 -085.630
38577 +36.562 -084.953
38578 +35.980 -085.196
38579 +35.836 -085.548
38580 +36.277 -085.295
38581 +35.741 -085.621
38582 +36.099 -085.765
38583 +35.953 -085.430
38585 +35.688 -085.415
38587 +35.865 -085.614
38588 +36.446 -085.731
38589 +36.285 -085.076
38601 +34.479 -089.451
38603 +34.848 -089.142
38606 +34.303 -089.952
38610 +34.652 -089.026
38611 +34.856 -089.676
38614 +34.160 -090.608
38617 +34.362 -090.491
38618 +34.716 -089.938
38619 +34.515 -089.824
38620 +34.237 -089.916
38621 +34.447 -090.170
38622 +34.169 -090.135
38623 +34.354 -090.310
38625 +34.614 -088.836
38626 +34.520 -090.434
38627 +34.455 -089.238
38629 +34.868 -088.990
38631 +34.361 -090.626
38632 +34.796 -090.015
38633 +34.647 -089.195
38635 +34.767 -089.486
38637 +34.951 -090.049
38639 +34.309 -090.429
38641 +34.911 -090.170
38642 +34.911 -089.341
38643 +34.148 -090.261
38644 +34.459 -090.476
38645 +34.248 -090.476
38646 +34.287 -090.299
38647 +34.964 -089.224
38650 +34.532 -089.142
38651 +34.893 -090.002
38652 +34.486 -088.997
38654 +34.934 -089.816
38655 +34.330 -089.487
38658 +34.188 -089.901
38659 +34.622 -089.332
38661 +34.883 -089.557
38663 +34.739 -088.903
38664 +34.811 -090.329
38665 +34.583 -090.166
38666 +34.418 -089.929
38668 +34.591 -089.918
38670 +34.433 -090.286
38671 +34.966 -089.998
38672 +34.911 -089.928
38673 +34.293 -089.636
38674 +34.868 -088.892
38676 +34.674 -090.367
38677 +34.362 -089.539
38680 +34.958 -090.145
38683 +34.935 -088.855
38685 +34.593 -089.488
38701 +33.303 -091.028
38703 +33.476 -091.053
38720 +34.108 -090.788
38721 +32.970 -090.752
38722 +33.260 -090.884
38723 +33.230 -091.038
38725 +33.635 -091.060
38726 +33.753 -090.977
38730 +33.681 -090.805
38731 +33.124 -091.131
38732 +33.759 -090.726
38733 +33.745 -090.735
38736 +33.648 -090.543
38737 +33.861 -090.496
38738 +33.933 -090.534
38740 +34.050 -090.805
38744 +33.030 -091.051
38745 +32.974 -091.039
38746 +33.962 -090.954
38748 +33.155 -090.876
38751 +33.453 -090.675
38753 +33.349 -090.584
38754 +33.250 -090.623
38756 +33.390 -090.860
38759 +33.829 -090.737
38760 +33.454 -090.994
38761 +33.429 -090.470
38762 +33.896 -090.726
38764 +33.799 -090.884
38765 +33.049 -090.890
38767 +34.128 -090.805
38768 +33.971 -090.477
38769 +33.842 -090.978
38771 +33.740 -090.523
38772 +33.563 -091.088
38773 +33.605 -090.773
38774 +33.966 -090.767
38776 +33.425 -090.927
38778 +33.554 -090.514
38781 +33.909 -090.757
38801 +34.223 -088.775
38804 +34.281 -088.673
38821 +33.974 -088.438
38824 +34.519 -088.641
38826 +34.303 -088.848
38827 +34.511 -088.242
38828 +34.424 -088.865
38829 +34.652 -088.537
38833 +34.834 -088.343
38834 +34.918 -088.560
38838 +34.546 -088.256
38839 +33.856 -089.284
38841 +34.348 -089.021
38843 +34.262 -088.376
38844 +33.839 -088.256
38846 +34.852 -088.385
38847 +34.413 -088.233
38848 +33.937 -088.283
38849 +34.461 -088.697
38850 +34.059 -089.058
38851 +33.910 -088.968
38852 +34.844 -088.217
38855 +34.323 -088.485
38856 +34.467 -088.455
38857 +34.282 -088.575
38858 +34.096 -088.531
38859 +34.515 -088.369
38860 +33.977 -088.760
38862 +34.168 -088.623
38863 +34.217 -089.027
38864 +34.158 -089.208
38865 +34.788 -088.595
38866 +34.368 -088.680
38868 +34.126 -088.743
38869 +34.356 -088.836
38870 +34.070 -088.339
38871 +34.335 -089.207
38873 +34.665 -088.251
38876 +34.214 -088.230
38878 +33.880 -089.190
38879 +34.195 -088.712
38901 +33.762 -089.799
38913 +34.139 -089.385
38914 +33.872 -089.470
38915 +34.038 -089.389
38916 +33.830 -089.351
38917 +33.539 -089.982
38920 +33.880 -090.037
38921 +33.982 -090.144
38922 +33.933 -089.651
38923 +33.378 -089.992
38924 +33.290 -090.216
38925 +33.630 -089.618
38927 +34.143 -090.027
38928 +33.869 -090.292
38929 +33.739 -089.523
38930 +33.528 -090.139
38940 +33.747 -090.026
38941 +33.485 -090.358
38943 +33.533 -089.839
38944 +33.765 -090.342
38946 +33.377 -090.356
38947 +33.517 -089.921
38948 +34.076 -089.894
38949 +34.180 -089.428
38950 +33.733 -090.200
38951 +33.974 -089.290
38952 +33.617 -090.334
38953 +33.919 -089.932
38954 +33.408 -090.220
38957 +33.987 -090.373
38961 +33.962 -089.884
38962 +33.872 -090.185
38963 +34.049 -090.314
38964 +34.113 -090.388
38965 +34.135 -089.591
38966 +33.920 -090.318
38967 +33.460 -089.718
39038 +33.202 -090.474
39039 +32.817 -090.229
39040 +32.630 -090.417
39041 +32.405 -090.469
39042 +32.198 -089.895
39044 +32.027 -089.972
39045 +32.820 -089.785
39046 +32.630 -089.993
39047 +32.452 -089.949
39051 +32.780 -089.513
39054 +32.799 -090.935
39056 +32.374 -090.351
39057 +32.491 -089.284
39058 +32.336 -090.332
39059 +31.983 -090.350
39061 +33.088 -090.804
39062 +31.985 -089.898
39063 +33.117 -089.897
39066 +32.297 -090.606
39067 +33.115 -089.450
39069 +31.686 -091.043
39071 +32.546 -090.319
39073 +32.102 -090.136
39074 +32.386 -089.467
39078 +31.878 -090.188
39079 +32.931 -089.889
39082 +31.942 -090.120
39083 +31.835 -090.467
39086 +31.963 -090.764
39088 +32.741 -090.747
39090 +33.013 -089.544
39092 +32.319 -089.363
39094 +32.575 -089.675
39095 +33.132 -090.117
39096 +31.818 -091.121
39097 +32.989 -090.608
39108 +33.162 -089.328
39110 +32.505 -090.138
39111 +31.897 -089.718
39113 +32.761 -091.118
39114 +31.952 -089.825
39115 +33.048 -090.560
39116 +31.896 -089.538
39117 +32.310 -089.665
39119 +31.752 -089.671
39120 +31.509 -091.357
39140 +31.749 -090.020
39144 +31.821 -090.792
39145 +32.345 -089.794
39146 +32.876 -089.995
39148 +32.062 -089.995
39149 +31.832 -090.011
39150 +31.987 -090.985
39152 +32.207 -089.585
39153 +32.045 -089.490
39154 +32.225 -090.445
39156 +32.547 -090.778
39157 +32.425 -090.166
39159 +32.823 -090.912
39160 +33.003 -089.747
39162 +32.619 -090.624
39166 +33.056 -090.482
39167 +32.093 -090.040
39168 +31.832 -089.412
39169 +33.216 -090.245
39170 +32.112 -090.331
39173 +32.742 -090.472
39174 +32.401 -090.160
39175 +32.089 -090.623
39176 +33.300 -089.753
39177 +32.606 -090.823
39179 +32.802 -090.097
39180 +32.239 -090.894
39183 +32.463 -090.823
39189 +32.608 -089.400
39191 +31.716 -090.409
39192 +33.195 -089.746
39193 +32.243 -090.070
39194 +32.843 -090.515
39201 +32.290 -090.184
39202 +32.311 -090.170
39203 +32.309 -090.200
39204 +32.283 -090.237
39206 +32.372 -090.173
39208 +32.260 -090.092
39209 +32.396 -090.293
39210 +32.322 -090.180
39211 +32.372 -090.123
39212 +32.246 -090.260
39213 +32.395 -090.225
39216 +32.335 -090.161
39217 +32.298 -090.210
39218 +32.226 -090.156
39232 +32.337 -090.086
39269 +32.301 -090.189
39272 +32.188 -090.262
39301 +32.276 -088.593
39305 +32.458 -088.727
39307 +32.335 -088.790
39309 +32.552 -088.551
39320 +32.564 -088.748
39322 +31.536 -088.504
39323 +32.352 -088.924
39324 +31.580 -088.697
39325 +32.562 -088.877
39326 +32.603 -088.656
39327 +32.446 -089.122
39328 +32.744 -088.699
39330 +32.190 -088.858
39332 +32.304 -088.999
39335 +32.533 -088.491
39336 +32.301 -089.262
39337 +32.518 -088.996
39338 +32.107 -089.231
39339 +33.111 -089.009
39341 +33.089 -088.556
39342 +32.425 -088.650
39345 +32.282 -089.122
39346 +32.965 -089.096
39347 +32.060 -088.942
39348 +31.990 -089.041
39350 +32.796 -089.125
39352 +32.674 -088.482
39354 +32.875 -088.840
39355 +32.059 -088.619
39356 +32.133 -089.036
39358 +32.831 -088.454
39359 +32.569 -089.332
39360 +31.865 -088.754
39361 +32.995 -088.596
39362 +31.391 -088.541
39363 +32.097 -088.782
39364 +32.405 -088.487
39365 +32.609 -089.120
39366 +31.941 -088.900
39367 +31.684 -088.668
39401 +31.234 -089.266
39402 +31.333 -089.414
39406 +31.329 -089.335
39421 +31.492 -089.721
39422 +31.956 -089.266
39423 +31.178 -088.912
39425 +31.069 -089.061
39426 +30.656 -089.657
39427 +31.489 -089.829
39428 +31.651 -089.573
39429 +31.242 -089.779
39437 +31.580 -089.219
39439 +31.863 -089.001
39440 +31.693 -089.148
39443 +31.717 -089.078
39451 +31.167 -088.623
39452 +30.887 -088.593
39455 +31.012 -089.471
39456 +31.031 -088.828
39459 +31.490 -089.305
39461 +31.206 -088.733
39462 +31.234 -089.057
39464 +31.493 -089.062
39465 +31.340 -089.188
39466 +30.535 -089.618
39470 +30.823 -089.569
39474 +31.621 -089.854
39475 +31.155 -089.414
39476 +31.387 -088.867
39477 +31.796 -089.038
39478 +31.054 -089.857
39479 +31.542 -089.464
39480 +31.705 -089.316
39481 +31.868 -089.238
39482 +31.372 -089.579
39483 +31.243 -089.932
39501 +30.387 -089.099
39503 +30.473 -089.143
39507 +30.400 -089.034
39520 +30.269 -089.481
39525 +30.382 -089.371
39529 +30.378 -089.601
39530 +30.402 -088.892
39531 +30.404 -088.966
39532 +30.501 -088.976
39534 +30.409 -088.921
39540 +30.443 -088.897
39553 +30.415 -088.646
39556 +30.441 -089.428
39560 +30.374 -089.171
39561 +30.708 -089.155
39562 +30.547 -088.489
39563 +30.426 -088.533
39564 +30.405 -088.771
39565 +30.612 -088.762
39567 +30.360 -088.559
39571 +30.420 -089.275
39572 +30.251 -089.605
39573 +30.731 -089.093
39574 +30.608 -089.106
39576 +30.290 -089.383
39577 +30.905 -089.086
39581 +30.351 -088.494
39595 +30.334 -088.579
39601 +31.570 -090.476
39629 +31.437 -090.457
39630 +31.459 -090.845
39631 +31.067 -091.134
39633 +31.293 -091.168
39635 +31.184 -090.449
39638 +31.225 -090.996
39641 +31.356 -090.182
39643 +31.247 -090.014
39645 +31.136 -090.794
39647 +31.526 -090.712
39648 +31.178 -090.385
39652 +31.111 -090.465
39653 +31.461 -090.872
39654 +31.541 -090.149
39656 +31.444 -089.932
39657 +31.040 -090.506
39661 +31.484 -091.083
39662 +31.386 -090.285
39663 +31.595 -090.038
39664 +31.326 -090.674
39665 +31.641 -090.214
39666 +31.288 -090.495
39667 +31.125 -090.126
39668 +31.691 -090.791
39669 +31.151 -091.363
39701 +33.394 -088.505
39702 +33.432 -088.346
39705 +33.588 -088.441
39730 +33.844 -088.566
39735 +33.345 -089.186
39736 +33.417 -088.642
39737 +33.651 -089.336
39739 +33.238 -088.579
39740 +33.715 -088.316
39741 +33.636 -088.855
39743 +33.337 -088.619
39744 +33.580 -089.300
39745 +33.298 -089.470
39746 +33.749 -088.415
39747 +33.424 -089.536
39750 +33.569 -089.045
39751 +33.695 -089.093
39752 +33.523 -089.151
39753 +33.484 -088.630
39755 +33.608 -088.964
39756 +33.757 -088.741
39759 +33.438 -088.825
39762 +33.447 -088.796
39766 +33.587 -088.321
39767 +33.468 -089.452
39769 +33.322 -089.018
39771 +33.607 -089.279
39772 +33.295 -089.304
39773 +33.640 -088.673
39776 +33.785 -089.031
39813 +31.423 -084.684
39815 +30.739 -084.491
39817 +30.944 -084.602
39819 +30.785 -084.645
39823 +31.334 -084.947
39824 +31.528 -084.865
39825 +30.931 -084.741
39826 +31.818 -084.321
39827 +30.948 -084.210
39828 +30.799 -084.227
39832 +31.191 -085.028
39834 +30.894 -084.431
39836 +31.666 -084.869
39837 +31.152 -084.678
39840 +31.781 -084.764
39841 +31.293 -084.685
39842 +31.754 -084.436
39845 +30.951 -084.893
39846 +31.569 -084.746
39851 +31.620 -084.993
39854 +31.869 -085.053
39859 +30.988 -084.813
39861 +31.135 -084.987
39862 +31.459 -084.517
39866 +31.561 -084.603
39867 +31.843 -084.931
39870 +31.322 -084.414
39877 +31.915 -084.512
39885 +31.722 -084.343
39886 +31.733 -084.617
39897 +30.911 -084.330
40003 +38.277 -085.044
40004 +37.802 -085.470
40006 +38.596 -085.333
40007 +38.458 -084.999
40008 +37.909 -085.275
40009 +37.484 -085.086
40010 +38.373 -085.460
40011 +38.528 -085.170
40012 +37.913 -085.167
40013 +37.942 -085.482
40014 +38.341 -085.433
40019 +38.373 -085.175
40020 +37.935 -085.387
40022 +38.151 -085.343
40023 +38.164 -085.424
40025 +38.302 -085.652
40026 +38.421 -085.517
40031 +38.429 -085.401
40033 +37.544 -085.226
40036 +38.415 -084.953
40037 +37.661 -085.418
40040 +37.777 -085.069
40041 +38.256 -085.665
40045 +38.694 -085.355
40046 +38.024 -085.170
40047 +38.036 -085.556
40049 +37.664 -085.395
40050 +38.456 -085.178
40051 +37.652 -085.580
40052 +37.604 -085.488
40055 +38.495 -085.326
40056 +38.308 -085.487
40057 +38.382 -085.055
40058 +38.433 -085.170
40059 +38.356 -085.582
40060 +37.542 -085.466
40061 +37.710 -085.264
40062 +37.607 -085.441
40063 +37.570 -085.345
40065 +38.213 -085.209
40067 +38.228 -085.367
40068 +38.389 -085.286
40069 +37.724 -085.208
40070 +38.472 -085.235
40071 +38.043 -085.379
40075 +38.568 -085.113
40076 +38.114 -085.086
40077 +38.495 -085.445
40078 +37.831 -085.145
40104 +38.086 -086.333
40107 +37.725 -085.599
40108 +37.970 -086.173
40109 +38.064 -085.750
40110 +37.940 -085.651
40111 +37.786 -086.620
40115 +37.750 -086.230
40117 +37.897 -086.124
40118 +38.096 -085.758
40119 +37.608 -086.553
40121 +37.927 -085.960
40140 +37.730 -086.285
40142 +37.893 -086.204
40143 +37.785 -086.500
40144 +37.757 -086.384
40145 +37.654 -086.314
40146 +37.837 -086.310
40150 +37.879 -085.677
40152 +37.602 -086.449
40155 +37.948 -085.994
40157 +38.023 -086.375
40160 +37.813 -085.932
40161 +38.008 -086.401
40162 +37.746 -086.041
40165 +37.993 -085.696
40170 +37.967 -086.487
40171 +37.972 -086.436
40175 +37.819 -086.090
40176 +37.908 -086.351
40177 +38.002 -085.923
40178 +37.681 -086.422
40202 +38.253 -085.752
40203 +38.252 -085.765
40204 +38.240 -085.722
40205 +38.223 -085.683
40206 +38.257 -085.702
40207 +38.263 -085.657
40208 +38.217 -085.766
40209 +38.182 -085.735
40210 +38.232 -085.786
40211 +38.236 -085.825
40212 +38.268 -085.802
40213 +38.177 -085.717
40214 +38.148 -085.780
40215 +38.190 -085.786
40216 +38.186 -085.839
40217 +38.217 -085.738
40218 +38.190 -085.658
40219 +38.138 -085.693
40220 +38.215 -085.619
40221 +38.187 -085.753
40222 +38.265 -085.612
40223 +38.258 -085.540
40228 +38.140 -085.636
40229 +38.088 -085.660
40231 +38.196 -085.695
40241 +38.300 -085.576
40242 +38.276 -085.587
40243 +38.240 -085.533
40245 +38.268 -085.446
40258 +38.149 -085.871
40272 +38.078 -085.853
40280 +38.248 -085.687
40291 +38.126 -085.580
40299 +38.152 -085.517
40310 +37.750 -084.773
40311 +38.332 -083.997
40312 +37.844 -083.933
40313 +38.137 -083.403
40316 +37.937 -083.521
40322 +37.935 -083.633
40324 +38.246 -084.551
40328 +37.582 -085.013
40330 +37.788 -084.888
40334 +38.025 -083.745
40336 +37.683 -083.991
40337 +37.942 -083.855
40339 +37.942 -084.643
40342 +38.006 -084.967
40346 +37.987 -083.744
40347 +38.158 -084.728
40348 +38.303 -084.146
40350 +38.305 -083.874
40351 +38.204 -083.428
40353 +38.065 -083.949
40355 +38.602 -084.868
40356 +37.874 -084.565
40357 +38.145 -084.108
40358 +38.058 -083.684
40359 +38.476 -084.815
40360 +38.167 -083.768
40361 +38.203 -084.210
40363 +38.514 -085.010
40370 +38.395 -084.530
40371 +38.083 -083.595
40372 +37.912 -084.888
40374 +38.215 -083.902
40376 +37.793 -083.714
40379 +38.308 -084.690
40380 +37.814 -083.797
40383 +38.007 -084.739
40385 +37.738 -084.134
40387 +37.941 -083.487
40390 +37.858 -084.677
40391 +37.970 -084.145
40402 +37.291 -083.977
40403 +37.571 -084.264
40404 +37.573 -084.290
40409 +37.369 -084.435
40419 +37.437 -084.490
40422 +37.645 -084.806
40434 +37.393 -083.939
40437 +37.457 -084.844
40440 +37.579 -084.840
40442 +37.339 -084.741
40444 +37.666 -084.578
40445 +37.320 -084.214
40447 +37.441 -084.047
40448 +37.457 -084.758
40456 +37.353 -084.320
40460 +37.391 -084.249
40461 +37.583 -084.406
40464 +37.572 -084.925
40468 +37.651 -084.983
40472 +37.732 -083.860
40475 +37.762 -084.305
40481 +37.439 -084.083
40484 +37.521 -084.674
40486 +37.365 -083.863
40489 +37.361 -084.650
40502 +38.011 -084.483
40503 +38.006 -084.533
40504 +38.042 -084.544
40505 +38.061 -084.457
40507 +38.047 -084.496
40508 +38.061 -084.511
40509 +37.997 -084.377
40510 +38.071 -084.584
40511 +38.141 -084.462
40513 +38.017 -084.605
40514 +37.983 -084.565
40515 +37.916 -084.412
40516 +38.072 -084.364
40517 +37.983 -084.489
40526 +38.030 -084.501
40536 +38.030 -084.507
40601 +38.235 -084.869
40701 +36.914 -084.168
40729 +37.248 -084.153
40734 +36.930 -083.975
40737 +37.011 -084.148
40740 +37.021 -084.037
40741 +37.133 -084.119
40744 +37.032 -084.110
40759 +36.813 -084.057
40763 +36.689 -083.926
40769 +36.704 -084.190
40771 +36.862 -084.038
40801 +36.857 -083.255
40803 +37.046 -083.423
40806 +36.891 -083.297
40807 +36.964 -082.956
40808 +37.010 -083.291
40810 +36.936 -083.281
40813 +36.710 -083.592
40815 +36.792 -083.233
40816 +37.013 -083.367
40818 +36.822 -083.243
40819 +36.802 -083.442
40820 +36.798 -083.159
40823 +36.959 -082.991
40824 +36.825 -083.375
40826 +37.042 -082.770
40827 +37.037 -083.513
40828 +36.872 -083.153
40829 +36.796 -083.302
40830 +36.776 -083.331
40831 +36.760 -083.329
40840 +36.945 -083.419
40843 +36.895 -082.932
40844 +37.058 -083.341
40845 +36.785 -083.504
40847 +36.852 -083.157
40849 +36.899 -083.136
40854 +36.845 -083.362
40855 +36.930 -082.885
40856 +36.723 -083.528
40858 +37.013 -083.409
40862 +37.018 -082.856
40863 +36.727 -083.431
40865 +36.920 -083.211
40868 +37.095 -083.427
40870 +36.942 -083.153
40873 +36.811 -083.400
40874 +36.989 -083.473
40902 +36.861 -083.602
40903 +36.803 -083.801
40906 +36.889 -083.876
40913 +36.936 -083.559
40914 +37.093 -083.572
40915 +36.890 -083.813
40921 +36.792 -083.902
40923 +36.919 -083.845
40927 +36.900 -083.013
40935 +36.958 -083.753
40939 +36.810 -083.721
40940 +36.603 -083.939
40941 +37.130 -083.746
40943 +36.956 -083.847
40946 +36.958 -083.825
40949 +36.901 -083.868
40953 +36.938 -083.801
40958 +36.810 -083.597
40962 +37.164 -083.715
40964 +36.783 -083.338
40965 +36.620 -083.732
40972 +37.241 -083.588
40977 +36.724 -083.729
40979 +37.009 -083.493
40981 +37.278 -083.485
40982 +36.933 -083.687
40983 +37.348 -083.732
40988 +36.870 -083.523
40995 +36.753 -083.823
40997 +36.895 -083.662
41001 +38.911 -084.401
41002 +38.742 -083.974
41003 +38.530 -084.390
41004 +38.644 -084.088
41005 +39.007 -084.760
41006 +38.784 -084.346
41007 +38.893 -084.309
41008 +38.651 -085.176
41010 +38.500 -084.608
41011 +39.067 -084.533
41014 +39.065 -084.505
41015 +38.980 -084.479
41016 +39.089 -084.548
41017 +39.029 -084.562
41018 +39.015 -084.602
41030 +38.784 -084.587
41031 +38.413 -084.297
41033 +38.769 -084.475
41034 +38.687 -083.900
41035 +38.719 -084.654
41039 +38.414 -083.871
41040 +38.651 -084.331
41041 +38.405 -083.723
41042 +38.987 -084.647
41043 +38.762 -084.205
41044 +38.610 -083.972
41045 +38.722 -085.022
41046 +38.709 -084.801
41048 +39.087 -084.704
41049 +38.268 -083.644
41051 +38.934 -084.540
41052 +38.656 -084.775
41055 +38.525 -083.866
41056 +38.602 -083.777
41059 +38.998 -084.345
41063 +38.857 -084.505
41064 +38.513 -084.064
41071 +39.074 -084.481
41073 +39.101 -084.477
41074 +39.109 -084.460
41075 +39.082 -084.457
41076 +39.018 -084.441
41080 +39.055 -084.824
41083 +38.671 -084.996
41085 +39.035 -084.394
41086 +38.695 -084.881
41091 +38.910 -084.736
41092 +38.816 -084.688
41093 +38.378 -083.553
41094 +38.883 -084.624
41095 +38.774 -084.747
41097 +38.621 -084.581
41098 +38.598 -084.988
41101 +38.478 -082.651
41102 +38.428 -082.730
41121 +38.439 -082.834
41124 +38.020 -082.858
41129 +38.321 -082.656
41132 +38.257 -082.823
41135 +38.363 -083.271
41139 +38.509 -082.734
41141 +38.567 -083.139
41142 +38.278 -083.073
41143 +38.335 -082.975
41144 +38.519 -082.929
41146 +38.279 -082.896
41149 +38.099 -083.077
41159 +38.010 -082.975
41164 +38.288 -083.157
41166 +38.626 -083.102
41168 +38.307 -082.751
41169 +38.533 -082.737
41171 +38.046 -083.179
41174 +38.706 -083.007
41175 +38.649 -082.972
41179 +38.535 -083.370
41180 +38.151 -082.884
41181 +38.209 -082.873
41183 +38.550 -082.737
41189 +38.548 -083.563
41201 +38.062 -082.762
41203 +37.852 -082.461
41204 +37.807 -082.671
41214 +37.828 -082.577
41216 +37.732 -082.804
41219 +37.929 -082.920
41222 +37.756 -082.858
41224 +37.811 -082.552
41226 +37.980 -082.955
41230 +38.063 -082.668
41231 +37.793 -082.380
41232 +37.941 -082.730
41234 +37.802 -082.747
41238 +37.835 -082.950
41240 +37.820 -082.784
41250 +37.711 -082.448
41254 +37.887 -082.715
41255 +37.920 -082.826
41256 +37.821 -082.876
41257 +37.913 -082.799
41260 +37.826 -082.753
41262 +37.845 -082.630
41263 +37.857 -082.765
41264 +37.925 -082.681
41265 +37.760 -082.718
41267 +37.882 -082.439
41268 +37.789 -082.785
41271 +37.828 -082.725
41274 +37.864 -082.811
41301 +37.715 -083.493
41310 +37.641 -083.251
41311 +37.575 -083.723
41314 +37.440 -083.638
41317 +37.466 -083.212
41332 +37.807 -083.367
41339 +37.516 -083.269
41348 +37.409 -083.301
41351 +37.336 -083.586
41352 +37.826 -083.336
41360 +37.801 -083.615
41364 +37.368 -083.661
41365 +37.707 -083.629
41366 +37.625 -083.220
41367 +37.415 -083.228
41385 +37.664 -083.315
41386 +37.482 -083.796
41390 +37.410 -083.381
41397 +37.673 -083.662
41408 +37.802 -083.287
41421 +37.992 -083.195
41425 +37.888 -083.418
41464 +37.650 -082.953
41465 +37.729 -083.092
41472 +37.944 -083.247
41501 +37.508 -082.519
41503 +37.661 -082.284
41512 +37.252 -082.478
41513 +37.353 -082.343
41514 +37.669 -082.319
41517 +37.190 -082.600
41519 +37.584 -082.323
41522 +37.322 -082.400
41524 +37.433 -082.234
41526 +37.434 -082.513
41527 +37.632 -082.294
41528 +37.555 -082.140
41531 +37.595 -082.231
41534 +37.277 -082.497
41535 +37.594 -082.284
41537 +37.223 -082.614
41538 +37.303 -082.589
41539 +37.503 -082.322
41540 +37.394 -082.342
41543 +37.548 -082.282
41544 +37.596 -082.174
41547 +37.538 -082.095
41548 +37.375 -082.251
41553 +37.481 -082.160
41554 +37.431 -082.336
41555 +37.538 -082.259
41557 +37.486 -082.411
41558 +37.540 -082.208
41559 +37.380 -082.390
41560 +37.394 -082.579
41562 +37.402 -082.474
41563 +37.224 -082.539
41564 +37.605 -082.367
41566 +37.408 -082.192
41567 +37.569 -082.286
41568 +37.503 -082.044
41571 +37.627 -082.444
41572 +37.313 -082.644
41601 +37.609 -082.718
41602 +37.746 -082.753
41603 +37.571 -082.705
41604 +37.385 -082.660
41605 +37.555 -082.630
41606 +37.338 -082.735
41607 +37.625 -082.857
41612 +37.355 -082.722
41615 +37.537 -082.693
41616 +37.566 -082.880
41619 +37.479 -082.733
41621 +37.626 -082.725
41622 +37.513 -082.810
41630 +37.448 -082.889
41631 +37.469 -082.654
41632 +37.565 -082.952
41635 +37.484 -082.626
41636 +37.401 -082.731
41640 +37.473 -082.920
41642 +37.592 -082.648
41643 +37.435 -082.844
41645 +37.528 -082.798
41647 +37.432 -082.726
41649 +37.571 -082.777
41650 +37.341 -082.676
41651 +37.467 -082.755
41653 +37.657 -082.759
41655 +37.513 -082.736
41659 +37.588 -082.592
41660 +37.414 -082.632
41663 +37.567 -082.663
41666 +37.441 -082.806
41667 +37.311 -082.692
41669 +37.334 -082.715
41701 +37.296 -083.183
41712 +37.372 -083.138
41713 +37.227 -083.278
41714 +37.163 -083.506
41719 +37.297 -083.248
41721 +37.325 -083.490
41722 +37.409 -083.099
41723 +37.262 -083.307
41725 +37.317 -083.034
41727 +37.377 -083.279
41729 +37.269 -083.216
41731 +37.094 -083.079
41735 +37.015 -083.103
41739 +37.321 -083.128
41740 +37.356 -083.047
41745 +37.340 -083.433
41746 +37.214 -083.092
41749 +37.217 -083.429
41751 +37.218 -083.129
41754 +37.304 -083.328
41759 +37.232 -083.027
41760 +37.194 -083.086
41762 +37.207 -083.501
41763 +37.055 -083.121
41764 +37.119 -083.254
41766 +37.180 -083.445
41772 +37.407 -083.015
41773 +37.261 -082.992
41774 +37.154 -083.146
41775 +37.101 -083.345
41776 +37.185 -083.309
41777 +37.051 -083.228
41778 +37.266 -083.322
41804 +37.151 -082.999
41810 +37.185 -082.673
41812 +37.251 -082.743
41815 +37.153 -082.803
41817 +37.369 -082.884
41819 +36.987 -083.107
41821 +37.059 -083.015
41822 +37.319 -082.983
41824 +37.186 -082.877
41825 +37.231 -082.706
41826 +37.188 -082.922
41828 +37.288 -082.788
41831 +37.387 -082.953
41832 +37.170 -082.961
41833 +37.026 -082.986
41834 +37.252 -082.955
41835 +37.221 -082.668
41836 +37.259 -082.902
41837 +37.125 -082.758
41838 +37.204 -082.757
41839 +37.431 -082.887
41840 +37.199 -082.721
41843 +37.275 -082.858
41844 +37.314 -082.872
41845 +37.141 -082.901
41847 +37.203 -082.968
41848 +37.116 -082.937
41849 +37.174 -082.733
41855 +37.175 -082.783
41858 +37.136 -082.855
41859 +37.388 -082.772
41861 +37.385 -082.818
41862 +37.343 -082.771
42001 +37.031 -088.709
42003 +37.005 -088.578
42020 +36.687 -088.287
42021 +36.806 -088.994
42022 +37.145 -088.945
42023 +36.872 -088.991
42024 +37.077 -089.050
42025 +36.860 -088.335
42027 +36.919 -088.636
42028 +37.239 -088.337
42029 +37.012 -088.384
42031 +36.686 -088.991
42032 +36.742 -089.110
42035 +36.908 -088.836
42036 +36.713 -088.235
42037 +37.158 -088.184
42038 +37.047 -088.028
42039 +36.789 -088.825
42040 +36.608 -088.501
42041 +36.550 -088.877
42044 +36.958 -088.263
42045 +37.075 -088.268
42047 +37.290 -088.400
42048 +36.752 -088.299
42049 +36.517 -088.320
42050 +36.537 -089.193
42051 +36.860 -088.644
42053 +37.113 -088.878
42054 +36.722 -088.433
42055 +37.075 -088.174
42056 +37.107 -088.987
42058 +37.058 -088.466
42060 +36.966 -088.828
42061 +36.883 -088.766
42064 +37.345 -088.095
42066 +36.733 -088.640
42069 +36.919 -088.756
42071 +36.620 -088.280
42076 +36.571 -088.107
42078 +37.278 -088.287
42079 +36.541 -088.576
42081 +37.235 -088.391
42082 +36.917 -088.495
42083 +37.162 -088.288
42085 +36.570 -088.801
42086 +37.083 -088.773
42087 +36.973 -088.995
42088 +36.616 -088.754
42101 +37.058 -086.463
42103 +36.965 -086.325
42104 +36.877 -086.451
42120 +36.676 -086.283
42122 +36.857 -086.354
42123 +36.821 -086.000
42124 +36.864 -085.652
42127 +37.123 -085.927
42129 +36.989 -085.585
42130 +36.926 -085.786
42131 +36.830 -085.909
42133 +36.726 -085.956
42134 +36.727 -086.563
42140 +36.657 -085.829
42141 +36.939 -085.903
42151 +36.660 -085.545
42153 +36.689 -086.047
42154 +37.042 -085.726
42156 +36.864 -086.047
42157 +36.781 -085.820
42159 +36.997 -086.249
42160 +37.111 -086.090
42163 +37.080 -086.135
42164 +36.770 -086.181
42166 +36.874 -085.727
42167 +36.718 -085.675
42170 +36.857 -086.570
42171 +37.036 -086.174
42202 +36.683 -086.844
42204 +36.696 -087.089
42206 +36.887 -086.743
42207 +37.294 -086.267
42210 +37.214 -086.308
42211 +36.818 -087.834
42214 +37.127 -085.701
42215 +36.994 -087.676
42217 +37.046 -087.473
42220 +36.907 -087.189
42223 +36.639 -087.473
42232 +36.855 -087.661
42234 +36.722 -087.179
42236 +36.712 -087.614
42240 +36.880 -087.463
42252 +37.232 -086.499
42254 +36.661 -087.644
42256 +37.012 -086.950
42259 +37.230 -086.165
42261 +37.218 -086.648
42262 +36.690 -087.448
42265 +36.739 -087.004
42266 +36.744 -087.357
42273 +37.205 -086.862
42274 +36.950 -086.599
42275 +37.233 -086.454
42276 +36.860 -086.881
42280 +36.957 -087.099
42285 +37.264 -086.298
42286 +36.727 -087.270
42301 +37.736 -087.249
42303 +37.757 -087.053
42320 +37.333 -086.867
42321 +37.182 -087.050
42322 +37.621 -087.387
42323 +37.173 -087.034
42324 +37.142 -087.013
42325 +37.317 -087.269
42326 +37.236 -087.011
42327 +37.581 -087.297
42328 +37.431 -087.045
42330 +37.315 -087.122
42332 +37.250 -087.089
42333 +37.381 -086.759
42337 +37.201 -086.949
42338 +37.555 -086.787
42339 +37.122 -086.960
42343 +37.653 -086.694
42344 +37.271 -087.317
42345 +37.145 -087.199
42347 +37.524 -086.890
42348 +37.831 -086.775
42349 +37.430 -086.677
42350 +37.455 -087.187
42351 +37.899 -086.867
42352 +37.515 -087.086
42354 +37.378 -086.931
42355 +37.856 -086.994
42356 +37.694 -087.323
42361 +37.508 -086.707
42366 +37.723 -086.939
42367 +37.244 -087.159
42368 +37.713 -086.753
42369 +37.338 -086.989
42370 +37.450 -086.741
42371 +37.510 -087.290
42372 +37.405 -087.278
42374 +37.333 -087.140
42376 +37.618 -087.086
42378 +37.655 -086.874
42404 +37.482 -087.837
42406 +37.706 -087.689
42408 +37.180 -087.693
42409 +37.539 -087.693
42410 +37.276 -087.511
42411 +37.198 -088.011
42413 +37.438 -087.464
42420 +37.799 -087.516
42431 +37.338 -087.475
42436 +37.416 -087.564
42437 +37.649 -087.915
42440 +37.239 -087.470
42441 +37.365 -087.655
42442 +37.180 -087.485
42444 +37.642 -087.646
42445 +37.128 -087.858
42450 +37.389 -087.777
42451 +37.885 -087.391
42452 +37.683 -087.540
42453 +37.158 -087.591
42455 +37.584 -087.533
42456 +37.508 -087.511
42458 +37.853 -087.431
42459 +37.567 -088.019
42461 +37.797 -087.889
42462 +37.738 -087.793
42463 +37.473 -087.869
42464 +37.181 -087.356
42501 +37.056 -084.451
42503 +37.158 -084.520
42516 +37.222 -084.785
42518 +36.906 -084.640
42519 +36.955 -084.535
42528 +37.182 -085.023
42533 +37.072 -084.592
42539 +37.309 -084.951
42541 +37.369 -084.808
42544 +37.030 -084.815
42553 +37.180 -084.697
42565 +37.142 -084.906
42566 +37.279 -084.783
42567 +37.266 -084.605
42602 +36.726 -085.122
42603 +36.784 -085.014
42629 +36.913 -085.138
42631 +36.740 -084.481
42633 +36.801 -084.827
42634 +36.893 -084.422
42635 +36.676 -084.403
42638 +36.674 -084.470
42642 +37.059 -085.035
42647 +36.681 -084.627
42649 +36.626 -084.415
42653 +36.782 -084.455
42701 +37.703 -085.840
42712 +37.559 -086.158
42713 +37.375 -085.873
42715 +36.940 -085.405
42716 +37.492 -085.675
42717 +36.782 -085.388
42718 +37.390 -085.380
42721 +37.423 -086.500
42722 +37.277 -085.716
42724 +37.676 -086.071
42726 +37.420 -086.152
42728 +37.117 -085.290
42729 +37.306 -086.096
42732 +37.614 -086.102
42733 +37.344 -085.186
42740 +37.586 -085.949
42741 +36.975 -085.255
42742 +37.076 -085.473
42743 +37.228 -085.532
42746 +37.212 -085.732
42748 +37.567 -085.694
42749 +37.184 -085.877
42753 +37.235 -085.159
42754 +37.478 -086.315
42757 +37.410 -085.741
42758 +37.375 -085.201
42759 +36.828 -085.514
42762 +37.455 -086.393
42764 +37.430 -085.621
42765 +37.307 -085.935
42776 +37.515 -085.927
42782 +37.337 -085.643
42784 +37.452 -085.932
42788 +37.530 -086.028
43001 +40.088 -082.614
43002 +40.057 -083.168
43003 +40.414 -082.969
43004 +40.015 -082.804
43005 +40.282 -082.269
43006 +40.460 -082.149
43007 +40.331 -083.402
43008 +39.933 -082.483
43009 +40.171 -083.639
43010 +40.000 -083.622
43011 +40.303 -082.680
43013 +40.231 -082.689
43014 +40.470 -082.250
43015 +40.298 -083.060
43016 +40.097 -083.150
43017 +40.119 -083.133
43018 +39.954 -082.676
43019 +40.502 -082.593
43021 +40.205 -082.877
43022 +40.345 -082.340
43023 +40.076 -082.530
43025 +39.971 -082.517
43026 +40.021 -083.178
43027 +40.254 -082.523
43028 +40.402 -082.297
43029 +40.097 -083.441
43030 +39.969 -082.406
43031 +40.163 -082.664
43032 +40.329 -082.958
43033 +39.961 -082.600
43035 +40.186 -082.996
43036 +40.352 -083.263
43037 +40.284 -082.323
43040 +40.261 -083.358
43044 +40.055 -083.551
43045 +40.168 -083.459
43046 +39.902 -082.540
43047 +40.208 -083.638
43050 +40.374 -082.493
43054 +40.070 -082.802
43055 +40.111 -082.379
43056 +40.009 -082.332
43060 +40.222 -083.572
43061 +40.290 -083.203
43062 +40.008 -082.685
43064 +40.099 -083.288
43065 +40.178 -083.094
43066 +40.403 -083.173
43067 +40.343 -083.484
43068 +39.956 -082.785
43070 +40.221 -083.956
43071 +40.181 -082.359
43072 +40.115 -083.955
43074 +40.270 -082.851
43076 +39.896 -082.391
43077 +40.137 -083.341
43078 +40.117 -083.786
43080 +40.241 -082.429
43081 +40.110 -082.891
43082 +40.156 -082.885
43084 +40.150 -083.557
43085 +40.101 -083.013
43101 +39.464 -082.746
43102 +39.641 -082.765
43103 +39.732 -082.936
43105 +39.867 -082.612
43106 +39.645 -083.419
43107 +39.693 -082.415
43109 +39.917 -082.832
43110 +39.827 -082.800
43111 +39.502 -082.243
43112 +39.793 -082.698
43113 +39.587 -082.962
43115 +39.490 -083.169
43116 +39.773 -083.063
43117 +39.769 -083.206
43119 +39.941 -083.206
43123 +39.868 -083.118
43125 +39.838 -082.888
43126 +39.811 -083.168
43127 +39.480 -082.321
43128 +39.660 -083.594
43130 +39.696 -082.615
43135 +39.473 -082.713
43136 +39.802 -082.815
43137 +39.809 -082.987
43138 +39.518 -082.414
43140 +39.880 -083.429
43142 +39.593 -083.588
43143 +39.712 -083.289
43144 +39.530 -082.195
43145 +39.562 -083.260
43146 +39.774 -083.137
43147 +39.898 -082.744
43148 +39.820 -082.500
43149 +39.543 -082.578
43150 +39.777 -082.410
43151 +39.733 -083.477
43152 +39.394 -082.616
43153 +39.744 -083.557
43154 +39.604 -082.830
43155 +39.627 -082.535
43156 +39.554 -082.776
43157 +39.843 -082.547
43158 +39.453 -082.351
43160 +39.529 -083.439
43162 +39.949 -083.308
43164 +39.584 -083.120
43201 +39.991 -083.001
43202 +40.019 -083.014
43203 +39.973 -082.969
43204 +39.961 -083.083
43205 +39.957 -082.962
43206 +39.942 -082.974
43207 +39.895 -082.964
43209 +39.954 -082.930
43210 +40.006 -083.022
43211 +40.012 -082.971
43212 +39.987 -083.043
43213 +39.971 -082.864
43214 +40.052 -083.016
43215 +39.967 -083.013
43217 +39.817 -082.934
43218 +40.018 -082.924
43219 +40.007 -082.921
43220 +40.049 -083.072
43221 +40.023 -083.076
43222 +39.961 -083.035
43223 +39.926 -083.033
43224 +40.042 -082.964
43227 +39.943 -082.888
43228 +39.964 -083.128
43229 +40.086 -082.978
43230 +40.038 -082.873
43231 +40.079 -082.937
43232 +39.921 -082.870
43235 +40.079 -083.082
43240 +40.145 -082.983
43302 +40.599 -083.130
43310 +40.533 -083.780
43311 +40.364 -083.758
43314 +40.647 -082.961
43315 +40.484 -082.874
43316 +40.952 -083.385
43317 +40.475 -082.681
43318 +40.310 -083.913
43319 +40.303 -083.575
43320 +40.589 -082.900
43321 +40.463 -082.829
43322 +40.533 -083.208
43323 +40.732 -083.255
43324 +40.445 -083.814
43325 +40.668 -082.831
43326 +40.641 -083.615
43330 +40.813 -083.419
43331 +40.518 -083.922
43332 +40.591 -083.372
43333 +40.432 -083.923
43334 +40.398 -082.797
43336 +40.283 -083.577
43337 +40.681 -083.267
43338 +40.564 -082.760
43340 +40.530 -083.498
43341 +40.596 -083.315
43342 +40.471 -083.184
43343 +40.305 -083.995
43344 +40.431 -083.345
43345 +40.508 -083.586
43346 +40.577 -083.845
43347 +40.478 -083.658
43348 +40.461 -083.891
43350 +40.396 -082.700
43351 +40.828 -083.314
43356 +40.454 -083.042
43357 +40.254 -083.747
43358 +40.415 -083.538
43359 +40.870 -083.453
43360 +40.333 -083.644
43402 +41.410 -083.653
43403 +41.378 -083.637
43406 +41.336 -083.439
43407 +41.277 -083.250
43408 +41.572 -083.363
43410 +41.312 -082.958
43412 +41.631 -083.322
43413 +41.248 -083.660
43414 +41.451 -083.617
43416 +41.484 -083.267
43420 +41.358 -083.110
43430 +41.524 -083.375
43431 +41.392 -083.344
43432 +41.563 -083.252
43433 +41.505 -082.880
43434 +41.693 -083.445
43435 +41.326 -083.312
43436 +41.714 -082.826
43437 +41.254 -083.602
43438 +41.603 -082.707
43439 +41.518 -083.043
43440 +41.515 -082.771
43442 +41.425 -083.216
43443 +41.461 -083.470
43445 +41.557 -083.309
43446 +41.674 -082.810
43447 +41.568 -083.433
43449 +41.534 -083.136
43450 +41.401 -083.491
43451 +41.318 -083.618
43452 +41.506 -082.953
43456 +41.651 -082.827
43457 +41.268 -083.425
43458 +41.530 -083.213
43460 +41.605 -083.561
43462 +41.284 -083.723
43463 +41.511 -083.505
43464 +41.416 -082.922
43465 +41.565 -083.500
43466 +41.292 -083.514
43467 +41.243 -083.491
43468 +41.600 -083.347
43469 +41.460 -083.365
43501 +41.673 -084.462
43502 +41.533 -084.303
43504 +41.698 -083.834
43505 +41.524 -084.731
43506 +41.466 -084.557
43510 +41.465 -083.947
43511 +41.264 -083.824
43512 +41.303 -084.358
43515 +41.587 -084.010
43516 +41.215 -083.915
43517 +41.434 -084.729
43518 +41.596 -084.758
43519 +41.419 -084.407
43520 +41.380 -084.636
43521 +41.660 -084.298
43522 +41.420 -083.832
43523 +41.339 -083.999
43524 +41.227 -084.039
43525 +41.467 -083.701
43526 +41.312 -084.731
43527 +41.246 -084.158
43528 +41.629 -083.750
43529 +41.190 -083.785
43530 +41.328 -084.289
43531 +41.635 -084.496
43532 +41.449 -083.964
43533 +41.692 -084.082
43534 +41.350 -083.927
43535 +41.306 -084.024
43536 +41.313 -084.634
43537 +41.575 -083.687
43540 +41.689 -083.944
43541 +41.301 -083.830
43542 +41.566 -083.765
43543 +41.606 -084.645
43545 +41.392 -084.128
43547 +41.492 -083.876
43548 +41.189 -084.173
43549 +41.369 -084.531
43551 +41.519 -083.579
43553 +41.531 -084.218
43554 +41.658 -084.563
43555 +41.438 -084.256
43556 +41.303 -084.564
43557 +41.487 -084.392
43558 +41.594 -083.879
43560 +41.701 -083.739
43565 +41.420 -083.740
43566 +41.492 -083.756
43567 +41.580 -084.161
43569 +41.350 -083.789
43570 +41.586 -084.441
43571 +41.514 -083.814
43604 +41.652 -083.539
43605 +41.648 -083.507
43606 +41.673 -083.611
43607 +41.649 -083.604
43608 +41.680 -083.529
43609 +41.628 -083.579
43610 +41.678 -083.561
43611 +41.703 -083.487
43612 +41.716 -083.551
43613 +41.706 -083.604
43614 +41.604 -083.628
43615 +41.650 -083.672
43616 +41.658 -083.409
43617 +41.664 -083.728
43619 +41.604 -083.470
43620 +41.665 -083.555
43623 +41.703 -083.650
43701 +39.964 -081.996
43711 +39.842 -081.578
43713 +39.990 -081.174
43716 +39.829 -081.012
43717 +39.789 -081.555
43718 +40.015 -080.998
43719 +39.996 -081.093
43720 +39.796 -081.876
43721 +39.949 -082.260
43722 +39.919 -081.520
43723 +39.961 -081.542
43724 +39.721 -081.499
43725 +40.040 -081.601
43727 +39.876 -081.800
43728 +39.480 -081.895
43730 +39.639 -082.092
43731 +39.733 -082.058
43732 +39.843 -081.659
43733 +39.927 -081.538
43734 +39.882 -081.914
43735 +39.857 -082.114
43736 +40.058 -081.237
43738 +39.855 -082.140
43739 +39.903 -082.286
43740 +39.951 -082.217
43746 +39.965 -082.184
43747 +39.861 -081.125
43748 +39.692 -082.316
43749 +40.156 -081.556
43750 +39.997 -081.513
43754 +39.754 -081.243
43755 +40.053 -081.432
43756 +39.692 -081.795
43758 +39.628 -081.945
43759 +40.063 -081.071
43760 +39.888 -082.193
43761 +39.668 -082.148
43762 +40.030 -081.740
43764 +39.713 -082.181
43766 +39.593 -082.253
43767 +40.014 -081.808
43768 +40.038 -081.445
43771 +39.836 -081.945
43772 +39.886 -081.527
43773 +39.982 -081.299
43777 +39.829 -082.104
43778 +40.010 -081.369
43779 +39.820 -081.428
43780 +39.909 -081.438
43782 +39.622 -082.212
43783 +39.804 -082.279
43786 +39.711 -081.277
43787 +39.524 -081.802
43788 +39.806 -081.334
43791 +39.878 -082.089
43793 +39.745 -081.096
43802 +40.091 -081.852
43804 +40.451 -081.741
43805 +40.390 -081.972
43811 +40.192 -081.943
43812 +40.264 -081.881
43821 +40.137 -082.001
43822 +40.181 -082.158
43824 +40.364 -081.758
43830 +40.063 -082.137
43832 +40.273 -081.578
43836 +40.209 -081.719
43837 +40.298 -081.478
43840 +40.404 -081.604
43842 +40.137 -082.012
43843 +40.349 -082.176
43844 +40.334 -082.051
43845 +40.265 -081.731
43901 +40.217 -080.866
43902 +39.883 -080.952
43903 +40.472 -080.973
43905 +40.114 -080.833
43906 +40.011 -080.809
43907 +40.248 -081.020
43908 +40.506 -080.874
43909 +40.068 -080.815
43910 +40.373 -080.826
43912 +40.091 -080.793
43913 +40.268 -080.638
43914 +39.775 -080.953
43915 +39.746 -080.932
43917 +40.215 -080.793
43920 +40.677 -080.594
43925 +40.446 -080.862
43926 +40.509 -080.622
43928 +40.013 -080.883
43930 +40.563 -080.763
43931 +39.673 -080.872
43932 +40.529 -080.746
43933 +39.935 -080.896
43934 +40.076 -080.794
43935 +40.120 -080.740
43938 +40.299 -080.675
43939 +40.167 -080.800
43940 +40.029 -080.827
43942 +39.861 -080.855
43943 +40.209 -080.732
43944 +40.436 -080.772
43945 +40.632 -080.850
43946 +39.648 -080.975
43947 +39.955 -080.792
43948 +40.268 -080.780
43950 +40.097 -080.925
43951 +40.114 -081.012
43952 +40.409 -080.665
43953 +40.352 -080.702
43961 +40.524 -080.630
43962 +40.673 -080.889
43963 +40.171 -080.697
43964 +40.481 -080.662
43967 +40.027 -080.946
43968 +40.632 -080.684
43971 +40.159 -080.713
43972 +40.102 -080.974
43973 +40.190 -081.276
43974 +40.182 -080.888
43976 +40.378 -080.905
43977 +40.148 -081.114
43981 +40.184 -080.994
43983 +40.137 -081.199
43985 +40.162 -081.132
43986 +40.383 -080.990
43988 +40.404 -081.098
44001 +41.366 -082.260
44003 +41.616 -080.586
44004 +41.856 -080.791
44010 +41.765 -080.847
44011 +41.445 -082.005
44012 +41.497 -082.017
44017 +41.371 -081.862
44021 +41.443 -081.144
44022 +41.446 -081.403
44023 +41.385 -081.286
44024 +41.578 -081.191
44026 +41.528 -081.325
44028 +41.301 -081.937
44030 +41.903 -080.580
44032 +41.669 -080.670
44035 +41.370 -082.136
44039 +41.384 -082.021
44040 +41.531 -081.411
44041 +41.777 -080.950
44044 +41.266 -082.042
44045 +41.744 -081.286
44046 +41.542 -081.080
44047 +41.728 -080.736
44048 +41.850 -080.639
44049 +41.267 -082.306
44050 +41.249 -082.129
44052 +41.461 -082.168
44053 +41.430 -082.222
44054 +41.472 -082.090
44055 +41.434 -082.134
44056 +41.315 -081.502
44057 +41.760 -081.060
44060 +41.677 -081.328
44062 +41.451 -081.035
44064 +41.598 -081.032
44065 +41.455 -081.229
44067 +41.313 -081.544
44068 +41.906 -080.679
44070 +41.415 -081.919
44072 +41.471 -081.325
44074 +41.289 -082.236
44076 +41.528 -080.815
44077 +41.698 -081.210
44080 +41.368 -081.058
44081 +41.764 -081.143
44082 +41.762 -080.568
44084 +41.671 -080.899
44085 +41.603 -080.875
44086 +41.676 -081.059
44087 +41.317 -081.444
44089 +41.392 -082.377
44090 +41.167 -082.228
44092 +41.596 -081.471
44093 +41.536 -080.613
44094 +41.611 -081.379
44095 +41.652 -081.442
44099 +41.549 -080.983
44101 +41.490 -081.672
44102 +41.479 -081.736
44103 +41.516 -081.643
44104 +41.482 -081.627
44105 +41.450 -081.632
44106 +41.505 -081.605
44107 +41.486 -081.801
44108 +41.541 -081.612
44109 +41.444 -081.698
44110 +41.569 -081.566
44111 +41.458 -081.790
44112 +41.536 -081.574
44113 +41.483 -081.697
44114 +41.520 -081.679
44115 +41.494 -081.671
44116 +41.473 -081.854
44117 +41.571 -081.526
44118 +41.502 -081.557
44119 +41.588 -081.549
44120 +41.473 -081.581
44121 +41.526 -081.532
44122 +41.469 -081.512
44123 +41.605 -081.524
44124 +41.499 -081.471
44125 +41.406 -081.610
44126 +41.443 -081.853
44127 +41.471 -081.649
44128 +41.440 -081.539
44129 +41.390 -081.735
44130 +41.377 -081.787
44131 +41.383 -081.655
44132 +41.606 -081.497
44133 +41.316 -081.748
44134 +41.383 -081.703
44135 +41.424 -081.826
44136 +41.312 -081.810
44137 +41.409 -081.563
44138 +41.374 -081.923
44139 +41.383 -081.444
44140 +41.488 -081.929
44141 +41.300 -081.617
44142 +41.399 -081.829
44143 +41.553 -081.474
44144 +41.437 -081.740
44145 +41.450 -081.930
44146 +41.381 -081.529
44147 +41.318 -081.679
44149 +41.311 -081.853
44201 +41.029 -081.184
44202 +41.317 -081.342
44203 +41.020 -081.631
44212 +41.244 -081.829
44214 +40.952 -082.000
44215 +41.072 -081.899
44216 +40.946 -081.582
44217 +40.952 -081.913
44221 +41.139 -081.475
44223 +41.170 -081.531
44224 +41.176 -081.437
44230 +40.962 -081.690
44231 +41.303 -081.070
44232 +40.933 -081.464
44233 +41.249 -081.738
44234 +41.326 -081.152
44235 +41.031 -082.117
44236 +41.246 -081.449
44240 +41.133 -081.342
44241 +41.243 -081.348
44243 +41.148 -081.340
44250 +41.021 -081.433
44251 +41.028 -081.928
44253 +41.163 -082.033
44254 +41.045 -082.012
44255 +41.287 -081.229
44256 +41.141 -081.860
44260 +41.035 -081.338
44262 +41.140 -081.436
44264 +41.230 -081.540
44266 +41.169 -081.197
44270 +40.961 -081.775
44272 +41.090 -081.181
44273 +41.028 -081.878
44274 +41.099 -081.729
44275 +41.097 -082.106
44276 +40.940 -081.836
44278 +41.093 -081.420
44280 +41.240 -081.928
44281 +41.060 -081.740
44285 +41.163 -081.060
44286 +41.233 -081.644
44287 +40.940 -082.104
44288 +41.239 -081.076
44301 +41.043 -081.524
44302 +41.089 -081.538
44303 +41.104 -081.537
44304 +41.086 -081.509
44305 +41.077 -081.463
44306 +41.039 -081.483
44307 +41.069 -081.547
44308 +41.082 -081.517
44310 +41.109 -081.500
44311 +41.064 -081.520
44312 +41.007 -081.439
44313 +41.130 -081.573
44314 +41.041 -081.558
44319 +40.986 -081.531
44320 +41.073 -081.582
44321 +41.101 -081.648
44325 +41.076 -081.512
44333 +41.165 -081.634
44401 +41.027 -080.938
44402 +41.398 -080.853
44403 +41.241 -080.583
44404 +41.324 -080.557
44405 +41.078 -080.592
44406 +41.011 -080.770
44408 +40.885 -080.688
44410 +41.346 -080.728
44411 +41.048 -081.059
44412 +41.094 -081.023
44413 +40.845 -080.549
44415 +40.771 -080.705
44417 +41.433 -080.663
44418 +41.307 -080.605
44420 +41.170 -080.671
44423 +40.749 -080.896
44424 +41.322 -080.583
44425 +41.169 -080.578
44427 +40.714 -080.962
44428 +41.431 -080.585
44429 +41.095 -080.974
44430 +41.238 -080.911
44431 +40.838 -080.751
44432 +40.750 -080.750
44436 +41.059 -080.535
44437 +41.156 -080.730
44438 +41.240 -080.531
44439 +41.454 -080.956
44440 +41.137 -080.806
44441 +40.755 -080.549
44442 +40.966 -080.546
44443 +40.921 -080.591
44444 +41.176 -080.978
44445 +40.848 -080.617
44446 +41.190 -080.748
44449 +40.975 -081.022
44450 +41.446 -080.820
44451 +41.079 -080.868
44452 +40.947 -080.664
44454 +40.924 -080.545
44455 +40.772 -080.610
44460 +40.903 -080.869
44470 +41.300 -080.973
44471 +41.051 -080.591
44473 +41.247 -080.663
44481 +41.177 -080.902
44483 +41.264 -080.817
44484 +41.236 -080.750
44485 +41.240 -080.848
44490 +40.900 -080.768
44491 +41.370 -080.964
44493 +40.822 -080.889
44502 +41.083 -080.639
44503 +41.099 -080.649
44504 +41.124 -080.655
44505 +41.128 -080.618
44506 +41.093 -080.626
44507 +41.074 -080.655
44509 +41.111 -080.697
44510 +41.122 -080.673
44511 +41.069 -080.697
44512 +41.026 -080.667
44514 +40.996 -080.608
44515 +41.103 -080.761
44555 +41.107 -080.649
44601 +40.919 -081.129
44606 +40.735 -081.800
44607 +40.696 -081.027
44608 +40.656 -081.593
44609 +40.912 -080.990
44610 +40.561 -081.801
44611 +40.610 -082.075
44612 +40.633 -081.476
44613 +40.712 -081.608
44614 +40.888 -081.588
44615 +40.566 -081.079
44618 +40.770 -081.681
44619 +40.905 -080.954
44620 +40.586 -081.228
44621 +40.432 -081.288
44622 +40.551 -081.484
44624 +40.622 -081.659
44625 +40.714 -081.023
44626 +40.694 -081.389
44627 +40.664 -081.836
44628 +40.544 -082.148
44629 +40.349 -081.453
44630 +40.927 -081.404
44632 +40.963 -081.305
44633 +40.630 -081.935
44634 +40.838 -081.041
44637 +40.480 -082.030
44638 +40.647 -082.133
44639 +40.452 -081.210
44640 +40.986 -081.151
44641 +40.858 -081.245
44643 +40.638 -081.309
44644 +40.688 -081.178
44645 +40.910 -081.718
44646 +40.814 -081.497
44647 +40.794 -081.565
44651 +40.621 -080.962
44652 +40.901 -081.330
44653 +40.437 -081.371
44654 +40.538 -081.871
44656 +40.568 -081.328
44657 +40.745 -081.095
44659 +40.695 -081.702
44660 +40.624 -081.773
44661 +40.585 -082.117
44662 +40.711 -081.555
44663 +40.460 -081.450
44665 +40.836 -080.987
44666 +40.842 -081.640
44667 +40.834 -081.765
44669 +40.788 -081.151
44670 +40.763 -081.188
44671 +40.645 -081.366
44672 +40.920 -081.025
44675 +40.504 -081.250
44676 +40.691 -082.034
44677 +40.875 -081.859
44678 +40.565 -081.364
44680 +40.599 -081.544
44681 +40.501 -081.664
44682 +40.398 -081.403
44683 +40.365 -081.325
44685 +40.955 -081.424
44687 +40.539 -081.710
44688 +40.684 -081.255
44689 +40.648 -081.659
44690 +40.613 -081.694
44691 +40.806 -081.978
44693 +40.298 -081.188
44695 +40.442 -081.170
44697 +40.608 -081.407
44699 +40.289 -081.289
44702 +40.800 -081.377
44703 +40.811 -081.381
44704 +40.800 -081.343
44705 +40.833 -081.332
44706 +40.754 -081.420
44707 +40.760 -081.347
44708 +40.817 -081.435
44709 +40.842 -081.386
44710 +40.790 -081.427
44714 +40.836 -081.358
44718 +40.848 -081.450
44720 +40.903 -081.433
44721 +40.893 -081.318
44730 +40.767 -081.266
44802 +41.045 -083.419
44804 +41.107 -083.535
44805 +40.873 -082.323
44807 +41.061 -082.864
44809 +41.132 -083.294
44811 +41.246 -082.847
44813 +40.600 -082.530
44814 +41.324 -082.472
44815 +41.247 -083.239
44817 +41.204 -083.545
44818 +40.998 -082.989
44820 +40.818 -082.972
44822 +40.557 -082.398
44824 +41.383 -082.806
44825 +40.954 -082.942
44826 +41.242 -082.478
44827 +40.822 -082.755
44828 +41.234 -082.859
44830 +41.168 -083.399
44833 +40.710 -082.796
44836 +41.237 -083.063
44837 +41.021 -082.473
44838 +40.772 -082.256
44839 +41.380 -082.550
44840 +40.792 -082.173
44841 +41.251 -083.311
44842 +40.649 -082.225
44843 +40.689 -082.408
44844 +40.992 -083.258
44846 +41.319 -082.606
44847 +41.230 -082.713
44849 +40.809 -083.132
44850 +41.035 -082.684
44851 +41.109 -082.392
44853 +41.055 -083.304
44854 +40.944 -082.868
44855 +41.109 -082.575
44856 +40.794 -082.856
44857 +41.216 -082.578
44859 +41.022 -082.331
44861 +41.243 -083.146
44864 +40.668 -082.321
44865 +40.992 -082.689
44866 +40.924 -082.198
44867 +41.149 -082.982
44870 +41.420 -082.713
44874 +40.969 -082.370
44875 +40.890 -082.652
44878 +40.951 -082.521
44880 +41.033 -082.219
44881 +40.870 -082.877
44882 +40.947 -083.140
44883 +41.124 -083.174
44887 +40.916 -082.791
44889 +41.246 -082.382
44890 +41.085 -082.711
44901 +40.764 -082.513
44902 +40.759 -082.511
44903 +40.776 -082.527
44904 +40.664 -082.614
44905 +40.779 -082.467
44906 +40.764 -082.575
44907 +40.728 -082.520
45001 +39.138 -084.713
45002 +39.199 -084.763
45003 +39.587 -084.786
45005 +39.529 -084.290
45011 +39.427 -084.498
45013 +39.414 -084.653
45014 +39.326 -084.552
45015 +39.374 -084.563
45030 +39.257 -084.763
45032 +39.503 -084.008
45033 +39.180 -084.765
45034 +39.357 -084.246
45036 +39.443 -084.216
45039 +39.327 -084.237
45040 +39.351 -084.313
45041 +39.211 -084.702
45042 +39.557 -084.420
45044 +39.482 -084.410
45050 +39.444 -084.366
45051 +39.100 -084.655
45052 +39.144 -084.779
45053 +39.354 -084.788
45054 +39.439 -084.085
45055 +39.457 -084.511
45056 +39.487 -084.738
45062 +39.484 -084.556
45064 +39.571 -084.610
45065 +39.371 -084.214
45066 +39.548 -084.218
45067 +39.495 -084.481
45068 +39.529 -084.041
45069 +39.344 -084.412
45070 +39.590 -084.558
45101 +38.697 -083.727
45102 +39.017 -084.204
45103 +39.092 -084.144
45105 +38.750 -083.612
45106 +38.945 -084.065
45107 +39.288 -083.976
45111 +39.201 -084.287
45112 +38.795 -084.140
45113 +39.400 -083.985
45115 +38.808 -083.707
45118 +39.173 -083.917
45119 +38.878 -083.999
45120 +38.828 -084.090
45121 +38.867 -083.908
45122 +39.226 -084.129
45123 +39.349 -083.389
45130 +38.909 -083.999
45131 +38.790 -083.967
45132 +39.344 -083.600
45133 +39.160 -083.571
45135 +39.348 -083.542
45140 +39.254 -084.247
45142 +39.208 -083.803
45144 +38.704 -083.615
45146 +39.314 -083.804
45147 +39.211 -084.303
45148 +39.290 -083.887
45150 +39.166 -084.230
45152 +39.351 -084.120
45153 +38.863 -084.190
45154 +39.063 -083.917
45155 +39.043 -083.752
45156 +38.810 -084.214
45157 +38.954 -084.230
45158 +39.182 -084.078
45159 +39.337 -083.692
45160 +39.124 -084.137
45162 +39.270 -084.075
45164 +39.553 -083.786
45166 +39.477 -083.688
45167 +38.782 -083.790
45168 +38.850 -083.770
45169 +39.506 -083.651
45171 +39.014 -083.796
45172 +39.074 -083.387
45174 +39.159 -084.312
45176 +39.079 -084.030
45177 +39.461 -083.844
45202 +39.107 -084.504
45203 +39.105 -084.534
45204 +39.090 -084.578
45205 +39.110 -084.575
45206 +39.127 -084.485
45207 +39.142 -084.471
45208 +39.135 -084.434
45209 +39.153 -084.428
45211 +39.159 -084.600
45212 +39.164 -084.452
45213 +39.181 -084.420
45214 +39.115 -084.534
45215 +39.235 -084.462
45216 +39.201 -084.481
45217 +39.166 -084.498
45218 +39.266 -084.520
45219 +39.127 -084.512
45220 +39.147 -084.520
45223 +39.171 -084.551
45224 +39.202 -084.532
45225 +39.144 -084.555
45226 +39.112 -084.422
45227 +39.153 -084.386
45229 +39.153 -084.486
45230 +39.074 -084.389
45231 +39.248 -084.535
45232 +39.186 -084.520
45233 +39.117 -084.673
45236 +39.210 -084.397
45237 +39.195 -084.451
45238 +39.109 -084.609
45239 +39.204 -084.581
45240 +39.286 -084.526
45241 +39.276 -084.400
45242 +39.243 -084.353
45243 +39.189 -084.336
45244 +39.114 -084.326
45245 +39.060 -084.280
45246 +39.290 -084.464
45247 +39.217 -084.661
45248 +39.164 -084.662
45249 +39.275 -084.327
45251 +39.275 -084.598
45252 +39.270 -084.628
45255 +39.060 -084.328
45267 +39.138 -084.503
45301 +39.711 -084.023
45302 +40.406 -084.209
45303 +40.214 -084.660
45304 +39.981 -084.525
45305 +39.641 -084.086
45306 +40.459 -084.187
45307 +39.581 -083.723
45308 +40.129 -084.457
45309 +39.842 -084.417
45310 +40.353 -084.643
45311 +39.629 -084.659
45312 +40.052 -084.093
45314 +39.742 -083.781
45315 +39.858 -084.339
45316 +39.798 -083.825
45317 +40.178 -084.018
45318 +40.127 -084.354
45319 +39.916 -083.943
45320 +39.751 -084.681
45321 +39.865 -084.687
45322 +39.903 -084.328
45323 +39.851 -083.928
45324 +39.821 -084.000
45325 +39.693 -084.430
45326 +40.140 -084.094
45327 +39.629 -084.403
45328 +40.116 -084.497
45330 +39.648 -084.529
45331 +40.099 -084.651
45332 +40.000 -084.776
45333 +40.249 -084.332
45334 +40.443 -084.048
45335 +39.640 -083.741
45336 +40.443 -084.257
45337 +39.981 -084.423
45338 +39.851 -084.544
45339 +40.009 -084.341
45340 +40.369 -084.052
45341 +39.873 -084.023
45342 +39.629 -084.276
45344 +39.954 -084.010
45345 +39.739 -084.399
45346 +39.982 -084.710
45347 +39.886 -084.763
45348 +40.330 -084.656
45349 +39.989 -083.941
45350 +40.325 -084.574
45351 +40.340 -084.496
45352 +40.050 -084.744
45353 +40.293 -084.043
45354 +39.910 -084.400
45356 +40.163 -084.228
45358 +39.987 -084.488
45359 +40.050 -084.351
45360 +40.330 -084.092
45361 +39.964 -084.415
45362 +40.292 -084.628
45363 +40.239 -084.400
45365 +40.283 -084.156
45368 +39.845 -083.648
45369 +39.953 -083.594
45370 +39.608 -084.033
45371 +39.941 -084.166
45372 +40.014 -083.838
45373 +40.033 -084.196
45377 +39.904 -084.218
45378 +39.903 -084.488
45380 +40.242 -084.508
45381 +39.731 -084.524
45382 +39.902 -084.612
45383 +39.957 -084.333
45384 +39.716 -083.889
45385 +39.669 -083.914
45387 +39.799 -083.888
45388 +40.328 -084.480
45389 +40.056 -084.025
45390 +40.215 -084.761
45402 +39.760 -084.208
45403 +39.763 -084.150
45404 +39.788 -084.153
45405 +39.792 -084.216
45406 +39.785 -084.242
45409 +39.721 -084.188
45410 +39.748 -084.159
45414 +39.839 -084.211
45415 +39.836 -084.257
45416 +39.808 -084.258
45417 +39.733 -084.283
45419 +39.714 -084.168
45420 +39.719 -084.129
45423 +39.760 -084.191
45424 +39.851 -084.103
45426 +39.801 -084.314
45428 +39.742 -084.260
45429 +39.684 -084.163
45430 +39.718 -084.077
45431 +39.764 -084.084
45432 +39.740 -084.086
45433 +39.823 -084.049
45434 +39.721 -084.032
45435 +39.781 -084.063
45439 +39.698 -084.229
45440 +39.673 -084.100
45449 +39.664 -084.238
45458 +39.602 -084.156
45459 +39.646 -084.167
45469 +39.740 -084.179
45501 +39.926 -083.807
45502 +40.001 -083.900
45503 +39.965 -083.768
45504 +39.947 -083.865
45505 +39.902 -083.757
45506 +39.908 -083.837
45601 +39.312 -082.957
45612 +39.207 -083.279
45613 +39.034 -082.851
45614 +38.930 -082.278
45616 +38.740 -083.287
45617 +39.280 -083.156
45618 +38.885 -083.616
45619 +38.463 -082.450
45620 +38.956 -082.148
45621 +39.111 -082.610
45622 +39.352 -082.487
45623 +38.642 -082.270
45624 +39.173 -083.349
45628 +39.389 -083.194
45629 +38.658 -082.816
45630 +38.697 -083.093
45631 +38.822 -082.264
45634 +39.184 -082.486
45636 +38.582 -082.816
45638 +38.556 -082.672
45640 +39.020 -082.656
45642 +39.047 -083.054
45644 +39.448 -082.835
45645 +38.566 -082.527
45646 +39.075 -083.323
45647 +39.301 -082.732
45648 +38.918 -083.008
45650 +38.738 -083.422
45651 +39.285 -082.483
45652 +38.828 -083.080
45653 +38.890 -082.822
45654 +39.366 -082.378
45656 +38.876 -082.591
45657 +38.844 -083.236
45658 +38.763 -082.412
45659 +38.655 -082.641
45660 +38.988 -083.357
45661 +39.046 -083.108
45662 +38.792 -082.912
45663 +38.736 -083.110
45669 +38.498 -082.358
45671 +38.970 -083.248
45672 +39.221 -082.666
45673 +39.204 -082.812
45674 +38.878 -082.381
45677 +38.796 -082.756
45678 +38.610 -082.380
45679 +38.978 -083.571
45680 +38.468 -082.547
45681 +39.300 -083.258
45682 +38.807 -082.695
45684 +38.651 -083.191
45685 +38.932 -082.457
45686 +39.009 -082.368
45688 +38.731 -082.543
45690 +39.146 -083.025
45692 +39.116 -082.542
45693 +38.808 -083.532
45694 +38.744 -082.781
45695 +39.162 -082.373
45696 +38.601 -082.452
45697 +38.932 -083.674
45698 +39.294 -082.401
45699 +38.874 -082.970
45701 +39.312 -082.074
45710 +39.196 -082.211
45711 +39.428 -081.932
45714 +39.317 -081.614
45715 +39.611 -081.627
45716 +39.463 -082.184
45719 +39.400 -082.128
45720 +39.094 -081.923
45721 +39.566 -081.583
45723 +39.226 -081.823
45724 +39.383 -081.800
45727 +39.646 -081.479
45729 +39.418 -081.604
45732 +39.517 -082.064
45734 +39.641 -081.196
45735 +39.245 -081.920
45739 +39.191 -081.746
45740 +39.477 -082.080
45741 +39.075 -082.247
45742 +39.287 -081.730
45743 +39.075 -081.835
45744 +39.549 -081.494
45745 +39.606 -081.330
45746 +39.597 -081.451
45750 +39.430 -081.432
45760 +39.019 -082.130
45761 +39.426 -082.075
45764 +39.442 -082.231
45766 +39.319 -082.263
45767 +39.545 -081.138
45768 +39.416 -081.257
45769 +39.109 -082.051
45770 +38.987 -081.807
45771 +38.988 -081.903
45772 +39.149 -081.819
45773 +39.438 -081.271
45775 +39.088 -082.156
45776 +39.181 -082.024
45778 +39.354 -081.893
45779 +39.001 -081.971
45780 +39.370 -082.131
45782 +39.486 -082.082
45783 +39.175 -081.839
45784 +39.388 -081.678
45786 +39.503 -081.655
45788 +39.509 -081.379
45789 +39.551 -081.255
45801 +40.773 -084.034
45804 +40.710 -084.061
45805 +40.728 -084.163
45806 +40.672 -084.126
45807 +40.806 -084.172
45808 +40.832 -083.973
45809 +40.843 -084.185
45810 +40.784 -083.813
45812 +40.682 -083.814
45813 +41.192 -084.733
45814 +40.899 -083.604
45815 +41.157 -083.943
45816 +41.005 -083.794
45817 +40.879 -083.884
45819 +40.624 -084.260
45820 +40.831 -084.084
45821 +41.226 -084.561
45822 +40.556 -084.599
45826 +40.436 -084.494
45827 +40.998 -084.299
45828 +40.484 -084.683
45830 +40.908 -084.096
45831 +41.114 -084.255
45832 +40.926 -084.730
45833 +40.833 -084.353
45835 +40.754 -083.700
45836 +40.793 -083.643
45838 +40.740 -084.478
45840 +41.026 -083.649
45841 +40.881 -083.732
45843 +40.786 -083.546
45844 +40.914 -084.287
45845 +40.331 -084.383
45846 +40.412 -084.748
45848 +41.024 -084.077
45849 +41.014 -084.447
45850 +40.705 -083.918
45851 +41.033 -084.603
45853 +40.986 -084.195
45854 +40.760 -083.952
45855 +41.088 -084.583
45856 +41.112 -084.000
45858 +41.107 -083.802
45859 +40.693 -083.786
45860 +40.400 -084.517
45861 +41.086 -084.426
45862 +40.671 -084.515
45863 +40.911 -084.453
45864 +41.100 -084.137
45865 +40.394 -084.373
45866 +40.489 -084.550
45867 +40.896 -083.538
45868 +40.971 -083.851
45869 +40.457 -084.390
45870 +40.556 -083.951
45871 +40.489 -084.294
45872 +41.189 -083.682
45873 +41.118 -084.390
45874 +40.788 -084.681
45875 +41.020 -084.059
45876 +40.934 -084.339
45877 +40.959 -083.934
45879 +41.128 -084.563
45880 +41.068 -084.742
45881 +40.946 -083.780
45882 +40.683 -084.677
45883 +40.399 -084.620
45884 +40.547 -084.084
45885 +40.570 -084.391
45886 +40.997 -084.621
45887 +40.711 -084.365
45888 +40.602 -084.086
45889 +41.153 -083.639
45890 +40.980 -083.495
45891 +40.874 -084.577
45893 +40.881 -084.145
45894 +40.759 -084.471
45895 +40.563 -084.145
45896 +40.608 -083.942
45897 +40.841 -083.656
45898 +40.734 -084.751
45899 +40.803 -084.772
46001 +40.251 -085.658
46011 +40.130 -085.761
46012 +40.146 -085.623
46013 +40.051 -085.686
46016 +40.098 -085.681
46017 +40.069 -085.607
46030 +40.170 -086.021
46031 +40.204 -086.010
46032 +39.967 -086.175
46033 +39.979 -086.086
46034 +40.135 -086.048
46035 +40.189 -086.679
46036 +40.297 -085.833
46037 +39.963 -085.944
46038 +39.967 -086.017
46039 +40.370 -086.312
46040 +39.927 -085.834
46041 +40.295 -086.494
46044 +40.212 -085.793
46045 +40.290 -086.149
46047 +40.284 -085.947
46048 +39.954 -085.807
46049 +40.295 -086.222
46050 +40.205 -086.346
46051 +40.059 -085.838
46052 +40.044 -086.461
46055 +39.888 -085.902
46056 +39.973 -085.607
46057 +40.338 -086.378
46058 +40.360 -086.648
46060 +40.063 -085.933
46062 +40.061 -086.056
46063 +40.272 -085.724
46064 +39.982 -085.739
46065 +40.421 -086.610
46068 +40.375 -086.111
46069 +40.139 -086.230
46070 +40.346 -085.661
46071 +40.110 -086.608
46072 +40.285 -086.069
46074 +40.036 -086.174
46075 +40.021 -086.331
46076 +40.371 -085.946
46077 +39.982 -086.279
46102 +39.996 -086.620
46103 +39.690 -086.614
46104 +39.659 -085.602
46105 +39.765 -086.813
46106 +39.513 -086.205
46107 +39.717 -086.092
46110 +39.559 -085.913
46111 +39.542 -086.367
46112 +39.864 -086.382
46113 +39.636 -086.303
46115 +39.738 -085.567
46117 +39.815 -085.616
46118 +39.659 -086.531
46120 +39.511 -086.789
46121 +39.679 -086.679
46122 +39.777 -086.552
46123 +39.764 -086.403
46124 +39.371 -085.948
46125 +39.522 -086.642
46126 +39.618 -085.880
46127 +39.718 -085.316
46128 +39.659 -086.743
46130 +39.673 -085.835
46131 +39.473 -086.044
46133 +39.595 -085.311
46135 +39.655 -086.894
46140 +39.802 -085.772
46142 +39.622 -086.175
46143 +39.596 -086.114
46144 +39.666 -085.647
46146 +39.580 -085.570
46147 +39.971 -086.623
46148 +39.780 -085.475
46149 +39.883 -086.554
46150 +39.545 -085.603
46151 +39.460 -086.418
46154 +39.856 -085.770
46155 +39.744 -085.429
46156 +39.489 -085.494
46157 +39.554 -086.529
46158 +39.579 -086.374
46160 +39.351 -086.269
46161 +39.668 -085.697
46162 +39.556 -085.954
46163 +39.729 -085.906
46164 +39.303 -086.122
46165 +39.850 -086.640
46166 +39.427 -086.590
46167 +39.877 -086.468
46168 +39.690 -086.393
46170 +39.572 -086.863
46171 +39.525 -086.961
46172 +39.828 -086.818
46173 +39.601 -085.431
46175 +39.816 -086.966
46176 +39.527 -085.773
46180 +39.592 -086.619
46181 +39.372 -086.172
46182 +39.459 -085.669
46183 +39.654 -086.281
46184 +39.558 -086.067
46186 +39.894 -085.645
46201 +39.774 -086.110
46202 +39.784 -086.162
46203 +39.737 -086.096
46204 +39.771 -086.157
46205 +39.829 -086.134
46206 +39.760 -086.161
46208 +39.819 -086.171
46214 +39.793 -086.292
46216 +39.866 -086.009
46217 +39.675 -086.191
46218 +39.807 -086.100
46219 +39.784 -086.045
46220 +39.867 -086.109
46221 +39.696 -086.239
46222 +39.791 -086.215
46224 +39.795 -086.257
46225 +39.740 -086.163
46226 +39.839 -086.049
46227 +39.675 -086.133
46228 +39.848 -086.201
46229 +39.788 -085.977
46231 +39.723 -086.331
46234 +39.811 -086.326
46235 +39.837 -085.975
46236 +39.897 -085.968
46237 +39.672 -086.075
46239 +39.722 -085.999
46240 +39.906 -086.125
46241 +39.730 -086.278
46250 +39.901 -086.063
46254 +39.848 -086.270
46256 +39.908 -086.013
46259 +39.651 -085.981
46260 +39.897 -086.178
46268 +39.897 -086.233
46278 +39.893 -086.298
46280 +39.934 -086.135
46290 +39.935 -086.162
46301 +41.692 -086.973
46302 +41.364 -087.124
46303 +41.374 -087.479
46304 +41.615 -087.050
46307 +41.402 -087.325
46310 +41.180 -087.231
46311 +41.468 -087.509
46312 +41.650 -087.451
46319 +41.522 -087.422
46320 +41.609 -087.498
46321 +41.548 -087.503
46322 +41.547 -087.458
46323 +41.589 -087.454
46324 +41.584 -087.502
46327 +41.649 -087.499
46340 +41.383 -086.771
46341 +41.310 -087.215
46342 +41.518 -087.245
46345 +41.530 -086.700
46346 +41.478 -086.693
46347 +41.305 -087.009
46348 +41.310 -086.862
46349 +41.112 -087.425
46350 +41.607 -086.722
46356 +41.264 -087.417
46360 +41.689 -086.865
46365 +41.602 -086.544
46366 +41.214 -086.768
46368 +41.592 -087.179
46371 +41.679 -086.593
46373 +41.442 -087.468
46374 +41.205 -086.899
46375 +41.491 -087.453
46376 +41.185 -087.476
46377 +41.194 -087.348
46379 +41.157 -087.430
46381 +41.176 -087.334
46382 +41.461 -086.762
46383 +41.458 -087.002
46385 +41.464 -087.124
46390 +41.419 -086.882
46391 +41.554 -086.919
46392 +41.178 -087.055
46393 +41.514 -087.168
46394 +41.682 -087.500
46402 +41.618 -087.338
46403 +41.611 -087.258
46404 +41.585 -087.374
46405 +41.574 -087.263
46406 +41.606 -087.409
46407 +41.578 -087.330
46408 +41.546 -087.368
46409 +41.548 -087.324
46410 +41.482 -087.335
46501 +41.222 -086.246
46502 +41.261 -085.977
46504 +41.301 -086.112
46506 +41.463 -086.172
46507 +41.721 -085.816
46508 +41.155 -085.969
46510 +41.122 -085.871
46511 +41.221 -086.428
46513 +41.363 -086.448
46514 +41.723 -085.975
46516 +41.679 -085.948
46517 +41.627 -085.998
46524 +41.306 -086.014
46526 +41.559 -085.877
46528 +41.601 -085.785
46530 +41.741 -086.127
46531 +41.357 -086.519
46532 +41.411 -086.631
46534 +41.285 -086.618
46536 +41.515 -086.298
46537 +41.457 -086.307
46538 +41.330 -085.823
46539 +41.163 -086.027
46540 +41.672 -085.697
46542 +41.397 -085.870
46543 +41.533 -085.671
46544 +41.615 -086.128
46545 +41.693 -086.147
46550 +41.447 -086.001
46552 +41.706 -086.482
46553 +41.480 -085.851
46554 +41.557 -086.417
46555 +41.329 -085.680
46556 +41.702 -086.245
46561 +41.666 -086.072
46562 +41.208 -085.685
46563 +41.355 -086.326
46565 +41.691 -085.584
46567 +41.416 -085.732
46570 +41.208 -086.120
46571 +41.566 -085.547
46572 +41.408 -086.393
46573 +41.544 -086.070
46574 +41.482 -086.487
46580 +41.214 -085.870
46582 +41.280 -085.852
46590 +41.219 -085.805
46595 +41.526 -086.163
46601 +41.670 -086.253
46613 +41.654 -086.266
46614 +41.606 -086.280
46615 +41.674 -086.212
46616 +41.697 -086.267
46617 +41.685 -086.235
46619 +41.661 -086.354
46624 +41.703 -086.252
46628 +41.720 -086.320
46635 +41.714 -086.202
46637 +41.734 -086.243
46701 +41.361 -085.431
46702 +40.821 -085.622
46703 +41.655 -085.011
46704 +41.104 -085.292
46705 +41.519 -085.060
46706 +41.342 -085.033
46710 +41.352 -085.250
46711 +40.662 -084.927
46714 +40.723 -085.177
46721 +41.424 -084.873
46723 +41.246 -085.327
46725 +41.153 -085.474
46730 +41.458 -085.152
46731 +40.794 -085.100
46732 +41.372 -085.626
46733 +40.831 -084.940
46737 +41.717 -084.905
46738 +41.319 -085.149
46740 +40.604 -084.965
46741 +41.217 -084.951
46742 +41.549 -084.879
46743 +41.215 -084.853
46745 +40.952 -085.009
46746 +41.725 -085.345
46747 +41.566 -085.158
46748 +41.249 -085.162
46750 +40.876 -085.497
46755 +41.449 -085.275
46759 +40.604 -085.178
46760 +41.345 -085.553
46761 +41.634 -085.378
46763 +41.297 -085.249
46764 +41.214 -085.620
46765 +41.233 -085.032
46766 +40.709 -085.289
46767 +41.462 -085.574
46770 +40.827 -085.321
46771 +41.695 -085.297
46772 +40.722 -084.912
46773 +40.984 -084.876
46774 +41.089 -084.972
46776 +41.729 -085.166
46777 +40.869 -085.148
46778 +40.604 -085.162
46779 +41.564 -085.027
46781 +40.632 -085.269
46783 +40.969 -085.357
46784 +41.500 -085.388
46785 +41.323 -084.878
46786 +41.531 -085.272
46787 +41.066 -085.620
46788 +41.273 -084.908
46789 +41.583 -085.197
46791 +40.838 -085.252
46792 +40.684 -085.443
46793 +41.452 -085.015
46794 +41.462 -085.452
46795 +41.559 -085.327
46796 +41.337 -085.496
46797 +41.128 -084.859
46798 +40.943 -085.221
46799 +40.916 -085.280
46802 +41.069 -085.165
46803 +41.070 -085.086
46804 +41.054 -085.239
46805 +41.100 -085.118
46806 +41.046 -085.092
46807 +41.045 -085.148
46808 +41.098 -085.177
46809 +41.000 -085.218
46814 +41.049 -085.306
46815 +41.103 -085.059
46816 +41.003 -085.046
46818 +41.142 -085.258
46819 +40.975 -085.134
46825 +41.157 -085.128
46835 +41.153 -085.041
46845 +41.212 -085.109
46901 +40.531 -086.170
46902 +40.437 -086.095
46910 +41.044 -086.036
46911 +40.625 -085.943
46913 +40.504 -086.497
46914 +40.629 -086.095
46915 +40.478 -086.386
46917 +40.627 -086.475
46919 +40.594 -085.870
46920 +40.465 -086.495
46922 +41.141 -086.426
46923 +40.607 -086.642
46926 +40.888 -086.050
46928 +40.406 -085.682
46929 +40.555 -086.476
46930 +40.409 -085.573
46931 +40.947 -086.265
46932 +40.595 -086.269
46933 +40.479 -085.581
46936 +40.484 -085.928
46937 +40.415 -086.037
46938 +40.430 -085.594
46939 +40.993 -086.401
46940 +40.691 -085.689
46941 +40.830 -085.699
46943 +40.973 -085.840
46945 +41.121 -086.385
46946 +41.039 -085.730
46947 +40.761 -086.373
46950 +40.888 -086.365
46951 +40.948 -086.105
46952 +40.599 -085.629
46953 +40.519 -085.645
46957 +40.389 -085.499
46958 +40.818 -086.121
46959 +40.613 -086.112
46960 +41.161 -086.516
46961 +40.767 -086.192
46962 +40.989 -085.768
46965 +40.416 -086.102
46967 +40.695 -086.195
46968 +41.170 -086.552
46970 +40.758 -086.061
46971 +40.661 -086.162
46974 +40.952 -085.934
46975 +41.075 -086.251
46978 +40.859 -086.511
46979 +40.429 -086.276
46980 +40.956 -085.742
46982 +41.052 -085.878
46984 +40.668 -085.830
46985 +40.960 -086.580
46986 +40.495 -085.819
46987 +40.569 -085.765
46988 +40.877 -086.235
46989 +40.449 -085.481
46990 +40.902 -085.728
46991 +40.628 -085.514
46992 +40.785 -085.831
46994 +40.667 -086.254
46996 +41.062 -086.658
46998 +40.575 -086.351
47001 +39.057 -084.956
47003 +39.560 -084.834
47006 +39.286 -085.213
47010 +39.502 -084.849
47011 +38.871 -085.062
47012 +39.427 -084.983
47016 +39.372 -084.890
47017 +38.940 -085.181
47018 +38.992 -085.104
47020 +38.818 -084.924
47021 +38.970 -085.149
47022 +39.207 -084.951
47023 +39.071 -085.377
47024 +39.477 -085.199
47025 +39.153 -084.874
47030 +39.424 -085.133
47031 +39.131 -085.148
47032 +39.081 -085.056
47033 +39.282 -085.175
47034 +39.204 -085.327
47035 +39.310 -084.904
47036 +39.386 -085.231
47037 +39.169 -085.326
47038 +38.850 -084.850
47040 +38.928 -084.911
47041 +39.234 -085.084
47042 +39.019 -085.255
47043 +38.793 -085.103
47060 +39.292 -084.868
47102 +38.755 -085.797
47104 +38.556 -085.424
47106 +38.464 -085.900
47108 +38.646 -086.257
47110 +38.095 -086.208
47111 +38.466 -085.632
47112 +38.186 -086.145
47114 +38.288 -086.073
47115 +38.345 -086.217
47116 +38.327 -086.618
47117 +38.107 -085.967
47118 +38.300 -086.483
47119 +38.372 -085.882
47120 +38.460 -086.189
47122 +38.306 -085.985
47123 +38.286 -086.472
47124 +38.365 -086.004
47125 +38.462 -086.304
47126 +38.547 -085.776
47129 +38.313 -085.769
47130 +38.332 -085.696
47135 +38.049 -086.074
47136 +38.235 -085.966
47137 +38.153 -086.434
47138 +38.682 -085.585
47140 +38.384 -086.371
47141 +38.548 -085.612
47142 +38.062 -086.201
47143 +38.469 -085.775
47145 +38.330 -086.307
47147 +38.599 -085.534
47150 +38.284 -085.848
47160 +38.157 -086.050
47161 +38.322 -086.104
47162 +38.549 -085.491
47163 +38.545 -085.679
47164 +38.413 -086.096
47165 +38.502 -086.005
47166 +38.307 -086.169
47167 +38.607 -086.093
47170 +38.685 -085.844
47172 +38.400 -085.774
47174 +38.227 -086.482
47175 +38.358 -086.555
47177 +38.590 -085.792
47201 +39.148 -085.999
47203 +39.231 -085.833
47220 +38.878 -086.055
47223 +39.056 -085.479
47224 +38.890 -085.228
47225 +39.436 -085.344
47226 +39.283 -085.869
47227 +38.868 -085.655
47229 +38.807 -085.865
47230 +38.792 -085.625
47231 +38.901 -085.495
47232 +39.111 -085.791
47234 +39.376 -085.768
47235 +39.018 -086.138
47236 +39.152 -085.725
47240 +39.306 -085.478
47243 +38.669 -085.482
47244 +39.218 -085.702
47246 +39.298 -085.764
47247 +39.060 -085.888
47250 +38.811 -085.362
47260 +38.837 -086.198
47263 +39.309 -085.328
47264 +38.979 -086.251
47265 +39.009 -085.627
47270 +38.839 -085.723
47272 +39.411 -085.621
47273 +39.076 -085.737
47274 +38.966 -085.926
47280 +39.297 -085.950
47281 +38.789 -086.106
47282 +38.985 -085.610
47283 +39.170 -085.588
47302 +40.130 -085.374
47303 +40.272 -085.378
47304 +40.236 -085.460
47305 +40.194 -085.386
47306 +40.207 -085.407
47320 +40.272 -085.273
47324 +39.741 -084.852
47325 +39.694 -085.013
47326 +40.549 -084.967
47327 +39.834 -085.179
47330 +39.786 -085.022
47331 +39.624 -085.157
47334 +40.106 -085.523
47335 +39.812 -085.207
47336 +40.398 -085.212
47337 +39.803 -085.437
47338 +40.342 -085.337
47339 +39.939 -085.079
47340 +40.181 -085.134
47341 +39.972 -084.892
47342 +40.329 -085.508
47344 +39.879 -085.464
47345 +39.894 -085.060
47346 +39.932 -085.168
47348 +40.466 -085.340
47351 +39.904 -085.520
47352 +39.796 -085.367
47353 +39.623 -084.925
47354 +40.041 -085.193
47355 +40.044 -084.927
47356 +40.031 -085.507
47357 +39.751 -085.147
47358 +40.057 -085.113
47359 +40.552 -085.286
47360 +40.011 -085.258
47361 +40.004 -085.385
47362 +39.932 -085.370
47366 +39.861 -085.261
47367 +40.084 -085.392
47368 +40.182 -085.194
47369 +40.507 -085.142
47370 +39.813 -085.138
47371 +40.419 -084.963
47373 +40.340 -085.156
47374 +39.834 -084.890
47380 +40.285 -085.046
47381 +40.387 -084.865
47382 +40.237 -084.918
47383 +40.156 -085.267
47384 +39.909 -085.551
47385 +39.833 -085.446
47386 +40.055 -085.386
47387 +39.838 -085.299
47388 +40.006 -085.443
47390 +40.206 -084.846
47392 +39.910 -084.944
47393 +39.963 -085.004
47394 +40.168 -084.987
47396 +40.189 -085.517
47401 +39.102 -086.443
47403 +39.085 -086.612
47404 +39.220 -086.591
47405 +39.168 -086.521
47406 +39.175 -086.515
47408 +39.230 -086.467
47420 +38.919 -086.549
47421 +38.863 -086.452
47424 +39.020 -086.882
47427 +39.237 -087.007
47429 +39.276 -086.614
47431 +39.245 -086.915
47432 +38.493 -086.639
47433 +39.356 -086.642
47434 +39.013 -086.546
47435 +39.266 -086.295
47436 +38.954 -086.386
47437 +38.714 -086.677
47438 +39.160 -087.177
47441 +39.039 -087.174
47443 +38.968 -087.082
47445 +39.113 -087.189
47446 +38.733 -086.512
47448 +39.180 -086.236
47449 +38.938 -086.988
47451 +38.892 -086.525
47452 +38.644 -086.414
47453 +38.940 -086.771
47454 +38.510 -086.452
47455 +39.313 -086.958
47456 +39.465 -086.691
47457 +38.912 -086.905
47458 +39.070 -086.507
47459 +39.114 -086.751
47460 +39.272 -086.792
47462 +38.958 -086.648
47464 +39.300 -086.650
47465 +39.062 -087.037
47467 +38.768 -086.344
47468 +39.286 -086.393
47469 +38.638 -086.599
47470 +38.816 -086.644
47471 +39.143 -087.005
47501 +38.662 -087.175
47512 +38.779 -087.319
47513 +38.304 -086.714
47514 +38.149 -086.594
47515 +38.184 -086.704
47516 +38.771 -087.419
47519 +38.590 -086.984
47520 +37.945 -086.668
47521 +38.408 -086.721
47522 +38.879 -086.802
47523 +38.179 -087.026
47524 +38.484 -087.619
47525 +38.020 -086.560
47527 +38.469 -086.786
47528 +38.848 -087.259
47529 +38.866 -087.075
47531 +38.040 -086.851
47532 +38.220 -086.860
47535 +38.863 -087.313
47537 +38.114 -087.065
47541 +38.235 -087.046
47542 +38.299 -086.967
47546 +38.419 -086.933
47550 +38.067 -086.921
47551 +38.114 -086.569
47552 +38.112 -086.994
47553 +38.656 -086.913
47557 +38.570 -087.342
47558 +38.639 -087.050
47561 +38.864 -087.438
47562 +38.833 -086.974
47564 +38.482 -087.098
47567 +38.463 -087.305
47568 +38.764 -087.102
47573 +38.744 -087.322
47574 +37.950 -086.562
47575 +38.325 -086.802
47576 +38.179 -086.595
47577 +38.150 -086.808
47578 +38.883 -087.194
47579 +38.111 -086.914
47580 +38.355 -086.767
47581 +38.663 -086.759
47584 +38.251 -087.257
47585 +38.267 -087.161
47586 +38.036 -086.694
47588 +38.029 -086.804
47590 +38.343 -087.099
47591 +38.629 -087.501
47596 +38.863 -087.234
47597 +38.642 -087.295
47598 +38.388 -087.208
47601 +38.051 -087.255
47610 +38.061 -087.390
47611 +38.028 -087.057
47612 +38.195 -087.702
47613 +38.150 -087.425
47615 +37.971 -086.952
47616 +38.233 -087.910
47619 +38.192 -087.318
47620 +37.932 -087.904
47630 +37.953 -087.346
47631 +38.109 -087.902
47633 +38.169 -087.786
47634 +37.939 -087.182
47635 +37.883 -087.101
47637 +38.142 -087.160
47638 +38.064 -087.778
47639 +38.188 -087.566
47640 +38.478 -087.484
47648 +38.249 -087.551
47649 +38.353 -087.451
47654 +38.253 -087.391
47660 +38.296 -087.328
47665 +38.283 -087.734
47666 +38.418 -087.600
47670 +38.346 -087.578
47683 +38.277 -087.377
47708 +37.974 -087.574
47710 +38.026 -087.576
47711 +38.015 -087.537
47712 +37.924 -087.650
47713 +37.949 -087.555
47714 +37.957 -087.521
47715 +37.972 -087.480
47720 +38.063 -087.642
47725 +38.103 -087.527
47802 +39.351 -087.414
47803 +39.466 -087.307
47804 +39.498 -087.391
47805 +39.546 -087.326
47807 +39.473 -087.403
47809 +39.471 -087.410
47831 +39.665 -087.522
47832 +39.881 -087.258
47833 +39.359 -086.975
47834 +39.524 -087.123
47836 +39.649 -087.172
47837 +39.627 -087.115
47838 +38.962 -087.384
47840 +39.407 -087.062
47841 +39.277 -087.115
47842 +39.678 -087.454
47845 +39.194 -087.234
47846 +39.367 -087.194
47847 +39.817 -087.486
47848 +39.043 -087.262
47849 +39.195 -087.564
47850 +39.237 -087.436
47851 +39.574 -087.246
47853 +39.537 -087.073
47854 +39.806 -087.412
47855 +39.188 -087.302
47857 +39.524 -087.091
47858 +39.262 -087.225
47859 +39.882 -087.172
47860 +39.722 -087.330
47861 +39.073 -087.570
47862 +39.776 -087.343
47863 +39.578 -087.459
47865 +39.019 -087.393
47866 +39.283 -087.322
47868 +39.411 -086.903
47869 +39.275 -087.497
47870 +39.370 -087.474
47871 +39.390 -087.300
47872 +39.749 -087.165
47874 +39.637 -087.279
47875 +39.714 -087.522
47876 +39.510 -087.461
47879 +39.198 -087.379
47880 +39.600 -087.419
47881 +39.487 -087.190
47882 +39.089 -087.411
47884 +39.623 -087.454
47885 +39.506 -087.476
47901 +40.418 -086.890
47904 +40.439 -086.875
47905 +40.422 -086.764
47906 +40.480 -086.989
47907 +40.422 -086.914
47909 +40.325 -086.896
47916 +39.983 -087.055
47917 +40.469 -087.476
47918 +40.299 -087.210
47920 +40.541 -086.834
47921 +40.478 -087.375
47922 +40.877 -087.349
47923 +40.610 -086.940
47924 +40.490 -086.758
47925 +40.882 -086.745
47926 +40.780 -086.596
47928 +39.921 -087.472
47929 +40.670 -086.913
47930 +40.238 -086.741
47932 +40.134 -087.415
47933 +40.038 -086.902
47940 +40.117 -086.745
47941 +40.375 -086.771
47942 +40.686 -087.444
47943 +41.064 -087.284
47944 +40.614 -087.336
47946 +40.984 -086.870
47948 +40.776 -087.287
47949 +40.061 -087.137
47950 +40.802 -086.654
47951 +40.790 -087.444
47952 +39.960 -087.299
47954 +39.900 -086.819
47955 +40.193 -086.867
47957 +41.089 -086.877
47958 +40.165 -087.149
47959 +40.863 -086.901
47960 +40.788 -086.752
47963 +40.968 -087.440
47964 +40.952 -087.300
47965 +39.955 -086.920
47966 +39.888 -087.414
47967 +40.194 -086.999
47968 +39.960 -086.750
47969 +40.204 -087.149
47970 +40.465 -087.118
47971 +40.525 -087.236
47974 +40.043 -087.480
47975 +40.444 -087.253
47977 +40.763 -087.157
47978 +40.986 -087.113
47980 +40.752 -086.909
47981 +40.251 -086.945
47982 +40.197 -087.527
47983 +40.286 -086.774
47986 +40.514 -087.207
47987 +40.121 -087.235
47989 +39.890 -087.049
47990 +40.061 -087.060
47991 +40.280 -087.446
47992 +40.319 -087.049
47993 +40.309 -087.413
47994 +40.182 -087.082
47995 +40.761 -087.030
47997 +40.668 -086.724
48001 +42.639 -082.582
48002 +42.935 -082.916
48003 +42.930 -083.040
48005 +42.856 -082.912
48006 +43.083 -082.691
48009 +42.544 -083.218
48014 +43.026 -082.932
48015 +42.481 -083.027
48017 +42.537 -083.150
48021 +42.466 -082.946
48022 +43.023 -082.802
48023 +42.704 -082.659
48025 +42.520 -083.265
48026 +42.538 -082.947
48027 +42.944 -082.694
48028 +42.580 -082.617
48030 +42.462 -083.098
48032 +43.133 -082.597
48033 +42.459 -083.293
48034 +42.497 -083.291
48035 +42.557 -082.908
48036 +42.597 -082.913
48038 +42.604 -082.941
48039 +42.693 -082.546
48040 +42.910 -082.481
48041 +42.937 -082.810
48042 +42.684 -082.909
48043 +42.598 -082.882
48044 +42.650 -082.929
48045 +42.587 -082.817
48047 +42.674 -082.774
48048 +42.738 -082.798
48049 +43.040 -082.571
48050 +42.788 -082.799
48051 +42.690 -082.826
48054 +42.770 -082.529
48059 +43.089 -082.488
48060 +42.984 -082.458
48062 +42.852 -082.796
48063 +42.859 -082.683
48064 +42.765 -082.667
48065 +42.845 -083.039
48066 +42.508 -082.937
48067 +42.491 -083.138
48069 +42.472 -083.144
48070 +42.482 -083.168
48071 +42.507 -083.103
48072 +42.498 -083.186
48073 +42.519 -083.164
48074 +42.950 -082.562
48075 +42.462 -083.230
48076 +42.498 -083.231
48079 +42.859 -082.548
48080 +42.465 -082.897
48081 +42.495 -082.895
48082 +42.528 -082.887
48083 +42.557 -083.117
48084 +42.561 -083.176
48085 +42.604 -083.122
48088 +42.516 -082.983
48089 +42.468 -082.994
48091 +42.468 -083.058
48092 +42.513 -083.060
48093 +42.516 -083.016
48094 +42.735 -083.052
48095 +42.779 -083.048
48096 +42.762 -082.920
48097 +43.122 -082.827
48098 +42.598 -083.178
48101 +42.259 -083.210
48103 +42.261 -083.846
48104 +42.262 -083.717
48105 +42.328 -083.696
48108 +42.222 -083.732
48109 +42.291 -083.708
48111 +42.183 -083.489
48114 +42.568 -083.756
48116 +42.506 -083.781
48117 +42.050 -083.410
48118 +42.312 -084.034
48120 +42.303 -083.164
48122 +42.279 -083.182
48124 +42.298 -083.248
48125 +42.277 -083.265
48126 +42.330 -083.187
48127 +42.336 -083.283
48128 +42.320 -083.260
48130 +42.364 -083.909
48131 +41.967 -083.673
48133 +41.782 -083.486
48134 +42.107 -083.296
48135 +42.324 -083.341
48137 +42.472 -084.075
48138 +42.131 -083.156
48139 +42.453 -083.808
48140 +41.882 -083.581
48141 +42.294 -083.320
48143 +42.457 -083.852
48144 +41.752 -083.629
48145 +41.844 -083.460
48146 +42.243 -083.181
48150 +42.372 -083.377
48152 +42.425 -083.374
48154 +42.398 -083.372
48157 +41.815 -083.437
48158 +42.156 -084.029
48159 +42.025 -083.549
48160 +42.082 -083.680
48161 +41.907 -083.472
48162 +41.960 -083.429
48164 +42.132 -083.397
48165 +42.498 -083.618
48166 +41.988 -083.292
48167 +42.432 -083.524
48168 +42.405 -083.540
48169 +42.462 -083.947
48170 +42.368 -083.534
48173 +42.074 -083.213
48174 +42.237 -083.392
48176 +42.137 -083.829
48177 +41.805 -083.582
48178 +42.444 -083.657
48179 +42.035 -083.255
48180 +42.225 -083.268
48182 +41.790 -083.584
48183 +42.131 -083.218
48184 +42.274 -083.396
48185 +42.334 -083.384
48186 +42.294 -083.371
48187 +42.326 -083.484
48188 +42.286 -083.487
48189 +42.410 -083.783
48190 +42.132 -083.603
48191 +42.121 -083.566
48192 +42.211 -083.157
48193 +42.174 -083.211
48195 +42.205 -083.206
48197 +42.194 -083.640
48198 +42.275 -083.586
48201 +42.347 -083.060
48202 +42.375 -083.078
48203 +42.421 -083.105
48204 +42.366 -083.143
48205 +42.433 -082.981
48206 +42.375 -083.108
48207 +42.349 -083.013
48208 +42.348 -083.092
48209 +42.306 -083.118
48210 +42.336 -083.129
48211 +42.382 -083.046
48212 +42.410 -083.056
48213 +42.398 -082.995
48214 +42.365 -082.988
48215 +42.375 -082.954
48216 +42.326 -083.079
48217 +42.278 -083.155
48218 +42.270 -083.132
48219 +42.425 -083.251
48220 +42.458 -083.135
48221 +42.427 -083.150
48223 +42.393 -083.246
48224 +42.411 -082.941
48225 +42.439 -082.930
48226 +42.332 -083.050
48227 +42.387 -083.193
48228 +42.355 -083.218
48229 +42.250 -083.140
48230 +42.382 -082.922
48233 +42.323 -083.063
48234 +42.431 -083.040
48235 +42.427 -083.195
48236 +42.423 -082.893
48237 +42.465 -083.182
48238 +42.396 -083.141
48239 +42.376 -083.286
48240 +42.424 -083.301
48242 +42.214 -083.356
48243 +42.330 -083.040
48301 +42.542 -083.282
48302 +42.582 -083.305
48304 +42.589 -083.233
48306 +42.724 -083.147
48307 +42.659 -083.123
48309 +42.657 -083.187
48310 +42.567 -083.067
48312 +42.558 -083.009
48313 +42.599 -082.997
48314 +42.612 -083.053
48315 +42.672 -082.997
48316 +42.690 -083.057
48317 +42.644 -083.052
48320 +42.612 -083.338
48322 +42.538 -083.385
48323 +42.571 -083.378
48324 +42.595 -083.394
48326 +42.688 -083.244
48327 +42.638 -083.411
48328 +42.650 -083.363
48329 +42.687 -083.389
48331 +42.502 -083.409
48334 +42.505 -083.349
48335 +42.463 -083.405
48336 +42.463 -083.348
48340 +42.672 -083.288
48341 +42.627 -083.291
48342 +42.644 -083.275
48346 +42.718 -083.429
48348 +42.769 -083.404
48350 +42.739 -083.531
48353 +42.646 -083.714
48356 +42.654 -083.593
48357 +42.659 -083.647
48359 +42.721 -083.275
48360 +42.747 -083.261
48362 +42.782 -083.269
48363 +42.772 -083.162
48367 +42.836 -083.137
48370 +42.840 -083.192
48371 +42.846 -083.285
48374 +42.474 -083.520
48375 +42.466 -083.464
48377 +42.505 -083.474
48380 +42.583 -083.667
48381 +42.558 -083.592
48382 +42.582 -083.511
48383 +42.656 -083.526
48386 +42.660 -083.480
48390 +42.551 -083.474
48393 +42.522 -083.545
48401 +43.347 -082.661
48410 +43.566 -082.936
48411 +42.934 -083.530
48412 +43.070 -083.176
48413 +43.803 -082.997
48414 +42.862 -084.080
48415 +43.272 -083.808
48416 +43.217 -082.985
48417 +43.261 -083.939
48418 +42.794 -083.970
48419 +43.436 -082.660
48420 +43.179 -083.701
48421 +43.155 -083.393
48422 +43.261 -082.654
48423 +43.040 -083.514
48426 +43.509 -083.065
48427 +43.536 -082.725
48428 +42.938 -083.154
48429 +42.903 -084.004
48430 +42.757 -083.738
48432 +43.902 -082.975
48433 +43.082 -083.861
48434 +43.660 -082.613
48435 +43.245 -083.359
48436 +42.876 -083.879
48437 +43.113 -083.618
48438 +42.914 -083.484
48439 +42.917 -083.631
48440 +42.956 -083.408
48441 +43.798 -082.709
48442 +42.799 -083.596
48444 +43.058 -083.045
48445 +43.950 -082.991
48446 +43.054 -083.339
48449 +42.991 -083.945
48450 +43.252 -082.541
48451 +42.806 -083.816
48453 +43.348 -083.033
48454 +43.195 -082.813
48455 +42.940 -083.291
48456 +43.667 -082.762
48457 +43.190 -083.894
48458 +43.125 -083.682
48460 +43.124 -083.984
48461 +43.194 -083.206
48462 +42.848 -083.421
48463 +43.166 -083.519
48464 +43.211 -083.419
48465 +43.616 -082.706
48466 +43.281 -082.809
48467 +44.015 -082.982
48468 +43.938 -082.775
48469 +43.441 -082.558
48470 +43.736 -082.764
48471 +43.419 -082.852
48472 +43.512 -082.963
48473 +42.937 -083.820
48475 +43.670 -082.933
48476 +42.938 -084.035
48502 +43.015 -083.689
48503 +42.999 -083.710
48504 +43.055 -083.744
48505 +43.069 -083.692
48506 +43.067 -083.624
48507 +42.967 -083.717
48509 +43.030 -083.601
48519 +42.982 -083.605
48529 +42.970 -083.659
48532 +43.011 -083.795
48601 +43.395 -083.889
48602 +43.420 -083.974
48603 +43.459 -084.029
48604 +43.500 -083.969
48607 +43.432 -083.934
48609 +43.390 -084.083
48610 +44.142 -084.192
48611 +43.634 -084.097
48612 +43.883 -084.439
48613 +43.948 -084.156
48614 +43.251 -084.298
48615 +43.422 -084.474
48616 +43.191 -084.113
48617 +43.851 -084.717
48618 +43.737 -084.557
48619 +44.820 -084.021
48620 +43.808 -084.380
48621 +44.721 -084.013
48622 +43.835 -084.891
48623 +43.519 -084.134
48624 +44.061 -084.457
48625 +44.052 -084.837
48626 +43.421 -084.221
48627 +44.462 -084.749
48628 +43.774 -084.324
48629 +44.312 -084.785
48630 +44.325 -084.773
48631 +43.689 -083.996
48632 +43.850 -085.023
48633 +43.949 -084.934
48634 +43.760 -084.036
48635 +44.387 -083.994
48636 +44.586 -084.286
48637 +43.414 -084.336
48638 +43.419 -084.018
48640 +43.582 -084.337
48642 +43.702 -084.235
48647 +44.651 -084.086
48649 +43.150 -084.217
48650 +43.849 -084.013
48651 +44.255 -084.615
48652 +43.849 -084.217
48653 +44.490 -084.606
48654 +44.477 -084.118
48655 +43.295 -084.160
48656 +44.355 -084.462
48657 +43.707 -084.423
48658 +43.975 -083.937
48659 +44.066 -084.051
48661 +44.318 -084.236
48662 +43.401 -084.417
48701 +43.587 -083.558
48703 +44.064 -083.676
48705 +44.695 -083.656
48706 +43.604 -083.955
48708 +43.557 -083.850
48710 +43.557 -083.988
48720 +43.832 -083.393
48721 +44.797 -083.329
48722 +43.347 -083.845
48723 +43.488 -083.385
48724 +43.458 -083.926
48725 +43.944 -083.210
48726 +43.607 -083.168
48727 +43.306 -083.181
48728 +44.744 -083.822
48729 +43.496 -083.174
48730 +44.349 -083.487
48731 +43.837 -083.152
48732 +43.612 -083.790
48733 +43.534 -083.593
48734 +43.358 -083.749
48735 +43.668 -083.271
48737 +44.550 -083.712
48738 +44.550 -083.336
48739 +44.370 -083.845
48740 +44.664 -083.372
48741 +43.402 -083.180
48742 +44.722 -083.446
48743 +44.441 -083.863
48744 +43.348 -083.359
48745 +44.564 -083.484
48746 +43.260 -083.541
48747 +43.519 -083.765
48748 +44.329 -083.698
48749 +44.054 -083.901
48750 +44.435 -083.473
48754 +43.733 -083.242
48755 +43.792 -083.246
48756 +44.234 -083.973
48757 +43.470 -083.676
48759 +43.730 -083.386
48760 +43.318 -083.253
48761 +44.511 -083.892
48762 +44.800 -083.497
48763 +44.246 -083.613
48765 +44.152 -083.718
48766 +44.110 -083.856
48767 +43.651 -083.463
48768 +43.370 -083.576
48770 +44.251 -083.814
48801 +43.378 -084.676
48806 +43.186 -084.495
48807 +43.150 -084.402
48808 +42.827 -084.453
48809 +43.075 -085.258
48811 +43.184 -084.856
48813 +42.573 -084.846
48815 +42.834 -085.259
48816 +42.765 -083.956
48817 +43.014 -084.043
48818 +43.273 -084.898
48819 +42.544 -084.293
48820 +42.864 -084.592
48821 +42.640 -084.651
48822 +42.835 -084.763
48823 +42.764 -084.460
48824 +42.722 -084.475
48825 +42.732 -084.490
48827 +42.508 -084.661
48829 +43.398 -085.015
48831 +43.096 -084.372
48832 +43.412 -084.777
48834 +43.129 -085.031
48835 +43.025 -084.749
48836 +42.669 -084.077
48837 +42.747 -084.771
48838 +43.183 -085.258
48840 +42.763 -084.379
48841 +43.112 -084.239
48842 +42.635 -084.539
48843 +42.576 -083.923
48845 +43.111 -084.853
48846 +42.986 -085.058
48847 +43.273 -084.576
48848 +42.881 -084.357
48849 +42.797 -085.128
48850 +43.435 -085.246
48851 +42.951 -084.936
48852 +43.353 -085.046
48853 +43.100 -084.689
48854 +42.582 -084.452
48855 +42.681 -083.897
48856 +43.197 -084.734
48857 +42.841 -084.156
48858 +43.616 -084.795
48859 +43.587 -084.773
48860 +43.053 -084.922
48861 +42.729 -084.916
48862 +43.250 -084.548
48864 +42.704 -084.392
48865 +43.091 -085.105
48866 +42.993 -084.383
48867 +43.006 -084.188
48870 +43.110 -084.985
48871 +43.157 -084.674
48872 +42.799 -084.223
48873 +43.007 -084.828
48874 +43.186 -084.595
48875 +42.861 -084.941
48876 +42.648 -084.733
48877 +43.404 -084.841
48878 +43.706 -084.780
48879 +43.007 -084.579
48880 +43.459 -084.578
48881 +42.933 -085.204
48883 +43.544 -084.674
48884 +43.210 -085.049
48885 +43.243 -085.148
48886 +43.416 -085.160
48888 +43.315 -085.106
48889 +43.285 -084.807
48890 +42.767 -084.966
48891 +43.395 -084.912
48892 +42.644 -084.170
48893 +43.687 -084.990
48894 +42.926 -084.793
48895 +42.689 -084.280
48896 +43.521 -084.901
48897 +42.704 -085.130
48906 +42.788 -084.589
48910 +42.697 -084.525
48911 +42.673 -084.573
48912 +42.738 -084.524
48915 +42.740 -084.571
48917 +42.725 -084.640
48933 +42.729 -084.556
49001 +42.265 -085.562
49002 +42.197 -085.556
49004 +42.349 -085.558
49006 +42.295 -085.629
49007 +42.303 -085.588
49008 +42.264 -085.613
49009 +42.304 -085.698
49010 +42.533 -085.871
49011 +42.099 -085.225
49012 +42.351 -085.345
49013 +42.302 -086.100
49014 +42.310 -085.107
49015 +42.278 -085.229
49017 +42.392 -085.201
49021 +42.460 -085.055
49022 +42.113 -086.373
49024 +42.207 -085.618
49026 +42.377 -085.963
49027 +42.350 -086.067
49028 +41.844 -085.180
49029 +42.141 -085.089
49030 +41.866 -085.339
49031 +41.904 -085.977
49032 +41.911 -085.523
49033 +42.228 -085.089
49034 +42.234 -085.331
49036 +41.905 -085.031
49037 +42.335 -085.249
49038 +42.203 -086.321
49040 +41.966 -085.323
49042 +41.859 -085.669
49043 +42.286 -086.269
49045 +42.102 -085.999
49046 +42.519 -085.388
49047 +42.005 -086.121
49048 +42.274 -085.493
49050 +42.504 -085.246
49051 +42.177 -085.237
49052 +42.121 -085.315
49053 +42.286 -085.411
49055 +42.368 -085.858
49056 +42.395 -086.066
49057 +42.184 -086.183
49058 +42.636 -085.300
49060 +42.424 -085.405
49061 +41.874 -085.815
49063 +42.410 -086.140
49064 +42.220 -086.050
49065 +42.138 -085.842
49066 +42.031 -085.344
49067 +42.024 -085.799
49068 +42.276 -084.941
49070 +42.539 -085.629
49071 +42.226 -085.776
49072 +42.013 -085.458
49073 +42.575 -085.126
49074 +42.320 -085.540
49075 +41.918 -085.449
49076 +42.429 -084.880
49078 +42.473 -085.733
49079 +42.240 -085.908
49080 +42.456 -085.588
49082 +41.941 -084.877
49083 +42.378 -085.461
49084 +42.180 -086.385
49085 +42.054 -086.463
49087 +42.125 -085.676
49088 +42.180 -085.423
49089 +42.001 -085.234
49090 +42.407 -086.215
49091 +41.828 -085.448
49092 +42.094 -084.963
49093 +41.976 -085.647
49094 +42.050 -085.114
49095 +41.906 -085.886
49096 +42.637 -085.007
49097 +42.122 -085.487
49098 +42.164 -086.240
49099 +41.793 -085.672
49101 +41.944 -086.483
49102 +41.949 -086.252
49103 +41.946 -086.376
49104 +41.964 -086.359
49106 +41.938 -086.555
49107 +41.845 -086.418
49111 +42.023 -086.291
49112 +41.796 -086.031
49113 +41.803 -086.501
49115 +41.875 -086.634
49116 +41.848 -086.672
49117 +41.782 -086.727
49119 +41.876 -086.549
49120 +41.832 -086.231
49125 +41.892 -086.579
49126 +42.033 -086.372
49127 +42.000 -086.522
49128 +41.820 -086.600
49129 +41.816 -086.686
49130 +41.774 -085.860
49201 +42.312 -084.456
49202 +42.267 -084.411
49203 +42.221 -084.402
49220 +41.999 -084.337
49221 +41.902 -084.065
49224 +42.280 -084.747
49227 +41.950 -084.773
49228 +41.809 -083.876
49229 +41.992 -083.826
49230 +42.090 -084.217
49232 +41.740 -084.665
49233 +42.062 -084.367
49234 +42.127 -084.369
49235 +41.864 -084.201
49236 +42.076 -083.942
49237 +42.173 -084.648
49238 +41.902 -083.786
49240 +42.272 -084.180
49241 +42.108 -084.603
49242 +41.886 -084.623
49245 +42.139 -084.812
49246 +42.123 -084.504
49247 +41.838 -084.338
49248 +41.756 -084.011
49249 +42.029 -084.455
49250 +42.022 -084.626
49251 +42.463 -084.413
49252 +42.035 -084.765
49253 +41.962 -084.269
49254 +42.226 -084.324
49255 +41.768 -084.863
49256 +41.747 -084.214
49258 +42.060 -084.658
49259 +42.383 -084.256
49261 +42.163 -084.247
49262 +41.964 -084.468
49263 +42.158 -084.182
49264 +42.446 -084.555
49265 +42.007 -084.175
49266 +41.840 -084.547
49267 +41.757 -083.719
49268 +41.869 -083.929
49269 +42.288 -084.580
49270 +41.874 -083.681
49271 +41.832 -084.453
49272 +42.395 -084.351
49274 +41.847 -084.760
49276 +41.795 -083.777
49277 +42.389 -084.469
49279 +41.780 -084.104
49282 +42.033 -084.401
49283 +42.201 -084.556
49284 +42.382 -084.691
49285 +42.463 -084.210
49286 +42.009 -083.930
49287 +42.023 -084.073
49288 +41.734 -084.430
49289 +41.771 -084.107
49301 +42.973 -085.477
49302 +42.822 -085.402
49303 +43.272 -085.861
49304 +43.908 -085.873
49305 +43.752 -085.151
49306 +43.075 -085.566
49307 +43.698 -085.483
49309 +43.760 -085.877
49310 +43.514 -085.047
49312 +43.686 -085.784
49315 +42.804 -085.742
49316 +42.794 -085.550
49318 +43.227 -085.820
49319 +43.230 -085.528
49320 +43.755 -085.288
49321 +43.074 -085.682
49322 +43.356 -085.351
49323 +42.729 -085.791
49325 +42.761 -085.302
49326 +43.254 -085.317
49327 +43.324 -085.845
49328 +42.634 -085.758
49329 +43.407 -085.495
49330 +43.242 -085.737
49331 +42.950 -085.352
49332 +43.621 -085.242
49333 +42.695 -085.464
49335 +42.746 -085.669
49336 +43.508 -085.436
49337 +43.423 -085.719
49338 +43.772 -085.602
49339 +43.331 -085.496
49340 +43.618 -085.111
49341 +43.124 -085.491
49342 +43.690 -085.316
49343 +43.300 -085.526
49344 +42.590 -085.591
49345 +43.154 -085.705
49346 +43.595 -085.421
49347 +43.312 -085.345
49348 +42.685 -085.610
49349 +43.575 -085.749
49401 +42.978 -085.959
49402 +43.941 -086.018
49403 +43.141 -085.858
49404 +43.063 -085.952
49405 +43.907 -086.190
49406 +42.641 -086.211
49408 +42.572 -086.116
49409 +43.081 -086.218
49410 +44.027 -086.149
49411 +44.115 -086.257
49412 +43.470 -085.946
49415 +43.151 -086.114
49417 +43.009 -086.152
49418 +42.878 -085.768
49419 +42.677 -085.980
49420 +43.720 -086.282
49421 +43.600 -086.069
49423 +42.739 -086.085
49424 +42.833 -086.130
49425 +43.450 -086.111
49426 +42.863 -085.888
49428 +42.920 -085.836
49430 +43.012 -085.900
49431 +43.965 -086.409
49434 +42.770 -086.208
49435 +43.024 -085.835
49436 +43.687 -086.469
49437 +43.464 -086.385
49440 +43.237 -086.253
49441 +43.180 -086.287
49442 +43.242 -086.136
49443 +43.222 -086.242
49444 +43.177 -086.200
49445 +43.293 -086.294
49446 +43.540 -086.378
49448 +43.094 -086.072
49449 +43.794 -086.389
49450 +42.478 -086.075
49451 +43.213 -085.968
49452 +43.515 -086.255
49453 +42.661 -086.179
49454 +43.946 -086.285
49455 +43.610 -086.378
49456 +43.091 -086.206
49457 +43.351 -086.145
49458 +43.948 -086.115
49459 +43.736 -086.096
49460 +42.932 -086.151
49461 +43.377 -086.331
49464 +42.845 -085.985
49503 +42.962 -085.659
49504 +42.982 -085.711
49505 +42.996 -085.638
49506 +42.946 -085.614
49507 +42.931 -085.655
49508 +42.873 -085.628
49509 +42.898 -085.693
49512 +42.880 -085.553
49519 +42.896 -085.720
49525 +43.022 -085.592
49534 +42.964 -085.787
49544 +43.039 -085.747
49546 +42.933 -085.536
49548 +42.868 -085.663
49601 +44.243 -085.540
49611 +44.980 -084.979
49612 +44.863 -085.225
49613 +44.506 -086.207
49614 +44.446 -086.112
49615 +44.965 -085.207
49616 +44.580 -086.090
49617 +44.642 -086.032
49618 +44.303 -085.590
49619 +44.293 -085.991
49620 +44.516 -085.686
49621 +44.858 -085.770
49622 +45.075 -085.267
49623 +43.909 -085.692
49625 +44.433 -085.858
49626 +44.243 -086.293
49627 +45.112 -085.359
49628 +44.621 -086.234
49629 +44.919 -085.390
49630 +44.841 -086.046
49631 +43.917 -085.259
49632 +44.239 -084.968
49633 +44.562 -085.185
49634 +44.215 -086.289
49635 +44.626 -086.193
49636 +44.891 -085.965
49637 +44.636 -085.711
49638 +44.287 -085.756
49639 +43.847 -085.409
49640 +44.724 -086.047
49642 +43.904 -085.784
49643 +44.640 -085.829
49644 +44.112 -085.918
49645 +44.372 -086.025
49646 +44.720 -085.036
49648 +44.998 -085.339
49649 +44.563 -085.525
49650 +44.740 -085.887
49651 +44.399 -085.106
49653 +44.974 -085.724
49654 +45.010 -086.136
49655 +44.025 -085.432
49656 +44.056 -085.697
49657 +44.215 -085.184
49659 +44.906 -085.034
49660 +44.234 -086.211
49663 +44.423 -085.394
49664 +44.888 -085.899
49665 +44.100 -085.132
49667 +44.346 -084.931
49668 +44.402 -085.713
49670 +45.119 -085.620
49674 +45.048 -085.592
49675 +44.384 -086.225
49676 +44.843 -085.294
49677 +43.896 -085.535
49679 +43.878 -085.159
49680 +44.648 -085.241
49682 +44.988 -085.647
49683 +44.541 -085.927
49684 +44.762 -085.685
49685 +44.700 -085.701
49686 +44.849 -085.543
49688 +44.127 -085.440
49689 +44.211 -085.911
49690 +44.784 -085.395
49696 +44.674 -085.487
49701 +45.742 -084.741
49705 +45.349 -084.463
49706 +45.438 -084.779
49707 +45.094 -083.476
49709 +45.044 -084.171
49710 +46.276 -084.177
49712 +45.211 -085.011
49713 +45.221 -084.845
49715 +46.401 -084.692
49716 +45.509 -084.750
49717 +45.426 -084.687
49718 +45.717 -084.843
49719 +45.991 -084.322
49720 +45.281 -085.245
49721 +45.574 -084.455
49722 +45.421 -084.865
49724 +46.328 -084.390
49725 +45.986 -083.989
49726 +46.004 -083.615
49727 +45.138 -085.109
49728 +46.387 -085.025
49729 +45.164 -085.293
49730 +45.044 -084.868
49733 +44.794 -084.731
49735 +44.998 -084.670
49736 +46.088 -084.138
49738 +44.692 -084.595
49740 +45.522 -084.991
49743 +45.267 -083.893
49744 +44.993 -083.657
49745 +46.021 -084.528
49746 +45.063 -083.951
49747 +44.836 -083.630
49748 +46.372 -085.166
49749 +45.422 -084.585
49751 +44.983 -084.430
49752 +46.264 -084.418
49753 +45.017 -083.777
49755 +45.643 -084.828
49756 +44.815 -084.276
49757 +45.860 -084.626
49759 +45.417 -084.096
49760 +46.048 -084.847
49762 +46.116 -085.285
49764 +45.424 -084.828
49765 +45.338 -084.259
49766 +44.908 -083.432
49768 +46.640 -085.118
49769 +45.571 -084.862
49770 +45.331 -084.897
49774 +46.166 -084.299
49775 +45.771 -084.478
49776 +45.232 -083.680
49777 +45.286 -083.480
49779 +45.394 -083.844
49780 +46.209 -084.686
49781 +45.948 -084.766
49782 +45.619 -085.544
49783 +46.417 -084.289
49784 +46.258 -084.455
49788 +46.264 -084.470
49791 +45.481 -084.599
49793 +46.215 -085.047
49795 +45.161 -084.580
49796 +45.272 -084.948
49799 +45.262 -084.580
49801 +45.927 -088.016
49802 +45.801 -088.082
49805 +47.361 -088.402
49806 +46.452 -086.901
49807 +45.699 -087.293
49808 +46.823 -087.853
49812 +45.592 -087.503
49814 +46.568 -087.954
49815 +46.189 -087.947
49816 +46.279 -086.909
49817 +45.949 -086.505
49818 +45.982 -087.349
49820 +46.190 -085.654
49821 +45.520 -087.620
49822 +46.434 -087.025
49825 +46.358 -086.973
49826 +46.323 -087.053
49827 +46.181 -085.530
49829 +45.774 -087.136
49831 +46.057 -087.729
49833 +46.268 -087.295
49834 +45.969 -087.705
49835 +45.736 -086.563
49836 +46.202 -085.903
49837 +45.869 -087.079
49838 +46.032 -085.737
49839 +46.598 -086.146
49840 +46.175 -086.055
49841 +46.267 -087.500
49847 +45.705 -087.636
49848 +45.379 -087.636
49849 +46.426 -087.771
49852 +45.786 -087.817
49853 +46.368 -085.751
49854 +46.076 -086.346
49855 +46.561 -087.451
49858 +45.222 -087.548
49861 +46.569 -088.175
49862 +46.399 -086.727
49863 +45.613 -087.552
49864 +45.842 -086.650
49866 +46.416 -087.585
49868 +46.511 -085.518
49870 +45.867 -087.879
49871 +46.425 -087.539
49872 +46.018 -087.082
49873 +45.827 -087.487
49874 +45.754 -087.469
49876 +45.802 -087.977
49877 +46.159 -087.712
49878 +45.947 -086.878
49879 +46.340 -088.065
49880 +46.111 -087.222
49881 +46.073 -088.047
49883 +46.411 -086.008
49884 +46.416 -086.357
49885 +46.338 -087.198
49886 +45.697 -087.494
49887 +45.392 -087.732
49891 +46.217 -087.015
49892 +45.777 -087.792
49893 +45.297 -087.605
49894 +45.783 -087.076
49895 +46.171 -086.662
49896 +45.689 -087.389
49901 +47.293 -088.393
49902 +46.051 -088.376
49903 +46.337 -088.483
49905 +47.110 -088.708
49908 +46.758 -088.563
49910 +46.630 -089.531
49911 +46.499 -090.058
49912 +46.497 -089.194
49913 +47.239 -088.452
49915 +46.065 -088.627
49916 +46.984 -088.586
49917 +47.281 -088.359
49918 +47.440 -087.830
49919 +46.515 -088.435
49920 +46.138 -088.302
49921 +47.091 -088.580
49922 +47.124 -088.490
49925 +46.544 -089.375
49927 +46.033 -088.547
49929 +46.799 -089.096
49930 +47.203 -088.576
49931 +47.185 -088.641
49934 +47.166 -088.439
49935 +46.176 -088.752
49938 +46.526 -090.130
49942 +47.261 -088.417
49945 +47.148 -088.337
49946 +46.728 -088.333
49947 +46.413 -089.607
49948 +46.752 -088.998
49950 +47.386 -088.134
49952 +46.701 -088.785
49953 +46.786 -089.427
49955 +47.006 -088.695
49958 +46.815 -088.663
49959 +46.470 -089.998
49960 +46.712 -089.258
49961 +46.450 -088.702
49962 +46.839 -088.131
49963 +47.049 -088.640
49965 +46.955 -088.860
49967 +46.507 -088.966
49968 +46.503 -089.890
49969 +46.252 -089.211
49970 +46.523 -088.600
49971 +46.710 -089.629
50001 +41.353 -093.439
50002 +41.515 -094.648
50003 +41.611 -094.043
50005 +42.132 -093.035
50006 +42.508 -093.402
50007 +41.804 -093.600
50008 +40.673 -093.386
50009 +41.643 -093.460
50010 +42.031 -093.588
50012 +42.030 -093.650
50013 +42.015 -093.658
50014 +42.047 -093.695
50020 +41.427 -094.750
50021 +41.724 -093.565
50022 +41.416 -095.006
50023 +41.727 -093.631
50025 +41.756 -094.920
50026 +41.858 -094.450
50027 +41.482 -092.469
50028 +41.807 -093.154
50029 +41.829 -094.556
50031 +42.039 -094.140
50032 +41.666 -093.543
50033 +41.360 -093.794
50034 +42.543 -093.647
50035 +41.724 -093.458
50036 +42.085 -093.850
50038 +41.525 -093.903
50039 +41.830 -094.015
50040 +42.174 -094.101
50041 +42.634 -093.247
50042 +41.534 -094.905
50044 +41.204 -092.905
50046 +41.888 -093.519
50047 +41.475 -093.467
50048 +41.512 -094.520
50049 +41.034 -093.295
50050 +42.159 -094.504
50051 +42.135 -093.141
50052 +40.643 -093.444
50054 +41.688 -093.232
50055 +41.885 -093.280
50056 +42.021 -093.296
50057 +41.180 -093.134
50058 +41.856 -094.691
50060 +40.755 -093.320
50061 +41.476 -093.798
50062 +41.235 -093.245
50063 +41.696 -093.940
50064 +42.104 -094.223
50065 +40.612 -093.774
50066 +41.798 -094.233
50067 +40.693 -093.883
50068 +40.948 -093.466
50069 +41.521 -094.030
50070 +41.446 -094.233
50071 +42.649 -093.505
50072 +41.471 -094.123
50073 +41.792 -093.524
50074 +40.866 -094.080
50075 +42.325 -093.565
50076 +41.592 -094.842
50078 +41.939 -092.863
50101 +42.667 -093.634
50102 +42.246 -093.400
50103 +40.795 -093.609
50104 +41.495 -092.388
50105 +42.118 -093.639
50106 +41.881 -092.806
50107 +42.036 -094.219
50108 +40.825 -093.966
50109 +41.771 -093.801
50110 +41.844 -094.986
50111 +41.692 -093.802
50112 +41.733 -092.713
50115 +41.683 -094.562
50116 +41.178 -092.982
50117 +41.680 -094.791
50118 +41.460 -093.379
50119 +41.313 -092.940
50120 +41.934 -092.983
50122 +42.299 -093.308
50123 +40.834 -093.514
50124 +41.885 -093.604
50125 +41.335 -093.585
50126 +42.511 -093.255
50127 +41.781 -093.211
50128 +41.856 -094.300
50129 +42.013 -094.377
50130 +42.303 -093.669
50131 +41.697 -093.721
50132 +42.394 -093.683
50133 +40.718 -094.082
50134 +41.940 -093.674
50135 +41.745 -092.896
50136 +41.470 -092.293
50137 +41.610 -092.922
50138 +41.303 -093.108
50139 +41.194 -093.358
50140 +40.634 -093.993
50141 +41.868 -092.950
50142 +42.006 -092.776
50143 +41.342 -092.805
50144 +40.733 -093.737
50145 +41.204 -093.485
50146 +41.680 -094.249
50147 +40.618 -093.548
50148 +42.181 -092.996
50149 +41.150 -094.095
50150 +41.126 -092.975
50151 +41.079 -093.489
50152 +41.969 -093.818
50153 +41.574 -092.807
50154 +42.176 -093.391
50155 +41.211 -094.199
50156 +41.898 -093.801
50157 +41.740 -092.563
50158 +42.050 -092.901
50160 +41.374 -093.739
50161 +41.842 -093.397
50162 +41.928 -093.063
50163 +41.222 -093.241
50164 +41.500 -094.433
50165 +40.851 -093.308
50166 +41.283 -093.431
50167 +41.745 -094.049
50168 +41.788 -093.279
50169 +41.655 -093.352
50170 +41.530 -093.116
50171 +41.584 -092.525
50173 +41.965 -092.713
50174 +41.034 -093.982
50201 +42.033 -093.444
50206 +42.246 -093.202
50207 +41.432 -092.638
50208 +41.711 -093.040
50210 +41.195 -093.698
50211 +41.455 -093.706
50212 +42.036 -094.066
50213 +41.033 -093.765
50214 +41.469 -093.056
50216 +41.697 -094.355
50217 +42.184 -094.252
50218 +41.348 -093.878
50219 +41.421 -092.897
50220 +41.836 -094.121
50222 +41.216 -093.960
50223 +42.174 -094.038
50225 +41.381 -093.275
50226 +41.796 -093.702
50227 +42.594 -093.428
50228 +41.569 -093.245
50229 +41.379 -093.775
50230 +42.303 -093.453
50231 +42.238 -093.603
50232 +41.557 -092.970
50233 +41.612 -094.211
50234 +41.888 -093.181
50235 +41.932 -094.225
50236 +42.178 -093.490
50237 +41.545 -093.371
50238 +40.964 -093.183
50239 +42.143 -093.203
50240 +41.297 -093.793
50241 +41.308 -093.734
50242 +41.561 -092.694
50243 +41.865 -093.697
50244 +41.851 -093.651
50246 +42.289 -093.781
50247 +42.018 -093.166
50248 +42.191 -093.614
50249 +42.275 -093.903
50250 +41.482 -094.347
50251 +41.567 -092.869
50252 +41.457 -093.320
50254 +40.991 -094.059
50255 +41.456 -092.332
50256 +41.260 -092.905
50257 +41.183 -093.863
50258 +42.224 -093.073
50261 +41.475 -093.921
50262 +40.862 -093.819
50263 +41.604 -093.880
50264 +40.892 -093.710
50265 +41.543 -093.751
50266 +41.563 -093.815
50268 +41.407 -092.362
50269 +42.264 -093.011
50271 +42.484 -093.545
50272 +41.088 -093.257
50273 +41.326 -094.049
50274 +41.383 -094.861
50275 +41.044 -093.589
50276 +41.860 -093.923
50277 +41.780 -094.341
50278 +42.156 -093.301
50309 +41.584 -093.622
50310 +41.628 -093.673
50311 +41.601 -093.673
50312 +41.577 -093.682
50313 +41.657 -093.625
50314 +41.605 -093.631
50315 +41.545 -093.619
50316 +41.609 -093.600
50317 +41.618 -093.549
50319 +41.591 -093.603
50320 +41.531 -093.572
50321 +41.535 -093.662
50322 +41.634 -093.734
50323 +41.636 -093.819
50324 +41.605 -093.713
50325 +41.614 -093.799
50327 +41.586 -093.488
50401 +43.154 -093.200
50420 +42.806 -093.457
50421 +42.843 -093.623
50423 +43.118 -093.814
50424 +43.403 -093.942
50426 +43.415 -093.017
50427 +42.836 -093.221
50428 +43.140 -093.391
50430 +42.977 -093.957
50431 +42.736 -093.370
50432 +43.224 -093.798
50433 +42.928 -093.048
50434 +43.257 -093.449
50435 +43.158 -092.769
50436 +43.259 -093.686
50438 +43.112 -093.619
50439 +42.945 -093.626
50440 +43.332 -093.069
50441 +42.740 -093.221
50444 +43.297 -093.384
50446 +43.334 -093.450
50447 +42.931 -093.798
50448 +43.350 -093.241
50449 +43.002 -093.547
50450 +43.421 -093.522
50451 +43.378 -094.091
50452 +42.781 -093.367
50453 +43.363 -093.647
50454 +43.385 -092.739
50455 +43.457 -092.650
50456 +43.291 -093.216
50457 +42.914 -093.493
50458 +43.159 -093.012
50459 +43.457 -093.251
50460 +43.226 -092.690
50461 +43.306 -092.819
50464 +43.251 -093.077
50465 +43.487 -093.911
50466 +43.387 -092.538
50467 +43.209 -093.066
50468 +43.032 -092.947
50469 +42.999 -093.197
50470 +42.747 -093.554
50471 +43.165 -092.878
50472 +43.407 -092.935
50473 +43.466 -093.667
50475 +42.882 -093.214
50476 +43.447 -092.764
50477 +42.987 -093.327
50478 +43.407 -093.784
50479 +42.941 -093.408
50480 +43.250 -094.059
50482 +43.125 -093.485
50483 +43.112 -093.997
50484 +43.238 -093.906
50501 +42.492 -094.187
50510 +42.759 -094.986
50511 +43.075 -094.219
50514 +43.415 -094.472
50515 +43.017 -094.886
50516 +42.624 -094.137
50517 +43.305 -094.234
50518 +42.512 -094.382
50519 +42.903 -094.265
50520 +42.809 -094.398
50521 +42.346 -094.103
50522 +43.186 -094.186
50523 +42.368 -094.294
50524 +42.594 -094.359
50525 +42.736 -093.747
50527 +42.969 -094.792
50528 +43.137 -094.540
50529 +42.722 -094.201
50530 +42.270 -094.040
50531 +43.454 -094.610
50532 +42.460 -094.001
50533 +42.652 -093.911
50535 +42.453 -095.164
50536 +43.117 -094.695
50538 +42.284 -094.432
50539 +43.235 -094.418
50540 +42.598 -094.840
50541 +42.710 -094.452
50542 +42.783 -093.943
50543 +42.274 -094.307
50544 +42.254 -094.170
50545 +42.797 -094.081
50546 +42.844 -094.708
50548 +42.714 -094.223
50551 +42.482 -094.755
50552 +42.456 -094.461
50554 +42.846 -094.840
50556 +43.455 -094.197
50557 +42.361 -094.044
50558 +42.861 -094.164
50559 +43.209 -094.325
50560 +42.956 -094.104
50561 +42.418 -094.851
50562 +42.962 -094.642
50563 +42.528 -094.525
50565 +42.857 -095.001
50566 +42.438 -094.324
50567 +42.524 -095.081
50568 +42.633 -095.004
50569 +42.404 -094.134
50570 +42.895 -094.367
50571 +42.635 -094.581
50573 +42.877 -094.623
50574 +42.719 -094.700
50575 +42.559 -094.701
50576 +42.803 -095.177
50577 +42.858 -093.979
50578 +43.307 -094.550
50579 +42.394 -094.634
50581 +42.843 -094.550
50582 +42.793 -094.294
50583 +42.433 -094.986
50585 +42.918 -095.142
50586 +42.412 -094.426
50588 +42.655 -095.162
50590 +43.407 -094.304
50591 +42.677 -094.055
50592 +42.729 -095.183
50593 +42.658 -094.898
50594 +42.586 -094.040
50595 +42.461 -093.823
50597 +42.975 -094.452
50598 +43.080 -094.418
50599 +42.579 -093.823
50601 +42.568 -093.060
50602 +42.742 -092.806
50603 +43.189 -092.458
50604 +42.602 -092.896
50605 +42.836 -093.033
50606 +42.747 -091.691
50607 +42.603 -091.749
50608 +42.588 -092.961
50609 +42.228 -092.809
50611 +42.819 -092.911
50612 +42.285 -092.387
50613 +42.531 -092.486
50616 +43.081 -092.659
50619 +42.799 -092.663
50620 +43.157 -092.591
50621 +42.247 -092.919
50622 +42.674 -092.333
50623 +42.527 -092.210
50624 +42.469 -092.659
50625 +42.748 -092.988
50626 +42.584 -092.171
50627 +42.350 -093.094
50628 +43.273 -092.394
50629 +42.649 -092.072
50630 +42.958 -092.214
50631 +42.885 -092.310
50632 +42.075 -092.696
50633 +42.675 -093.127
50634 +42.418 -092.214
50635 +42.202 -092.697
50636 +42.894 -092.809
50638 +42.357 -092.795
50641 +42.592 -091.919
50642 +42.440 -092.816
50643 +42.358 -092.464
50644 +42.478 -091.898
50645 +43.020 -092.444
50647 +42.651 -092.497
50648 +42.453 -092.093
50649 +42.662 -092.910
50650 +42.618 -091.656
50651 +42.325 -092.202
50652 +42.265 -092.692
50653 +42.969 -092.886
50654 +42.407 -091.574
50655 +42.766 -091.892
50657 +42.345 -092.674
50658 +42.950 -092.538
50659 +43.096 -092.329
50660 +42.577 -092.642
50662 +42.689 -091.937
50664 +42.707 -092.072
50665 +42.581 -092.772
50666 +42.854 -092.503
50667 +42.470 -092.226
50668 +42.693 -092.229
50669 +42.339 -092.615
50670 +42.678 -092.616
50671 +42.650 -091.796
50672 +42.426 -093.072
50673 +42.525 -092.711
50674 +42.838 -092.115
50675 +42.198 -092.512
50676 +42.799 -092.280
50677 +42.767 -092.440
50680 +42.445 -092.917
50681 +42.778 -092.009
50682 +42.450 -091.695
50701 +42.418 -092.345
50702 +42.462 -092.314
50703 +42.548 -092.286
50707 +42.477 -092.282
50801 +41.079 -094.402
50830 +41.023 -094.190
50831 +40.951 -094.222
50833 +40.671 -094.701
50835 +40.706 -094.376
50836 +40.632 -094.497
50837 +41.220 -094.691
50839 +41.049 -094.822
50840 +40.790 -094.483
50841 +41.009 -094.769
50842 +41.040 -094.462
50843 +41.237 -094.885
50845 +40.815 -094.352
50846 +41.309 -094.576
50847 +41.142 -094.984
50848 +40.792 -094.764
50849 +41.295 -094.405
50851 +40.909 -094.537
50853 +41.237 -094.768
50854 +40.679 -094.213
50857 +40.935 -094.880
50858 +41.211 -094.410
50859 +41.067 -094.597
50860 +40.617 -094.348
50861 +40.908 -094.256
50862 +40.812 -094.648
50863 +40.848 -094.176
50864 +40.970 -094.978
51001 +42.841 -096.546
51002 +42.702 -095.319
51003 +42.990 -095.986
51004 +42.380 -095.918
51005 +42.724 -095.419
51006 +42.310 -095.611
51007 +42.402 -096.189
51008 +42.811 -096.267
51009 +42.945 -095.551
51010 +42.098 -095.938
51011 +42.916 -096.514
51012 +42.745 -095.560
51014 +42.788 -095.707
51015 +42.339 -096.081
51016 +42.472 -095.805
51018 +42.450 -095.681
51019 +42.277 -095.720
51020 +42.515 -095.410
51022 +42.978 -095.847
51023 +43.007 -096.463
51024 +42.626 -096.263
51025 +42.498 -095.556
51026 +42.256 -096.068
51027 +42.966 -096.328
51028 +42.597 -095.988
51029 +42.885 -095.541
51030 +42.498 -096.188
51031 +42.803 -096.186
51033 +42.919 -095.252
51034 +42.163 -095.790
51035 +42.781 -095.801
51036 +42.970 -096.190
51037 +42.826 -095.643
51038 +42.703 -096.317
51039 +42.449 -096.050
51040 +42.033 -096.069
51041 +43.024 -096.077
51044 +42.306 -095.918
51045 +42.820 -096.058
51046 +42.962 -095.678
51047 +42.942 -095.370
51048 +42.551 -095.841
51049 +42.630 -095.644
51050 +42.800 -095.948
51051 +42.206 -095.965
51052 +42.308 -096.266
51053 +42.495 -095.287
51054 +42.381 -096.335
51055 +42.208 -096.260
51056 +42.241 -095.956
51058 +42.989 -095.477
51060 +42.042 -095.684
51061 +42.580 -095.725
51062 +42.698 -096.535
51063 +42.133 -096.191
51101 +42.494 -096.394
51103 +42.520 -096.449
51104 +42.535 -096.403
51105 +42.508 -096.366
51106 +42.463 -096.313
51108 +42.566 -096.353
51109 +42.610 -096.470
51111 +42.419 -096.393
51201 +43.182 -095.866
51230 +43.356 -096.322
51231 +43.106 -095.741
51232 +43.295 -095.810
51234 +43.192 -096.019
51235 +43.295 -096.215
51237 +43.336 -096.001
51238 +43.074 -095.892
51239 +43.204 -096.147
51240 +43.309 -096.458
51241 +43.451 -096.462
51242 +43.432 -096.338
51243 +43.441 -095.897
51244 +43.244 -095.934
51245 +43.078 -095.601
51246 +43.429 -096.165
51247 +43.194 -096.338
51248 +43.204 -095.659
51249 +43.407 -095.731
51250 +43.091 -096.206
51301 +43.153 -095.150
51331 +43.360 -095.131
51333 +43.137 -095.001
51334 +43.404 -094.804
51338 +43.205 -095.319
51340 +43.240 -095.156
51341 +43.018 -095.036
51342 +43.248 -094.737
51343 +43.018 -095.128
51345 +43.422 -095.437
51346 +43.191 -095.454
51347 +43.422 -095.318
51350 +43.308 -095.598
51351 +43.315 -095.184
51354 +43.412 -095.543
51355 +43.389 -095.140
51357 +43.062 -095.288
51358 +43.130 -094.894
51360 +43.434 -095.086
51363 +43.434 -094.947
51364 +43.299 -094.963
51365 +43.310 -094.733
51366 +42.961 -095.003
51401 +42.065 -094.870
51430 +42.090 -095.027
51431 +42.344 -095.351
51432 +41.910 -095.138
51433 +42.267 -094.875
51436 +42.189 -095.005
51439 +42.083 -095.589
51440 +41.912 -094.814
51441 +42.113 -095.315
51442 +42.031 -095.357
51443 +42.070 -094.697
51444 +42.012 -094.974
51445 +42.328 -095.468
51446 +41.777 -095.193
51447 +41.721 -095.192
51448 +42.205 -095.310
51449 +42.266 -094.734
51450 +42.316 -095.021
51451 +42.185 -094.695
51452 +42.122 -094.784
51453 +42.262 -094.546
51454 +41.885 -095.191
51455 +41.908 -095.057
51458 +42.326 -095.235
51459 +42.045 -094.638
51460 +42.132 -095.571
51461 +42.174 -095.474
51462 +42.014 -094.557
51463 +41.907 -094.913
51465 +42.087 -095.201
51466 +42.247 -095.100
51467 +42.072 -095.107
51501 +41.227 -095.878
51503 +41.223 -095.784
51510 +41.289 -095.917
51520 +41.969 -095.459
51521 +41.485 -095.345
51523 +41.915 -096.068
51525 +41.234 -095.420
51526 +41.374 -095.872
51527 +41.840 -095.337
51528 +41.909 -095.501
51529 +41.860 -095.643
51530 +41.787 -095.430
51531 +41.587 -095.088
51532 +41.138 -095.109
51533 +41.039 -095.378
51534 +41.041 -095.718
51535 +41.226 -095.127
51536 +41.384 -095.373
51537 +41.650 -095.297
51540 +41.024 -095.498
51541 +41.139 -095.416
51542 +41.440 -095.832
51543 +41.658 -095.073
51544 +41.314 -095.103
51545 +41.851 -096.015
51546 +41.637 -095.766
51548 +41.317 -095.636
51549 +41.186 -095.467
51550 +41.692 -095.874
51551 +40.991 -095.588
51552 +41.486 -095.114
51553 +41.415 -095.547
51554 +41.145 -095.681
51555 +41.560 -095.915
51556 +41.643 -096.040
51557 +41.734 -096.006
51558 +41.916 -095.881
51559 +41.455 -095.643
51560 +41.314 -095.401
51561 +41.005 -095.810
51562 +41.725 -095.493
51563 +41.571 -095.586
51564 +41.810 -095.923
51565 +41.643 -095.524
51566 +41.015 -095.230
51570 +41.528 -095.465
51571 +41.142 -095.617
51572 +41.984 -095.808
51573 +40.979 -095.095
51575 +41.240 -095.602
51576 +41.383 -095.715
51577 +41.464 -095.204
51578 +41.720 -095.395
51579 +41.762 -095.719
51601 +40.736 -095.347
51630 +40.601 -095.194
51631 +40.591 -095.010
51632 +40.746 -095.047
51636 +40.667 -095.235
51637 +40.620 -095.118
51638 +40.837 -095.266
51639 +40.720 -095.466
51640 +40.626 -095.661
51645 +40.882 -095.423
51646 +40.748 -094.874
51647 +40.605 -095.345
51648 +40.739 -095.800
51649 +40.850 -095.527
51650 +40.678 -095.550
51651 +40.657 -095.035
51652 +40.773 -095.623
51653 +40.878 -095.682
51654 +40.835 -095.782
51656 +40.735 -095.154
52001 +42.548 -090.694
52002 +42.525 -090.772
52003 +42.431 -090.670
52030 +42.153 -090.592
52031 +42.253 -090.486
52032 +42.290 -090.840
52033 +42.279 -091.002
52035 +42.671 -091.181
52036 +42.473 -091.341
52037 +41.967 -090.634
52038 +42.587 -091.561
52039 +42.538 -090.857
52040 +42.504 -091.142
52041 +42.506 -091.255
52042 +42.679 -091.360
52043 +42.834 -091.426
52044 +42.768 -091.323
52045 +42.455 -090.931
52046 +42.440 -091.012
52047 +42.969 -091.342
52048 +42.737 -091.256
52049 +42.886 -091.199
52050 +42.610 -091.327
52052 +42.742 -091.117
52053 +42.607 -090.964
52054 +42.306 -090.628
52056 +42.604 -091.073
52057 +42.491 -091.453
52060 +42.101 -090.680
52064 +42.094 -090.311
52065 +42.584 -091.102
52066 +42.686 -090.964
52068 +42.424 -090.811
52069 +42.061 -090.430
52070 +42.084 -090.208
52071 +42.362 -090.542
52072 +42.920 -091.380
52073 +42.619 -090.822
52074 +42.110 -090.462
52075 +42.166 -090.479
52076 +42.697 -091.510
52077 +42.821 -091.563
52078 +42.396 -091.116
52079 +42.288 -090.719
52101 +43.366 -091.773
52132 +43.211 -091.928
52133 +43.109 -091.661
52134 +43.472 -092.401
52135 +43.021 -091.663
52136 +43.371 -092.112
52140 +43.446 -091.535
52141 +42.931 -091.641
52142 +42.826 -091.798
52144 +43.140 -091.961
52146 +43.176 -091.206
52147 +42.945 -091.959
52151 +43.346 -091.265
52154 +43.118 -092.165
52155 +43.413 -092.296
52156 +43.053 -091.465
52157 +43.022 -091.240
52158 +43.043 -091.193
52159 +43.079 -091.366
52160 +43.469 -091.351
52161 +43.127 -091.756
52162 +43.111 -091.553
52163 +43.220 -092.103
52164 +42.855 -091.907
52165 +43.309 -091.994
52166 +43.068 -091.936
52168 +43.203 -091.953
52169 +42.861 -091.663
52170 +43.229 -091.305
52171 +43.068 -092.053
52172 +43.271 -091.484
52175 +42.994 -091.824
52201 +41.330 -091.547
52202 +42.159 -091.638
52203 +41.814 -091.892
52205 +42.116 -091.290
52206 +41.992 -091.887
52207 +42.093 -090.830
52208 +41.877 -092.257
52209 +41.909 -092.098
52210 +42.334 -091.993
52211 +41.754 -092.450
52212 +42.109 -091.090
52213 +42.202 -091.760
52214 +42.188 -091.509
52215 +41.914 -092.405
52216 +41.884 -091.024
52217 +42.079 -092.411
52218 +42.295 -091.539
52219 +42.238 -091.426
52220 +41.727 -091.999
52221 +41.641 -092.332
52222 +41.576 -092.341
52223 +42.413 -091.324
52224 +42.158 -092.294
52225 +42.013 -092.326
52227 +41.894 -091.570
52228 +41.902 -091.789
52229 +42.145 -092.169
52231 +41.359 -092.059
52232 +41.805 -092.347
52233 +42.049 -091.687
52235 +41.578 -091.532
52236 +41.733 -091.876
52237 +42.341 -091.252
52240 +41.631 -091.499
52241 +41.697 -091.597
52242 +41.663 -091.544
52245 +41.673 -091.512
52246 +41.648 -091.597
52247 +41.519 -091.723
52248 +41.346 -091.935
52249 +42.012 -092.205
52251 +41.714 -092.210
52252 +42.197 -091.227
52253 +41.895 -091.353
52254 +41.952 -090.805
52255 +41.863 -090.961
52257 +41.915 -092.172
52301 +41.789 -092.082
52302 +42.065 -091.561
52305 +42.018 -091.342
52306 +41.887 -091.254
52307 +41.792 -091.902
52308 +41.573 -092.159
52309 +42.132 -090.889
52310 +42.220 -091.195
52312 +42.006 -091.245
52313 +42.257 -092.097
52314 +41.936 -091.448
52315 +42.002 -091.970
52316 +41.546 -092.095
52317 +41.767 -091.634
52318 +41.890 -091.897
52320 +41.999 -091.148
52321 +42.142 -090.983
52322 +41.693 -091.763
52323 +41.984 -090.953
52324 +42.064 -091.806
52325 +41.584 -091.926
52326 +42.395 -091.757
52327 +41.477 -091.583
52328 +42.072 -091.666
52329 +42.352 -091.860
52330 +42.353 -091.501
52332 +42.098 -091.887
52333 +41.804 -091.487
52334 +41.731 -091.944
52335 +41.468 -092.054
52336 +42.074 -091.442
52337 +41.882 -091.143
52338 +41.818 -091.708
52339 +41.928 -092.587
52340 +41.706 -091.677
52341 +42.103 -091.726
52342 +42.043 -092.559
52344 +42.292 -091.683
52345 +42.222 -091.892
52346 +42.013 -092.081
52347 +41.713 -092.286
52348 +41.993 -092.386
52349 +42.172 -092.009
52351 +41.875 -091.835
52352 +42.289 -091.778
52353 +41.299 -091.716
52354 +41.919 -091.989
52355 +41.461 -092.192
52356 +41.475 -091.848
52358 +41.691 -091.318
52359 +41.354 -091.810
52361 +41.641 -092.016
52362 +42.058 -091.003
52401 +41.975 -091.659
52402 +42.023 -091.660
52403 +41.966 -091.566
52404 +41.923 -091.689
52405 +41.983 -091.746
52411 +42.054 -091.729
52501 +41.044 -092.429
52530 +40.989 -092.296
52531 +41.026 -092.820
52533 +41.008 -092.146
52534 +41.273 -092.681
52535 +40.863 -091.960
52536 +40.957 -092.609
52537 +40.735 -092.414
52540 +41.157 -091.823
52542 +40.620 -092.056
52543 +41.202 -092.513
52544 +40.707 -092.912
52548 +41.085 -092.531
52549 +40.619 -092.943
52550 +41.314 -092.357
52551 +40.819 -092.100
52552 +40.827 -092.549
52553 +41.148 -092.655
52554 +40.925 -092.236
52555 +40.644 -092.816
52556 +41.024 -091.928
52557 +41.020 -091.966
52560 +40.855 -092.249
52561 +41.220 -092.452
52562 +41.265 -092.249
52563 +41.168 -092.282
52565 +40.742 -091.934
52566 +41.129 -092.505
52567 +40.932 -092.072
52568 +41.178 -092.251
52569 +40.981 -093.050
52570 +40.687 -092.146
52571 +40.874 -092.832
52572 +40.671 -092.688
52573 +40.628 -091.929
52574 +40.810 -092.963
52576 +41.215 -092.109
52577 +41.273 -092.662
52580 +41.105 -092.090
52581 +40.801 -093.064
52583 +40.805 -093.146
52584 +40.653 -092.241
52585 +41.189 -091.986
52586 +41.345 -092.461
52588 +40.858 -092.160
52590 +40.666 -093.145
52591 +41.317 -092.191
52593 +40.772 -092.746
52594 +40.836 -092.652
52595 +41.288 -092.615
52601 +40.856 -091.130
52619 +40.520 -091.565
52620 +40.702 -091.797
52621 +41.209 -091.534
52623 +40.849 -091.337
52624 +40.735 -091.336
52625 +40.661 -091.574
52626 +40.637 -091.726
52627 +40.658 -091.356
52630 +40.806 -091.694
52631 +40.783 -091.612
52632 +40.432 -091.445
52635 +40.991 -091.761
52637 +41.018 -091.146
52638 +40.801 -091.242
52639 +40.533 -091.478
52640 +41.101 -091.280
52641 +40.988 -091.590
52644 +41.040 -091.415
52645 +40.912 -091.404
52646 +41.070 -091.017
52647 +41.134 -091.545
52649 +40.839 -091.612
52650 +40.951 -091.152
52651 +40.864 -091.814
52652 +41.098 -091.554
52653 +41.163 -091.154
52654 +41.141 -091.672
52655 +40.847 -091.214
52656 +40.740 -091.456
52657 +40.768 -091.516
52658 +40.699 -091.230
52659 +41.132 -091.437
52660 +40.995 -091.299
52701 +41.982 -090.249
52720 +41.588 -091.173
52721 +41.756 -090.963
52722 +41.570 -090.470
52726 +41.496 -090.780
52727 +41.955 -090.326
52728 +41.459 -090.726
52729 +41.800 -090.736
52730 +41.776 -090.335
52731 +41.966 -090.486
52732 +41.891 -090.253
52737 +41.259 -091.375
52738 +41.274 -091.378
52739 +41.373 -091.367
52742 +41.838 -090.520
52745 +41.719 -090.766
52746 +41.716 -090.670
52747 +41.598 -090.912
52748 +41.666 -090.555
52749 +41.346 -091.131
52750 +41.937 -090.397
52751 +41.835 -090.700
52752 +41.275 -091.191
52753 +41.629 -090.386
52754 +41.339 -091.242
52755 +41.479 -091.434
52756 +41.729 -090.542
52757 +41.803 -090.355
52758 +41.742 -090.437
52759 +41.460 -090.810
52760 +41.552 -091.069
52761 +41.440 -091.064
52765 +41.721 -090.869
52766 +41.468 -091.295
52767 +41.574 -090.425
52768 +41.701 -090.387
52769 +41.606 -090.847
52771 +42.020 -090.257
52772 +41.742 -091.155
52773 +41.622 -090.753
52774 +41.908 -090.596
52776 +41.579 -091.273
52777 +41.847 -090.855
52778 +41.605 -091.006
52801 +41.521 -090.575
52802 +41.495 -090.637
52803 +41.539 -090.556
52804 +41.532 -090.681
52806 +41.589 -090.625
52807 +41.611 -090.516
53001 +43.608 -088.055
53002 +43.464 -088.352
53003 +43.212 -088.520
53004 +43.500 -087.881
53005 +43.062 -088.099
53006 +43.620 -088.534
53007 +43.108 -088.072
53010 +43.613 -088.272
53011 +43.660 -088.091
53012 +43.315 -088.035
53013 +43.565 -087.847
53014 +44.026 -088.176
53015 +43.908 -087.786
53016 +43.311 -088.718
53017 +43.202 -088.253
53018 +43.048 -088.391
53019 +43.696 -088.303
53020 +43.862 -088.011
53021 +43.495 -088.009
53022 +43.232 -088.116
53023 +43.780 -088.107
53024 +43.332 -087.933
53027 +43.316 -088.371
53029 +43.147 -088.341
53031 +43.640 -087.918
53032 +43.447 -088.623
53033 +43.240 -088.254
53034 +43.330 -088.619
53035 +43.388 -088.543
53036 +43.180 -088.575
53037 +43.313 -088.160
53038 +43.085 -088.791
53039 +43.370 -088.709
53040 +43.527 -088.191
53042 +43.957 -087.972
53044 +43.738 -087.783
53045 +43.059 -088.153
53046 +43.157 -088.158
53047 +43.261 -088.629
53048 +43.574 -088.457
53049 +43.886 -088.289
53050 +43.511 -088.547
53051 +43.159 -088.122
53057 +43.795 -088.237
53058 +43.112 -088.412
53059 +43.288 -088.525
53061 +43.945 -088.121
53063 +43.964 -087.803
53065 +43.680 -088.572
53066 +43.114 -088.489
53069 +43.113 -088.433
53070 +43.621 -087.807
53072 +43.080 -088.267
53073 +43.752 -087.996
53074 +43.431 -087.887
53075 +43.565 -087.991
53076 +43.270 -088.209
53078 +43.318 -088.466
53079 +43.815 -088.199
53080 +43.406 -087.986
53081 +43.710 -087.733
53083 +43.816 -087.764
53085 +43.733 -087.855
53086 +43.330 -088.273
53088 +44.072 -088.300
53089 +43.145 -088.238
53090 +43.462 -088.172
53091 +43.500 -088.435
53092 +43.215 -087.951
53093 +43.650 -087.936
53094 +43.144 -088.732
53095 +43.388 -088.158
53097 +43.242 -088.010
53098 +43.254 -088.711
53099 +43.380 -088.526
53103 +42.881 -088.217
53104 +42.547 -088.039
53105 +42.664 -088.280
53108 +42.815 -087.943
53110 +42.951 -087.861
53114 +42.609 -088.746
53115 +42.657 -088.668
53118 +42.962 -088.492
53119 +42.893 -088.486
53120 +42.803 -088.417
53121 +42.720 -088.534
53122 +43.048 -088.087
53125 +42.546 -088.562
53126 +42.794 -087.998
53127 +42.956 -088.380
53128 +42.529 -088.335
53129 +42.940 -088.001
53130 +42.941 -088.049
53132 +42.886 -088.012
53137 +43.008 -088.669
53139 +42.686 -088.121
53140 +42.620 -087.828
53142 +42.562 -087.892
53143 +42.562 -087.829
53144 +42.622 -087.920
53146 +42.974 -088.155
53147 +42.558 -088.452
53149 +42.875 -088.342
53150 +42.871 -088.134
53151 +42.974 -088.096
53153 +42.941 -088.402
53154 +42.879 -087.899
53156 +42.890 -088.589
53157 +42.538 -088.369
53158 +42.525 -087.886
53167 +42.730 -088.225
53168 +42.575 -088.124
53170 +42.556 -088.156
53172 +42.912 -087.860
53176 +42.643 -088.414
53177 +42.704 -087.934
53178 +43.030 -088.597
53179 +42.514 -088.131
53181 +42.520 -088.241
53182 +42.698 -088.041
53183 +43.006 -088.370
53184 +42.520 -088.613
53185 +42.798 -088.194
53186 +43.022 -088.205
53188 +43.020 -088.294
53189 +42.944 -088.291
53190 +42.808 -088.736
53191 +42.578 -088.546
53192 +42.516 -088.184
53195 +42.514 -088.490
53202 +43.050 -087.892
53203 +43.038 -087.915
53204 +43.019 -087.926
53205 +43.054 -087.934
53206 +43.075 -087.934
53207 +42.975 -087.899
53208 +43.044 -087.968
53209 +43.128 -087.949
53210 +43.069 -087.974
53211 +43.083 -087.883
53212 +43.074 -087.909
53213 +43.049 -088.002
53214 +43.020 -088.013
53215 +42.999 -087.943
53216 +43.086 -087.976
53217 +43.158 -087.913
53218 +43.114 -087.993
53219 +42.995 -087.994
53220 +42.965 -087.991
53221 +42.954 -087.943
53222 +43.081 -088.035
53223 +43.161 -087.988
53224 +43.163 -088.040
53225 +43.114 -088.043
53226 +43.051 -088.043
53227 +42.996 -088.042
53228 +42.969 -088.043
53233 +43.037 -087.934
53235 +42.973 -087.868
53295 +43.022 -087.977
53402 +42.796 -087.817
53403 +42.684 -087.816
53404 +42.761 -087.815
53405 +42.728 -087.829
53406 +42.735 -087.865
53501 +42.604 -089.076
53502 +42.730 -089.438
53503 +43.143 -089.958
53504 +42.718 -089.851
53505 +42.661 -088.821
53506 +43.165 -090.286
53507 +42.984 -089.914
53508 +42.866 -089.576
53510 +42.742 -090.323
53511 +42.546 -089.107
53515 +43.115 -089.739
53516 +42.797 -089.874
53517 +43.057 -089.832
53518 +43.241 -090.595
53520 +42.601 -089.361
53521 +42.838 -089.400
53522 +42.557 -089.783
53523 +42.984 -089.029
53525 +42.544 -088.847
53526 +42.974 -090.344
53527 +43.051 -089.192
53528 +43.118 -089.638
53529 +43.243 -089.531
53530 +42.694 -090.112
53531 +43.057 -089.100
53532 +43.250 -089.327
53533 +42.997 -090.162
53534 +42.861 -089.093
53536 +42.761 -089.268
53537 +42.673 -089.211
53538 +42.909 -088.872
53540 +43.222 -090.294
53541 +42.570 -090.030
53543 +43.058 -090.345
53544 +42.878 -089.906
53545 +42.739 -089.040
53546 +42.652 -088.948
53548 +42.689 -089.131
53549 +42.984 -088.766
53550 +42.553 -089.494
53551 +43.079 -088.916
53553 +42.912 -090.297
53554 +42.909 -090.441
53555 +43.320 -089.556
53556 +43.238 -090.246
53557 +43.339 -088.798
53558 +42.997 -089.275
53559 +43.166 -089.082
53560 +43.192 -089.738
53561 +43.399 -089.652
53562 +43.116 -089.543
53563 +42.781 -088.934
53565 +42.837 -090.167
53566 +42.609 -089.649
53569 +42.989 -090.435
53570 +42.731 -089.620
53571 +43.278 -089.354
53572 +42.961 -089.750
53573 +43.181 -090.459
53574 +42.819 -089.652
53575 +42.932 -089.387
53576 +42.626 -089.233
53577 +43.312 -090.064
53578 +43.311 -089.769
53579 +43.296 -088.868
53580 +42.859 -090.381
53581 +43.377 -090.419
53582 +43.018 -089.979
53583 +43.251 -089.814
53584 +43.279 -090.295
53585 +42.530 -088.721
53586 +42.573 -090.227
53587 +42.580 -089.904
53588 +43.189 -090.080
53589 +42.928 -089.215
53590 +43.200 -089.207
53593 +42.985 -089.579
53594 +43.183 -088.971
53597 +43.181 -089.457
53598 +43.210 -089.337
53599 +42.647 -089.857
53703 +43.080 -089.378
53704 +43.136 -089.347
53705 +43.074 -089.461
53706 +43.075 -089.410
53711 +43.011 -089.409
53713 +43.037 -089.393
53714 +43.100 -089.312
53715 +43.056 -089.388
53716 +43.065 -089.315
53717 +43.068 -089.521
53718 +43.097 -089.275
53719 +43.048 -089.506
53726 +43.071 -089.422
53792 +43.077 -089.430
53801 +42.925 -091.075
53802 +42.805 -090.894
53803 +42.559 -090.355
53804 +42.876 -090.908
53805 +43.143 -090.683
53806 +42.730 -090.920
53807 +42.617 -090.473
53808 +42.637 -090.592
53809 +42.994 -090.633
53810 +42.820 -090.998
53811 +42.541 -090.525
53812 +42.581 -090.602
53813 +42.844 -090.717
53816 +42.978 -090.858
53817 +42.940 -090.972
53818 +42.746 -090.492
53820 +42.700 -090.701
53821 +43.049 -091.057
53825 +42.918 -090.589
53826 +43.114 -090.925
53827 +43.046 -090.820
53901 +43.561 -089.483
53910 +43.887 -089.808
53911 +43.326 -089.368
53913 +43.493 -089.729
53916 +43.456 -088.849
53919 +43.734 -088.776
53920 +43.671 -089.605
53922 +43.521 -088.715
53923 +43.574 -089.138
53924 +43.483 -090.262
53925 +43.327 -089.057
53926 +43.667 -089.223
53928 +43.418 -089.155
53929 +43.757 -090.291
53930 +43.685 -089.498
53931 +43.743 -088.867
53932 +43.422 -089.055
53933 +43.584 -088.875
53934 +43.979 -089.824
53935 +43.588 -089.066
53936 +43.869 -089.707
53937 +43.387 -090.145
53939 +43.690 -089.139
53940 +43.591 -089.794
53941 +43.580 -090.136
53942 +43.464 -090.165
53943 +43.387 -090.035
53944 +43.688 -089.930
53946 +43.719 -089.022
53947 +43.747 -089.138
53948 +43.777 -090.040
53949 +43.783 -089.340
53950 +43.901 -090.138
53951 +43.388 -089.876
53952 +43.785 -089.590
53953 +43.766 -089.458
53954 +43.552 -089.314
53955 +43.400 -089.399
53956 +43.542 -089.018
53959 +43.534 -089.997
53960 +43.426 -089.235
53961 +43.464 -089.944
53962 +43.684 -090.265
53963 +43.635 -088.738
53964 +43.913 -089.513
53965 +43.671 -089.748
53968 +43.635 -090.236
53969 +43.496 -089.300
54001 +45.334 -092.387
54002 +44.960 -092.372
54003 +44.783 -092.446
54004 +45.302 -092.125
54005 +45.229 -092.230
54006 +45.591 -092.647
54007 +45.190 -092.353
54009 +45.353 -092.578
54011 +44.718 -092.465
54013 +45.083 -092.228
54014 +44.649 -092.573
54015 +44.971 -092.453
54016 +44.981 -092.695
54017 +45.120 -092.520
54020 +45.275 -092.662
54021 +44.734 -092.706
54022 +44.847 -092.611
54023 +44.977 -092.548
54024 +45.502 -092.641
54025 +45.144 -092.680
54026 +45.228 -092.535
54027 +44.924 -092.200
54028 +44.955 -092.283
54082 +45.070 -092.751
54101 +44.786 -088.075
54102 +45.498 -088.015
54103 +45.637 -088.516
54104 +45.434 -088.271
54106 +44.485 -088.457
54107 +44.701 -088.457
54110 +44.185 -088.082
54111 +44.812 -088.380
54112 +45.055 -088.055
54113 +44.262 -088.310
54114 +45.245 -088.109
54115 +44.405 -088.089
54119 +45.612 -088.196
54120 +45.803 -088.569
54121 +45.866 -088.327
54123 +44.209 -088.155
54124 +44.908 -088.345
54125 +45.579 -088.402
54126 +44.289 -088.032
54127 +44.797 -088.268
54128 +44.865 -088.809
54129 +44.125 -088.199
54130 +44.311 -088.244
54135 +44.908 -088.627
54136 +44.268 -088.339
54137 +44.758 -088.256
54138 +45.334 -088.410
54139 +44.957 -088.076
54140 +44.288 -088.311
54141 +44.729 -087.998
54143 +45.076 -087.699
54149 +45.211 -088.444
54150 +44.969 -088.788
54151 +45.725 -087.988
54152 +44.566 -088.471
54153 +44.898 -087.916
54154 +44.874 -088.182
54155 +44.527 -088.201
54156 +45.610 -087.944
54157 +45.048 -087.811
54159 +45.193 -087.839
54160 +44.118 -088.102
54161 +45.135 -088.151
54162 +44.663 -088.271
54165 +44.521 -088.316
54166 +44.779 -088.635
54169 +44.177 -088.281
54170 +44.536 -088.577
54171 +44.715 -088.096
54173 +44.641 -088.015
54174 +45.034 -088.437
54175 +45.304 -088.625
54177 +45.366 -087.913
54180 +44.330 -088.178
54201 +44.627 -087.487
54202 +45.087 -087.140
54204 +44.755 -087.605
54205 +44.611 -087.632
54207 +44.080 -087.982
54208 +44.364 -087.800
54209 +45.018 -087.270
54210 +45.246 -087.036
54211 +45.160 -087.166
54212 +45.110 -087.209
54213 +44.695 -087.528
54214 +44.199 -087.714
54215 +44.227 -087.803
54216 +44.439 -087.570
54217 +44.548 -087.718
54220 +44.091 -087.725
54227 +44.284 -087.805
54228 +44.278 -087.650
54229 +44.560 -087.816
54230 +44.160 -087.915
54232 +44.007 -087.925
54234 +45.182 -087.102
54235 +44.844 -087.373
54241 +44.216 -087.595
54245 +44.031 -087.898
54246 +45.373 -086.899
54247 +44.200 -087.790
54301 +44.481 -088.016
54302 +44.507 -087.976
54303 +44.543 -088.047
54304 +44.493 -088.067
54307 +44.470 -088.037
54311 +44.480 -087.892
54313 +44.584 -088.115
54401 +44.967 -089.709
54403 +45.019 -089.525
54405 +44.968 -090.282
54406 +44.412 -089.305
54407 +44.532 -089.282
54408 +45.026 -089.324
54409 +45.122 -089.171
54410 +44.542 -090.031
54411 +45.063 -090.033
54412 +44.663 -089.974
54413 +44.291 -090.148
54414 +44.960 -089.177
54416 +44.884 -088.948
54417 +45.027 -089.654
54418 +45.212 -088.983
54420 +44.610 -090.351
54421 +44.895 -090.289
54422 +44.977 -090.445
54423 +44.579 -089.426
54424 +45.287 -089.192
54425 +45.007 -090.341
54426 +44.911 -089.997
54427 +44.825 -089.257
54428 +45.443 -089.161
54430 +45.136 -088.886
54433 +45.227 -090.813
54435 +45.360 -089.438
54436 +44.535 -090.427
54437 +44.777 -090.629
54440 +44.807 -089.391
54441 +44.642 -090.106
54442 +45.359 -089.659
54443 +44.609 -089.752
54446 +44.748 -090.466
54447 +45.107 -090.722
54448 +44.934 -089.832
54449 +44.638 -090.197
54450 +45.004 -089.042
54451 +45.197 -090.408
54452 +45.218 -089.794
54454 +44.602 -089.884
54455 +44.767 -089.684
54456 +44.544 -090.633
54457 +44.229 -089.898
54458 +44.497 -089.306
54459 +45.413 -090.237
54460 +44.953 -090.533
54462 +45.392 -089.007
54463 +45.499 -089.233
54464 +45.055 -089.017
54465 +45.396 -088.876
54466 +44.385 -090.327
54467 +44.414 -089.539
54469 +44.345 -089.874
54470 +45.292 -090.137
54471 +44.931 -089.424
54473 +44.651 -089.352
54474 +44.874 -089.620
54475 +44.485 -089.793
54476 +44.890 -089.521
54479 +44.751 -090.332
54480 +45.054 -090.269
54481 +44.523 -089.646
54482 +44.550 -089.509
54484 +44.800 -090.082
54485 +45.393 -089.220
54486 +44.718 -089.045
54487 +45.511 -089.744
54488 +44.843 -090.346
54489 +44.461 -090.004
54490 +45.325 -090.409
54491 +45.227 -088.749
54493 +44.697 -090.811
54494 +44.341 -089.735
54495 +44.392 -089.959
54498 +45.035 -090.629
54499 +44.790 -089.176
54501 +45.658 -089.349
54511 +45.737 -088.823
54512 +46.091 -089.659
54513 +45.578 -090.141
54514 +46.033 -090.496
54515 +45.513 -090.491
54517 +46.121 -090.934
54519 +46.055 -089.264
54520 +45.541 -088.933
54521 +45.916 -089.254
54524 +45.828 -090.392
54525 +46.434 -090.226
54526 +45.529 -090.857
54527 +46.126 -090.640
54529 +45.678 -089.667
54530 +45.529 -090.715
54531 +45.753 -089.775
54534 +46.352 -090.224
54536 +46.348 -090.338
54537 +45.534 -090.602
54538 +45.980 -089.927
54539 +45.809 -089.577
54540 +46.155 -089.373
54541 +45.554 -088.662
54542 +45.923 -088.745
54545 +46.134 -089.855
54546 +46.287 -090.749
54547 +46.212 -090.106
54548 +45.866 -089.832
54550 +46.348 -090.259
54552 +45.930 -090.293
54554 +46.060 -089.064
54555 +45.768 -090.330
54556 +45.535 -090.317
54557 +46.212 -089.748
54558 +45.925 -089.499
54559 +46.495 -090.491
54560 +46.037 -089.552
54561 +46.069 -089.427
54562 +45.803 -089.079
54563 +45.460 -090.971
54564 +45.604 -089.961
54565 +46.285 -090.466
54566 +45.428 -088.631
54568 +45.961 -089.668
54601 +43.806 -091.141
54603 +43.858 -091.252
54610 +44.365 -091.832
54611 +44.446 -090.952
54612 +44.250 -091.502
54613 +44.076 -089.924
54614 +43.905 -090.953
54615 +44.266 -090.784
54616 +44.311 -091.214
54618 +43.964 -090.286
54619 +43.758 -090.774
54621 +43.647 -091.082
54622 +44.273 -091.774
54623 +43.729 -091.027
54624 +43.462 -091.131
54625 +44.133 -091.525
54626 +43.220 -091.054
54627 +44.171 -091.227
54628 +43.373 -091.026
54629 +44.174 -091.639
54630 +44.123 -091.373
54631 +43.289 -090.833
54632 +43.561 -091.147
54634 +43.582 -090.422
54635 +44.403 -091.046
54636 +44.003 -091.224
54637 +43.879 -090.271
54638 +43.786 -090.405
54639 +43.611 -090.600
54642 +44.152 -091.045
54643 +44.188 -090.632
54644 +44.036 -091.063
54645 +43.321 -090.929
54646 +44.083 -090.093
54648 +43.837 -090.635
54650 +43.909 -091.225
54651 +43.723 -090.566
54652 +43.476 -090.772
54653 +43.821 -090.927
54654 +43.269 -090.954
54655 +43.371 -090.759
54656 +43.990 -090.803
54657 +43.199 -090.910
54658 +43.683 -091.187
54659 +44.287 -091.096
54660 +43.985 -090.505
54661 +44.058 -091.468
54664 +43.488 -090.643
54665 +43.532 -090.929
54666 +44.170 -090.450
54667 +43.666 -090.865
54669 +43.911 -091.084
54670 +43.838 -090.483
54701 +44.752 -091.515
54703 +44.835 -091.520
54720 +44.805 -091.437
54721 +44.634 -092.083
54722 +44.712 -091.096
54723 +44.611 -092.419
54724 +45.108 -091.484
54725 +45.073 -091.991
54726 +44.937 -091.026
54727 +44.954 -091.159
54728 +45.308 -091.638
54729 +44.946 -091.395
54730 +45.019 -091.720
54731 +45.350 -091.090
54732 +45.145 -091.170
54733 +45.279 -091.850
54734 +45.093 -092.114
54736 +44.613 -091.925
54737 +44.718 -091.982
54738 +44.588 -091.489
54739 +44.860 -091.701
54740 +44.751 -092.167
54741 +44.610 -090.980
54742 +44.763 -091.272
54745 +45.251 -091.123
54746 +44.548 -090.864
54747 +44.395 -091.500
54748 +45.075 -091.263
54749 +44.951 -092.099
54750 +44.635 -092.285
54751 +44.851 -091.934
54754 +44.426 -090.774
54755 +44.576 -091.681
54756 +44.468 -091.940
54757 +45.237 -091.522
54758 +44.558 -091.217
54759 +44.498 -092.121
54760 +44.424 -091.206
54761 +44.623 -092.178
54762 +45.256 -091.997
54763 +45.180 -091.875
54766 +45.341 -090.858
54767 +44.830 -092.255
54768 +44.967 -090.927
54769 +44.510 -092.227
54770 +44.552 -091.373
54771 +44.924 -090.807
54772 +45.081 -091.887
54773 +44.390 -091.296
54801 +45.864 -091.937
54805 +45.412 -092.024
54806 +46.552 -090.846
54810 +45.457 -092.388
54812 +45.392 -091.883
54813 +45.657 -092.022
54814 +46.863 -090.901
54817 +45.676 -091.532
54819 +45.476 -091.302
54820 +46.557 -091.562
54821 +46.217 -091.166
54822 +45.401 -091.694
54824 +45.485 -092.540
54826 +45.497 -092.177
54827 +46.801 -091.112
54828 +45.841 -091.294
54829 +45.568 -092.077
54830 +46.106 -092.226
54832 +46.319 -091.343
54835 +45.680 -091.250
54836 +46.454 -092.195
54837 +45.674 -092.358
54838 +46.249 -091.794
54839 +46.356 -091.151
54840 +45.751 -092.692
54841 +45.608 -091.779
54842 +46.491 -091.872
54843 +46.024 -091.293
54844 +46.781 -091.215
54845 +45.804 -092.145
54846 +46.378 -090.720
54847 +46.579 -091.400
54848 +45.516 -091.104
54849 +46.482 -091.717
54850 +46.941 -090.571
54853 +45.576 -092.459
54854 +46.650 -091.667
54855 +46.383 -090.828
54856 +46.432 -091.110
54857 +45.593 -091.599
54858 +45.519 -092.458
54859 +46.126 -091.849
54861 +46.599 -090.643
54862 +45.808 -091.118
54864 +46.602 -091.801
54865 +46.756 -091.375
54867 +45.822 -091.203
54868 +45.528 -091.717
54870 +45.709 -091.775
54871 +45.750 -092.002
54872 +45.772 -092.392
54873 +46.346 -091.702
54874 +46.572 -091.939
54875 +45.974 -091.693
54876 +45.828 -091.501
54880 +46.591 -092.128
54888 +45.975 -091.867
54889 +45.415 -092.170
54891 +46.698 -090.971
54893 +45.879 -092.326
54895 +45.449 -091.461
54896 +45.806 -090.884
54901 +44.063 -088.536
54902 +43.947 -088.540
54904 +44.023 -088.624
54909 +44.281 -089.367
54911 +44.282 -088.381
54913 +44.336 -088.400
54914 +44.268 -088.499
54915 +44.242 -088.361
54921 +44.296 -089.579
54922 +44.549 -088.743
54923 +43.998 -088.967
54926 +44.616 -089.020
54927 +44.103 -088.654
54928 +44.753 -088.879
54929 +44.641 -088.740
54930 +44.033 -089.555
54931 +44.270 -088.668
54932 +43.840 -088.619
54933 +44.659 -088.714
54935 +43.775 -088.433
54937 +43.724 -088.398
54940 +44.220 -088.843
54941 +43.845 -088.993
54942 +44.299 -088.543
54943 +44.123 -089.573
54944 +44.325 -088.627
54945 +44.569 -089.137
54946 +44.337 -089.145
54947 +44.204 -088.699
54948 +44.776 -088.886
54949 +44.494 -088.913
54950 +44.657 -088.918
54952 +44.202 -088.339
54956 +44.182 -088.528
54960 +43.942 -089.219
54961 +44.410 -088.762
54962 +44.486 -089.031
54963 +44.046 -088.767
54964 +43.916 -088.742
54965 +44.168 -089.044
54966 +44.210 -089.505
54967 +44.127 -088.976
54968 +43.847 -089.136
54970 +44.073 -089.098
54971 +43.855 -088.834
54974 +43.782 -088.652
54977 +44.461 -089.171
54978 +44.794 -088.914
54979 +43.873 -088.536
54980 +43.986 -088.766
54981 +44.323 -089.131
54982 +44.070 -089.293
54983 +44.317 -088.935
54984 +44.191 -089.223
54985 +44.076 -088.520
54986 +44.117 -088.747
55001 +44.899 -092.819
55003 +45.007 -092.779
55005 +45.396 -093.218
55006 +45.738 -093.199
55007 +45.971 -093.118
55008 +45.569 -093.277
55009 +44.481 -092.871
55011 +45.344 -093.252
55012 +45.438 -092.788
55013 +45.352 -092.888
55014 +45.168 -093.124
55016 +44.817 -092.934
55017 +45.671 -093.438
55018 +44.415 -092.984
55019 +44.411 -093.250
55020 +44.578 -093.374
55021 +44.298 -093.274
55024 +44.629 -093.136
55025 +45.260 -093.017
55026 +44.521 -092.336
55027 +44.406 -092.609
55029 +45.635 -093.201
55030 +45.848 -093.120
55031 +44.613 -092.962
55032 +45.590 -092.993
55033 +44.711 -092.859
55036 +45.871 -093.120
55037 +46.008 -092.793
55038 +45.173 -092.981
55040 +45.469 -093.278
55041 +44.393 -092.334
55042 +44.988 -092.892
55043 +44.941 -092.769
55044 +44.642 -093.276
55045 +45.396 -092.828
55046 +44.443 -093.410
55047 +45.200 -092.821
55049 +44.177 -093.238
55051 +45.937 -093.339
55052 +44.233 -093.440
55053 +44.349 -093.065
55054 +44.572 -093.351
55055 +44.874 -092.999
55056 +45.510 -092.956
55057 +44.473 -093.179
55060 +44.060 -093.227
55063 +45.839 -092.903
55065 +44.551 -093.025
55066 +44.512 -092.539
55068 +44.735 -093.063
55069 +45.700 -092.972
55070 +45.406 -093.303
55071 +44.821 -092.998
55072 +46.143 -092.584
55073 +45.276 -092.830
55074 +45.388 -092.720
55075 +44.888 -093.042
55076 +44.833 -093.033
55077 +44.818 -093.077
55079 +45.419 -093.035
55080 +45.666 -093.222
55082 +45.074 -092.842
55084 +45.463 -092.716
55085 +44.670 -092.963
55087 +44.236 -093.409
55088 +44.524 -093.383
55089 +44.593 -092.709
55090 +45.054 -092.958
55092 +45.334 -093.100
55101 +44.951 -093.088
55102 +44.932 -093.121
55103 +44.964 -093.123
55104 +44.954 -093.164
55105 +44.935 -093.166
55106 +44.957 -093.047
55107 +44.931 -093.079
55108 +44.982 -093.175
55109 +45.017 -093.027
55110 +45.090 -093.004
55111 +44.890 -093.190
55112 +45.081 -093.192
55113 +45.012 -093.151
55114 +44.967 -093.195
55115 +45.067 -092.949
55116 +44.911 -093.170
55117 +45.004 -093.091
55118 +44.894 -093.101
55119 +44.940 -093.006
55120 +44.876 -093.151
55121 +44.846 -093.160
55122 +44.801 -093.195
55123 +44.802 -093.139
55124 +44.745 -093.199
55125 +44.918 -092.938
55126 +45.083 -093.140
55127 +45.082 -093.077
55128 +44.988 -092.964
55129 +44.883 -092.893
55130 +44.973 -093.082
55150 +44.887 -093.161
55155 +44.952 -093.099
55301 +45.244 -093.661
55302 +45.246 -094.117
55303 +45.288 -093.432
55304 +45.246 -093.260
55305 +44.956 -093.428
55306 +44.731 -093.291
55307 +44.600 -094.111
55308 +45.414 -093.835
55309 +45.379 -093.733
55310 +44.756 -094.876
55311 +45.106 -093.497
55312 +44.706 -094.351
55313 +45.174 -093.849
55314 +44.776 -094.607
55315 +44.715 -093.692
55316 +45.173 -093.387
55317 +44.857 -093.551
55318 +44.811 -093.636
55319 +45.472 -093.952
55320 +45.396 -094.086
55321 +45.088 -094.193
55322 +44.772 -093.787
55324 +45.054 -094.433
55325 +45.085 -094.317
55327 +45.204 -093.469
55328 +45.033 -093.814
55329 +45.305 -094.559
55330 +45.332 -093.567
55331 +44.901 -093.610
55332 +44.520 -094.700
55333 +44.563 -094.861
55334 +44.536 -094.188
55335 +44.531 -094.553
55336 +44.765 -094.190
55337 +44.778 -093.272
55338 +44.675 -094.001
55339 +44.723 -093.957
55340 +45.078 -093.572
55341 +45.158 -093.663
55342 +44.743 -094.739
55343 +44.914 -093.416
55344 +44.864 -093.430
55345 +44.915 -093.484
55346 +44.879 -093.481
55347 +44.828 -093.462
55349 +45.062 -094.075
55350 +44.897 -094.393
55352 +44.651 -093.593
55353 +45.329 -094.325
55354 +44.887 -094.064
55355 +45.091 -094.560
55356 +44.996 -093.585
55357 +45.104 -093.674
55358 +45.245 -093.998
55359 +45.007 -093.693
55360 +44.916 -093.920
55362 +45.300 -093.847
55363 +45.038 -093.918
55364 +44.939 -093.676
55366 +44.672 -094.235
55367 +44.895 -093.976
55368 +44.740 -093.900
55369 +45.127 -093.449
55370 +44.784 -094.035
55371 +45.576 -093.589
55372 +44.682 -093.414
55373 +45.088 -093.722
55374 +45.176 -093.576
55375 +44.895 -093.726
55376 +45.210 -093.683
55378 +44.759 -093.364
55379 +44.743 -093.510
55381 +44.931 -094.200
55382 +45.300 -094.199
55384 +44.936 -093.630
55385 +44.736 -094.486
55386 +44.857 -093.664
55387 +44.861 -093.784
55388 +44.955 -093.849
55389 +45.298 -094.443
55390 +45.068 -093.979
55391 +44.964 -093.543
55395 +44.958 -094.063
55396 +44.545 -094.367
55397 +44.824 -093.938
55398 +45.459 -093.589
55401 +44.985 -093.270
55402 +44.976 -093.271
55403 +44.970 -093.284
55404 +44.962 -093.261
55405 +44.973 -093.302
55406 +44.939 -093.221
55407 +44.935 -093.253
55408 +44.944 -093.294
55409 +44.930 -093.281
55410 +44.913 -093.317
55411 +45.000 -093.298
55412 +45.027 -093.304
55413 +44.998 -093.244
55414 +44.978 -093.222
55415 +44.975 -093.258
55416 +44.949 -093.341
55417 +44.906 -093.235
55418 +45.021 -093.243
55419 +44.906 -093.288
55420 +44.836 -093.277
55421 +45.051 -093.250
55422 +45.009 -093.341
55423 +44.877 -093.281
55424 +44.905 -093.345
55425 +44.851 -093.226
55426 +44.957 -093.382
55427 +45.005 -093.381
55428 +45.064 -093.384
55429 +45.064 -093.341
55430 +45.063 -093.299
55431 +44.825 -093.313
55432 +45.097 -093.254
55433 +45.160 -093.315
55434 +45.164 -093.250
55435 +44.874 -093.335
55436 +44.907 -093.375
55437 +44.824 -093.342
55438 +44.823 -093.386
55439 +44.874 -093.373
55441 +45.008 -093.431
55442 +45.048 -093.430
55443 +45.119 -093.339
55444 +45.108 -093.303
55445 +45.122 -093.379
55446 +45.039 -093.490
55447 +45.001 -093.490
55448 +45.194 -093.300
55449 +45.176 -093.184
55450 +44.872 -093.229
55454 +44.973 -093.244
55455 +44.975 -093.235
55601 +47.236 -091.366
55602 +47.316 -091.932
55603 +47.551 -091.206
55604 +47.979 -090.600
55605 +47.953 -089.660
55606 +47.960 -090.016
55607 +47.622 -091.501
55609 +46.967 -091.789
55612 +47.788 -090.706
55613 +47.573 -090.986
55614 +47.346 -091.382
55615 +47.747 -090.851
55616 +47.251 -091.692
55702 +46.957 -092.638
55703 +47.731 -092.750
55704 +46.219 -092.752
55705 +47.471 -092.267
55706 +47.667 -091.985
55707 +46.552 -092.636
55708 +47.540 -092.342
55709 +47.403 -093.373
55710 +47.650 -092.697
55711 +46.819 -092.691
55712 +46.282 -092.521
55713 +47.488 -092.764
55716 +47.322 -093.264
55717 +47.069 -092.387
55718 +46.621 -092.486
55719 +47.541 -092.862
55720 +46.751 -092.533
55721 +47.221 -093.683
55722 +47.283 -093.434
55723 +47.840 -092.857
55724 +47.167 -092.369
55725 +48.350 -092.531
55726 +46.650 -092.827
55731 +47.997 -091.754
55732 +47.688 -092.251
55733 +46.714 -092.361
55734 +47.389 -092.497
55735 +46.210 -093.010
55736 +46.957 -092.921
55738 +47.264 -092.660
55741 +47.457 -092.385
55742 +47.171 -093.145
55744 +47.234 -093.513
55746 +47.335 -092.954
55748 +46.994 -093.596
55749 +46.440 -092.443
55750 +47.531 -091.964
55751 +47.389 -092.673
55752 +46.952 -093.253
55753 +47.397 -093.080
55756 +46.375 -092.601
55757 +46.526 -092.948
55758 +47.506 -092.720
55760 +46.643 -093.257
55763 +47.330 -092.232
55764 +47.332 -093.290
55765 +47.099 -092.736
55767 +46.449 -092.774
55768 +47.538 -092.661
55769 +47.480 -093.184
55771 +48.117 -092.904
55772 +48.110 -093.100
55775 +47.299 -093.161
55779 +46.909 -092.449
55780 +46.676 -092.678
55781 +47.681 -093.065
55782 +47.833 -092.206
55783 +46.412 -092.918
55784 +47.058 -093.165
55785 +46.920 -093.734
55786 +47.318 -093.383
55787 +46.722 -093.108
55790 +47.825 -092.376
55792 +47.597 -092.480
55793 +47.116 -093.284
55795 +46.298 -092.883
55796 +47.930 -091.795
55797 +46.566 -092.362
55798 +46.723 -092.968
55802 +46.764 -092.082
55803 +47.035 -092.072
55804 +46.931 -091.936
55805 +46.800 -092.092
55806 +46.768 -092.128
55807 +46.735 -092.168
55808 +46.679 -092.237
55810 +46.757 -092.269
55811 +46.839 -092.222
55812 +46.809 -092.072
55814 +46.835 -092.197
55901 +44.078 -092.497
55902 +43.971 -092.508
55903 +44.024 -092.437
55904 +43.953 -092.401
55905 +44.056 -092.526
55906 +44.100 -092.408
55909 +43.563 -092.735
55910 +44.129 -091.972
55912 +43.683 -092.988
55917 +43.885 -093.075
55918 +43.742 -092.847
55919 +43.620 -091.299
55920 +44.012 -092.621
55921 +43.620 -091.476
55922 +43.562 -091.896
55923 +43.849 -092.183
55924 +44.036 -093.017
55925 +43.912 -091.458
55926 +43.743 -092.707
55927 +44.034 -092.873
55929 +43.978 -092.144
55931 +43.509 -091.385
55932 +44.152 -092.298
55933 +43.648 -092.685
55934 +44.004 -092.266
55935 +43.747 -092.127
55936 +43.706 -092.585
55939 +43.547 -092.081
55940 +43.899 -092.809
55941 +43.725 -091.349
55943 +43.783 -091.583
55944 +43.990 -092.718
55945 +44.267 -092.053
55946 +44.262 -092.950
55947 +43.823 -091.366
55949 +43.703 -091.930
55950 +43.743 -092.966
55951 +43.529 -092.482
55952 +43.944 -091.843
55953 +43.528 -092.965
55954 +43.557 -091.780
55955 +44.087 -092.741
55956 +44.286 -092.528
55957 +44.253 -092.297
55959 +44.118 -091.800
55960 +44.140 -092.535
55961 +43.605 -092.475
55962 +43.762 -091.845
55963 +44.181 -092.671
55964 +44.160 -092.158
55965 +43.623 -092.128
55967 +43.793 -092.514
55968 +44.397 -092.090
55969 +44.083 -091.877
55970 +43.597 -092.831
55971 +43.820 -091.758
55972 +43.994 -092.051
55973 +43.808 -092.772
55974 +43.577 -091.648
55975 +43.678 -092.364
55976 +43.864 -092.484
55977 +43.554 -092.648
55979 +43.923 -091.951
55981 +44.358 -092.049
55982 +43.816 -092.886
55983 +44.291 -092.807
55985 +44.158 -092.904
55987 +43.994 -091.625
55990 +43.728 -092.259
55991 +44.261 -092.419
55992 +44.323 -092.683
56001 +44.128 -093.979
56003 +44.219 -094.090
56007 +43.661 -093.325
56009 +43.662 -093.546
56010 +43.886 -094.180
56011 +44.602 -093.773
56013 +43.620 -094.104
56014 +43.583 -093.818
56016 +43.762 -093.343
56017 +44.305 -093.820
56019 +44.116 -094.889
56020 +43.615 -093.530
56021 +44.289 -094.316
56022 +44.053 -094.839
56023 +43.772 -094.013
56024 +44.144 -093.839
56025 +43.753 -093.917
56026 +43.886 -093.291
56027 +43.517 -094.117
56028 +44.226 -093.717
56029 +43.518 -093.536
56030 +44.325 -094.605
56031 +43.627 -094.462
56032 +43.777 -093.569
56033 +43.565 -093.938
56034 +44.029 -094.182
56035 +43.820 -093.273
56036 +43.552 -093.221
56037 +44.011 -094.039
56039 +43.663 -094.323
56041 +44.161 -094.533
56042 +43.804 -093.484
56043 +43.649 -093.222
56044 +44.565 -093.957
56045 +43.760 -093.210
56046 +43.968 -093.269
56048 +44.095 -093.713
56050 +44.259 -093.947
56051 +43.536 -093.708
56052 +44.327 -093.559
56054 +44.436 -094.370
56055 +44.128 -094.235
56056 +44.073 -094.579
56057 +44.391 -093.722
56058 +44.442 -093.914
56060 +43.929 -094.441
56062 +44.048 -094.414
56063 +44.215 -093.821
56065 +43.931 -093.908
56068 +43.865 -093.806
56069 +44.412 -093.542
56071 +44.535 -093.579
56072 +43.899 -093.517
56073 +44.307 -094.469
56074 +44.327 -094.197
56075 +43.735 -094.437
56078 +44.006 -093.761
56080 +44.082 -093.858
56081 +43.993 -094.635
56082 +44.357 -094.037
56083 +44.208 -095.134
56085 +44.291 -094.734
56087 +44.241 -094.975
56088 +43.825 -094.458
56089 +43.568 -093.457
56090 +43.951 -094.227
56091 +43.914 -093.686
56093 +44.063 -093.520
56096 +44.245 -093.603
56097 +43.721 -093.713
56098 +43.793 -094.182
56101 +43.880 -095.134
56110 +43.622 -095.945
56111 +43.643 -094.887
56113 +44.404 -096.151
56114 +43.986 -095.592
56115 +44.209 -095.906
56116 +43.624 -096.377
56117 +43.523 -095.687
56118 +43.936 -095.029
56119 +43.714 -095.463
56120 +43.960 -094.792
56121 +43.535 -094.584
56122 +43.898 -095.956
56123 +44.087 -095.592
56125 +44.055 -095.548
56127 +43.547 -094.765
56128 +43.882 -096.110
56129 +43.529 -096.042
56131 +43.856 -095.573
56132 +44.203 -095.765
56134 +43.790 -096.231
56136 +44.495 -096.414
56137 +43.823 -095.310
56138 +43.537 -096.380
56139 +44.104 -096.179
56140 +43.909 -096.367
56141 +43.886 -095.803
56142 +44.468 -096.231
56143 +43.628 -095.002
56144 +43.839 -096.387
56145 +44.056 -095.174
56146 +43.580 -096.103
56147 +43.757 -096.058
56149 +44.304 -096.306
56150 +43.628 -095.197
56151 +44.031 -095.929
56152 +44.227 -095.281
56153 +43.826 -096.024
56155 +43.766 -095.946
56156 +43.662 -096.227
56157 +44.404 -095.948
56158 +43.634 -096.084
56159 +43.943 -094.937
56160 +43.829 -094.805
56161 +43.707 -095.325
56162 +43.840 -094.667
56164 +44.054 -096.333
56165 +43.725 -095.703
56166 +44.203 -095.381
56167 +43.554 -095.409
56168 +43.609 -095.800
56169 +44.332 -096.011
56170 +44.165 -096.095
56171 +43.671 -094.762
56172 +44.014 -095.776
56173 +43.525 -096.242
56174 +44.016 -095.305
56175 +44.261 -095.639
56176 +43.783 -094.721
56178 +44.286 -096.128
56180 +44.246 -095.460
56181 +43.678 -094.627
56183 +44.029 -095.431
56185 +43.799 -095.824
56186 +44.025 -096.077
56187 +43.623 -095.583
56201 +45.102 -095.042
56207 +45.506 -096.067
56208 +45.247 -096.005
56209 +45.127 -094.812
56210 +45.557 -096.560
56211 +45.593 -096.688
56212 +45.131 -096.324
56214 +44.611 -095.324
56215 +45.318 -095.572
56216 +44.943 -095.059
56218 +44.827 -095.940
56219 +45.597 -096.818
56220 +44.726 -096.291
56221 +45.560 -096.187
56222 +44.985 -095.357
56223 +44.762 -095.819
56224 +44.376 -095.068
56225 +45.441 -096.443
56226 +45.407 -095.678
56227 +45.291 -096.169
56228 +44.951 -094.685
56229 +44.594 -095.716
56230 +44.792 -095.089
56231 +45.280 -095.763
56232 +44.927 -096.038
56235 +45.710 -096.017
56236 +45.665 -096.396
56237 +44.624 -095.431
56239 +44.504 -095.911
56240 +45.563 -096.484
56241 +44.798 -095.573
56243 +45.170 -094.686
56244 +45.478 -095.780
56245 +44.684 -095.677
56248 +45.786 -096.136
56249 +45.319 -095.902
56251 +45.144 -094.920
56252 +45.178 -095.310
56253 +44.958 -094.866
56255 +44.390 -095.421
56256 +45.017 -096.213
56257 +44.969 -096.402
56258 +44.437 -095.746
56260 +44.963 -095.483
56262 +45.115 -095.870
56263 +44.421 -095.532
56264 +44.587 -095.981
56265 +45.000 -095.706
56266 +44.421 -094.915
56267 +45.582 -095.929
56270 +44.560 -094.965
56271 +45.241 -095.414
56273 +45.318 -094.980
56274 +45.898 -096.245
56276 +45.241 -096.307
56277 +44.767 -094.993
56278 +45.348 -096.380
56279 +45.219 -095.170
56280 +44.633 -096.166
56281 +44.948 -095.165
56282 +45.029 -095.223
56283 +44.528 -095.139
56284 +44.773 -095.212
56285 +44.788 -095.345
56287 +44.476 -095.326
56288 +45.243 -094.944
56289 +45.333 -095.224
56291 +44.623 -096.062
56292 +44.502 -095.457
56293 +44.417 -095.260
56294 +44.315 -095.213
56295 +45.043 -095.849
56296 +45.826 -096.477
56297 +44.637 -095.554
56301 +45.487 -094.243
56303 +45.574 -094.215
56304 +45.530 -094.057
56307 +45.627 -094.591
56308 +45.868 -095.394
56309 +46.079 -095.806
56310 +45.633 -094.451
56311 +45.897 -095.896
56312 +45.457 -094.969
56313 +45.784 -093.553
56314 +45.815 -094.433
56315 +45.980 -095.593
56316 +45.506 -095.143
56318 +45.853 -094.675
56319 +46.011 -095.216
56320 +45.467 -094.403
56321 +45.580 -094.392
56323 +45.630 -095.724
56324 +46.169 -095.904
56325 +45.563 -094.947
56326 +46.040 -095.671
56327 +45.754 -095.608
56328 +45.952 -094.521
56329 +45.709 -093.915
56330 +45.753 -093.756
56331 +45.679 -094.672
56332 +45.967 -095.506
56334 +45.574 -095.337
56335 +45.601 -094.859
56336 +45.821 -094.763
56338 +46.003 -093.834
56339 +45.825 -095.821
56340 +45.759 -094.429
56342 +46.184 -093.369
56343 +45.796 -095.713
56345 +46.010 -094.384
56347 +45.971 -094.861
56349 +45.718 -095.520
56350 +46.305 -093.230
56352 +45.642 -094.806
56353 +45.804 -093.629
56354 +46.064 -095.282
56355 +45.941 -095.246
56356 +45.634 -094.728
56357 +45.692 -093.798
56358 +45.838 -093.446
56359 +46.100 -093.665
56360 +45.887 -095.104
56361 +46.160 -095.332
56362 +45.402 -094.712
56363 +45.697 -093.652
56364 +46.019 -094.072
56367 +45.764 -094.182
56368 +45.464 -094.561
56369 +45.469 -094.336
56371 +45.433 -094.637
56373 +45.860 -094.231
56374 +45.566 -094.317
56375 +45.701 -094.275
56376 +45.502 -094.667
56377 +45.640 -094.227
56378 +45.725 -094.987
56379 +45.640 -094.083
56381 +45.557 -095.538
56382 +45.908 -094.598
56384 +45.810 -094.568
56385 +45.690 -095.214
56386 +46.114 -093.520
56387 +45.521 -094.243
56389 +45.801 -095.086
56401 +46.323 -094.125
56425 +46.344 -094.276
56431 +46.491 -093.636
56433 +46.951 -094.688
56434 +46.338 -094.934
56435 +46.806 -094.532
56437 +46.246 -095.058
56438 +46.139 -094.819
56440 +46.142 -094.955
56441 +46.578 -093.981
56442 +46.678 -094.102
56443 +46.174 -094.580
56444 +46.436 -093.889
56446 +46.129 -095.097
56447 +46.732 -093.884
56448 +46.788 -094.082
56449 +46.179 -094.261
56450 +46.237 -093.843
56452 +46.957 -094.448
56453 +46.316 -095.175
56455 +46.441 -094.001
56458 +47.196 -095.002
56461 +47.232 -094.854
56464 +46.769 -095.104
56465 +46.537 -094.114
56466 +46.436 -094.625
56467 +46.975 -094.831
56468 +46.493 -094.311
56469 +46.780 -093.562
56470 +47.027 -095.092
56472 +46.582 -094.341
56473 +46.358 -094.470
56474 +46.723 -094.397
56475 +46.080 -094.546
56477 +46.645 -095.000
56479 +46.435 -094.795
56481 +46.463 -094.936
56482 +46.464 -095.148
56484 +47.111 -094.482
56501 +46.840 -095.827
56510 +47.359 -096.525
56511 +46.842 -096.016
56514 +46.648 -096.433
56515 +46.307 -095.691
56516 +47.445 -095.971
56517 +47.550 -096.559
56518 +46.490 -095.250
56519 +47.162 -096.479
56520 +46.290 -096.497
56521 +46.999 -095.902
56522 +46.135 -096.390
56523 +47.638 -096.809
56524 +46.217 -095.615
56525 +46.672 -096.752
56527 +46.373 -095.315
56528 +46.521 -095.824
56529 +46.879 -096.696
56531 +45.992 -095.982
56533 +46.399 -096.142
56534 +46.472 -096.011
56535 +47.678 -096.042
56536 +47.041 -096.533
56537 +46.277 -096.092
56540 +47.540 -096.274
56541 +47.173 -096.141
56542 +47.568 -095.728
56543 +46.285 -096.337
56544 +46.758 -095.605
56545 +47.397 -096.243
56546 +47.105 -096.720
56547 +46.889 -096.554
56548 +47.368 -096.745
56549 +46.848 -096.312
56550 +47.274 -096.743
56551 +46.319 -095.454
56552 +46.985 -096.234
56553 +46.429 -096.618
56554 +46.886 -096.116
56556 +47.663 -095.880
56557 +47.304 -095.836
56560 +46.835 -096.735
56562 +46.865 -096.770
56563 +46.867 -096.755
56565 +46.049 -096.315
56566 +47.246 -095.605
56567 +46.550 -095.374
56568 +47.535 -096.783
56569 +47.078 -095.827
56570 +46.918 -095.367
56571 +46.434 -095.543
56572 +46.605 -096.084
56573 +46.610 -095.542
56574 +47.199 -096.706
56575 +47.042 -095.435
56576 +46.476 -095.740
56578 +46.941 -095.641
56579 +46.464 -096.339
56580 +46.736 -096.604
56581 +47.462 -096.762
56583 +46.003 -096.407
56584 +47.224 -096.237
56585 +47.088 -096.246
56586 +46.318 -095.831
56587 +46.637 -095.857
56588 +46.209 -095.497
56589 +47.212 -095.728
56590 +46.028 -096.153
56591 +47.101 -095.857
56592 +47.532 -096.008
56594 +46.549 -096.645
56601 +47.511 -094.821
56621 +47.398 -095.414
56623 +48.597 -094.601
56626 +47.377 -094.149
56627 +48.194 -094.048
56628 +47.702 -093.534
56629 +48.512 -094.165
56630 +47.739 -094.510
56633 +47.319 -094.501
56634 +47.681 -095.398
56636 +47.390 -093.849
56637 +47.618 -093.844
56639 +47.919 -093.536
56641 +47.202 -094.260
56644 +47.778 -095.513
56646 +47.783 -095.633
56647 +47.690 -094.619
56649 +48.533 -093.163
56650 +47.998 -094.557
56651 +47.454 -095.617
56652 +47.708 -095.228
56653 +48.283 -093.575
56654 +48.431 -093.965
56655 +46.981 -094.231
56657 +47.573 -093.637
56658 +48.112 -093.933
56659 +47.551 -094.049
56660 +47.993 -094.193
56661 +47.835 -094.125
56662 +46.862 -093.853
56663 +47.506 -094.443
56666 +48.033 -094.821
56667 +47.722 -094.969
56668 +48.615 -093.345
56669 +48.371 -093.210
56670 +47.829 -094.865
56671 +47.943 -095.339
56672 +47.073 -094.002
56673 +48.774 -095.150
56676 +47.522 -095.201
56678 +47.436 -095.115
56680 +47.659 -093.955
56681 +47.554 -094.264
56683 +47.736 -094.751
56684 +47.870 -095.699
56685 +48.239 -094.531
56686 +48.784 -094.912
56688 +47.805 -093.840
56701 +48.120 -096.200
56710 +48.218 -096.998
56711 +48.984 -095.059
56713 +48.351 -096.814
56714 +48.788 -096.005
56715 +47.806 -095.949
56716 +47.743 -096.555
56720 +48.563 -096.905
56721 +47.971 -096.950
56722 +47.985 -096.651
56723 +47.805 -096.806
56724 +48.445 -095.735
56725 +48.144 -095.712
56726 +48.725 -096.217
56727 +48.347 -095.389
56728 +48.784 -096.977
56729 +48.669 -096.594
56731 +48.913 -097.073
56732 +48.584 -096.467
56733 +48.638 -096.896
56734 +48.770 -096.604
56735 +48.910 -096.635
56736 +47.706 -096.212
56737 +48.407 -096.009
56738 +48.347 -096.337
56742 +47.931 -095.828
56744 +48.233 -097.117
56748 +47.921 -096.007
56750 +47.886 -096.297
56751 +48.811 -095.757
56754 +47.983 -096.187
56755 +48.970 -097.118
56756 +48.901 -095.560
56757 +48.478 -096.898
56758 +48.470 -096.541
56759 +48.551 -096.081
56760 +48.240 -096.446
56761 +48.609 -095.697
56762 +48.169 -096.741
56763 +48.807 -095.341
57001 +43.004 -096.657
57002 +44.288 -096.678
57003 +43.746 -096.755
57004 +43.076 -096.792
57005 +43.594 -096.587
57006 +44.316 -096.794
57007 +44.319 -096.784
57010 +42.812 -096.816
57012 +43.594 -097.278
57013 +43.283 -096.625
57014 +43.112 -096.956
57015 +43.425 -096.974
57016 +43.878 -096.958
57017 +44.033 -096.819
57018 +43.798 -096.981
57020 +43.681 -096.820
57021 +43.275 -096.981
57022 +43.856 -096.737
57024 +43.985 -096.682
57025 +42.715 -096.695
57026 +44.248 -096.496
57027 +43.192 -096.520
57028 +44.062 -096.600
57029 +43.335 -097.471
57030 +43.736 -096.544
57031 +42.876 -097.186
57032 +43.424 -096.678
57033 +43.613 -096.963
57034 +43.120 -096.538
57035 +43.646 -097.080
57036 +43.267 -097.146
57037 +43.104 -097.249
57038 +42.578 -096.577
57039 +43.338 -096.875
57040 +43.061 -097.587
57041 +43.722 -096.884
57042 +43.971 -097.144
57043 +43.423 -097.310
57045 +43.205 -097.528
57046 +42.958 -097.307
57047 +43.518 -097.215
57048 +43.742 -097.200
57049 +42.523 -096.510
57050 +44.157 -097.020
57051 +44.217 -097.351
57052 +43.292 -097.708
57053 +43.410 -097.137
57054 +44.117 -097.260
57055 +43.667 -096.744
57057 +44.102 -096.959
57058 +43.744 -097.402
57059 +43.119 -097.764
57061 +44.244 -097.044
57062 +42.846 -097.945
57063 +42.930 -097.685
57064 +43.456 -096.875
57065 +43.900 -096.606
57066 +42.989 -097.867
57067 +43.046 -097.469
57068 +43.573 -096.499
57069 +42.845 -096.986
57070 +43.182 -097.170
57071 +44.272 -096.963
57072 +42.989 -097.205
57073 +43.006 -097.055
57075 +43.996 -096.967
57076 +43.972 -097.360
57077 +43.309 -096.752
57078 +42.916 -097.447
57103 +43.538 -096.692
57104 +43.603 -096.704
57105 +43.520 -096.736
57106 +43.509 -096.836
57107 +43.599 -096.817
57108 +43.477 -096.705
57110 +43.544 -096.638
57117 +43.531 -096.755
57197 +43.525 -096.739
57201 +44.937 -097.093
57212 +44.379 -097.139
57213 +44.570 -096.537
57214 +44.480 -097.195
57216 +45.303 -096.530
57217 +45.087 -097.665
57218 +44.652 -096.592
57219 +45.291 -097.796
57220 +44.460 -096.917
57221 +44.609 -097.441
57223 +44.712 -096.994
57224 +45.812 -097.155
57225 +44.884 -097.728
57226 +44.788 -096.731
57227 +45.376 -096.728
57231 +44.376 -097.582
57232 +45.623 -097.400
57233 +44.510 -097.399
57234 +44.610 -096.894
57235 +45.072 -097.320
57236 +44.986 -097.586
57237 +44.798 -096.500
57238 +44.873 -096.861
57239 +45.511 -097.313
57241 +44.696 -097.216
57242 +44.774 -097.358
57243 +44.913 -097.442
57245 +44.894 -096.918
57246 +45.055 -096.667
57247 +45.712 -097.463
57248 +44.584 -097.188
57249 +44.383 -097.371
57251 +45.277 -096.935
57252 +45.200 -096.613
57255 +45.851 -096.948
57256 +45.250 -097.197
57257 +45.497 -097.031
57258 +44.883 -097.927
57259 +45.002 -096.563
57260 +45.842 -096.720
57261 +45.546 -097.500
57262 +45.669 -097.074
57263 +45.141 -097.008
57264 +45.108 -096.811
57265 +44.992 -096.782
57266 +45.290 -097.093
57268 +44.568 -096.689
57269 +45.224 -096.800
57270 +45.849 -097.331
57271 +44.758 -097.538
57272 +45.108 -097.484
57273 +45.333 -097.275
57274 +45.310 -097.556
57276 +44.436 -096.618
57278 +44.649 -097.681
57279 +45.416 -096.869
57301 +43.711 -098.040
57311 +43.651 -097.765
57312 +44.193 -098.384
57313 +43.305 -098.355
57314 +44.046 -097.981
57315 +42.988 -098.040
57317 +43.144 -098.966
57319 +43.533 -097.480
57321 +43.871 -097.540
57322 +44.638 -097.962
57323 +44.165 -097.720
57324 +44.301 -098.045
57325 +43.835 -099.312
57328 +43.438 -098.439
57329 +42.981 -098.146
57330 +43.265 -098.158
57331 +43.474 -098.045
57332 +43.550 -097.657
57334 +43.535 -097.996
57335 +43.065 -098.744
57337 +44.002 -097.781
57339 +44.127 -099.464
57340 +43.793 -097.852
57341 +44.095 -099.118
57342 +43.245 -098.701
57344 +43.449 -098.619
57345 +44.578 -099.444
57346 +44.249 -099.457
57348 +44.626 -098.372
57349 +44.030 -097.581
57350 +44.392 -098.202
57353 +44.369 -097.834
57354 +43.194 -097.844
57355 +43.784 -098.931
57356 +43.145 -098.513
57358 +44.075 -098.422
57359 +43.902 -098.154
57361 +42.995 -098.435
57362 +44.469 -099.071
57363 +43.680 -098.256
57364 +43.434 -098.618
57365 +43.811 -099.416
57366 +43.392 -097.947
57367 +43.066 -098.503
57368 +43.750 -098.472
57369 +43.421 -098.953
57370 +43.817 -099.168
57371 +44.437 -099.221
57373 +44.531 -098.878
57374 +43.753 -097.599
57375 +43.556 -098.480
57376 +43.220 -097.945
57379 +44.270 -098.529
57380 +43.031 -098.299
57381 +44.388 -098.731
57382 +44.056 -098.680
57383 +43.717 -098.713
57384 +44.417 -098.486
57385 +44.047 -098.301
57386 +44.507 -097.997
57401 +45.482 -098.533
57420 +45.282 -100.143
57421 +45.755 -097.907
57422 +45.425 -097.928
57424 +45.020 -098.523
57426 +45.735 -098.494
57427 +45.481 -098.319
57428 +45.452 -099.676
57429 +45.161 -098.301
57430 +45.835 -097.720
57432 +45.683 -098.031
57433 +45.638 -098.321
57434 +45.167 -098.072
57435 +45.154 -098.914
57436 +44.836 -098.077
57437 +45.789 -099.625
57438 +45.065 -099.154
57439 +45.335 -098.100
57440 +44.853 -098.257
57441 +45.826 -098.513
57442 +45.062 -100.158
57445 +45.466 -098.115
57446 +45.871 -098.153
57448 +45.612 -099.433
57449 +45.727 -098.176
57450 +45.210 -099.827
57451 +45.438 -098.937
57452 +45.529 -099.863
57454 +45.612 -097.761
57455 +45.007 -099.683
57456 +45.721 -099.000
57457 +45.877 -099.154
57460 +45.280 -098.671
57461 +45.165 -098.442
57465 +45.151 -098.667
57466 +45.197 -099.458
57467 +44.837 -099.180
57468 +45.495 -097.743
57469 +44.857 -098.572
57470 +44.884 -098.894
57471 +45.405 -099.318
57472 +45.428 -100.110
57473 +44.991 -099.471
57474 +45.292 -098.279
57475 +45.224 -099.625
57476 +44.706 -098.615
57477 +45.034 -098.144
57479 +45.304 -098.438
57481 +45.663 -098.683
57501 +44.528 -100.309
57520 +44.853 -100.194
57521 +43.792 -101.183
57522 +44.511 -099.964
57523 +43.248 -099.237
57528 +43.177 -099.760
57529 +43.231 -099.564
57531 +43.974 -100.486
57532 +44.365 -100.566
57533 +43.350 -099.420
57534 +43.561 -099.652
57536 +44.417 -099.774
57537 +44.578 -101.067
57538 +43.121 -099.157
57540 +44.461 -099.608
57541 +43.598 -099.912
57543 +43.748 -101.521
57544 +43.883 -099.844
57547 +43.490 -101.424
57548 +44.168 -099.588
57551 +43.192 -101.708
57552 +44.262 -101.217
57553 +44.475 -101.646
57555 +43.286 -100.667
57559 +43.931 -100.723
57560 +43.437 -101.210
57562 +43.898 -100.958
57563 +43.350 -100.421
57564 +44.740 -100.015
57566 +43.309 -101.089
57567 +44.134 -101.708
57568 +43.876 -100.096
57569 +43.859 -099.554
57570 +43.252 -100.885
57571 +43.041 -099.090
57572 +43.137 -101.100
57574 +43.126 -101.386
57576 +43.906 -100.292
57577 +43.524 -101.656
57579 +43.576 -100.789
57580 +43.289 -100.090
57584 +43.490 -100.062
57585 +43.558 -100.385
57601 +45.339 -100.365
57620 +45.377 -102.540
57621 +45.773 -101.081
57622 +44.683 -101.566
57623 +45.016 -101.653
57625 +44.979 -101.025
57626 +44.997 -102.174
57630 +45.334 -100.844
57631 +45.589 -100.296
57632 +45.833 -100.044
57633 +45.442 -101.532
57634 +45.773 -101.866
57636 +45.032 -101.438
57638 +45.870 -102.232
57639 +45.679 -100.807
57640 +45.769 -102.705
57641 +45.896 -101.311
57642 +45.791 -100.715
57644 +45.478 -102.094
57645 +45.907 -101.716
57646 +45.680 -100.058
57648 +45.930 -100.320
57649 +45.489 -102.849
57650 +45.831 -103.035
57651 +45.477 -103.034
57652 +45.136 -100.683
57656 +45.423 -101.107
57657 +45.519 -100.792
57658 +45.669 -100.562
57659 +45.891 -101.094
57660 +45.832 -101.531
57661 +45.267 -100.978
57701 +44.122 -103.201
57702 +44.032 -103.415
57703 +44.005 -103.043
57706 +44.159 -103.102
57714 +43.329 -101.915
57716 +43.091 -102.196
57717 +44.934 -103.896
57718 +44.171 -103.369
57719 +44.231 -102.994
57720 +45.537 -103.586
57722 +43.443 -102.987
57724 +45.574 -104.001
57725 +43.932 -102.792
57730 +43.727 -103.649
57732 +44.329 -103.689
57735 +43.288 -103.854
57737 +44.555 -102.517
57738 +43.685 -103.159
57741 +44.410 -103.473
57744 +43.793 -103.034
57745 +44.013 -103.786
57747 +43.374 -103.519
57748 +44.585 -102.011
57750 +43.593 -101.945
57751 +43.869 -103.427
57752 +43.429 -102.201
57754 +44.255 -103.888
57755 +45.868 -103.347
57756 +43.237 -102.475
57758 +44.995 -102.737
57759 +44.228 -103.557
57760 +44.895 -103.335
57761 +44.227 -102.785
57762 +44.753 -103.620
57763 +43.124 -103.251
57764 +43.258 -102.771
57766 +43.356 -103.178
57767 +44.137 -102.571
57769 +44.245 -103.289
57770 +43.084 -102.654
57772 +43.477 -102.528
57773 +43.594 -103.592
57775 +44.093 -102.002
57776 +45.236 -103.508
57779 +44.569 -103.761
57780 +43.768 -102.480
57782 +43.249 -103.181
57783 +44.456 -103.925
57785 +44.402 -103.189
57787 +44.668 -102.658
57788 +44.617 -103.205
57790 +44.104 -102.201
57791 +44.247 -102.458
57792 +44.598 -102.368
57793 +44.525 -103.579
57794 +43.121 -102.407
57799 +44.498 -103.873
58001 +46.448 -096.741
58002 +46.971 -097.397
58004 +47.026 -097.271
58005 +47.053 -096.951
58006 +47.097 -097.204
58007 +47.025 -097.457
58008 +46.308 -097.002
58009 +47.327 -097.244
58011 +46.928 -097.544
58012 +46.942 -097.168
58013 +46.058 -097.353
58015 +46.592 -096.815
58016 +47.366 -097.463
58017 +46.043 -097.851
58018 +46.435 -096.889
58021 +46.736 -097.082
58027 +46.633 -097.631
58029 +47.119 -097.394
58030 +46.030 -096.668
58031 +46.768 -097.671
58032 +46.076 -097.655
58033 +46.435 -097.920
58035 +47.253 -097.431
58036 +47.155 -096.963
58038 +47.245 -096.995
58040 +46.189 -097.685
58041 +46.037 -096.906
58042 +46.971 -096.956
58043 +45.970 -097.538
58045 +47.389 -097.016
58046 +47.322 -097.728
58047 +46.714 -096.873
58048 +47.199 -097.224
58049 +46.671 -097.991
58051 +46.637 -097.022
58052 +46.635 -097.280
58053 +46.053 -097.181
58054 +46.417 -097.669
58056 +47.237 -097.929
58057 +46.425 -097.268
58058 +46.181 -096.972
58059 +46.832 -097.144
58060 +46.268 -097.427
58061 +46.275 -096.894
58062 +46.638 -097.840
58063 +46.959 -097.798
58064 +47.140 -097.632
58065 +47.200 -097.766
58067 +46.073 -097.499
58068 +46.551 -097.417
58069 +46.243 -097.840
58071 +46.941 -097.683
58072 +46.927 -098.008
58074 +46.218 -096.876
58075 +46.276 -096.730
58076 +46.274 -096.607
58077 +46.525 -096.976
58078 +46.867 -096.942
58079 +46.868 -097.367
58081 +46.314 -097.144
58102 +46.927 -096.835
58103 +46.856 -096.822
58104 +46.793 -096.838
58105 +46.896 -096.804
58201 +47.867 -097.141
58202 +47.921 -097.075
58203 +47.970 -097.165
58204 +47.960 -097.371
58205 +47.955 -097.395
58210 +48.406 -098.112
58212 +47.695 -097.997
58214 +47.927 -097.498
58216 +48.879 -097.443
58218 +47.592 -097.059
58219 +47.476 -096.878
58220 +48.798 -097.742
58222 +48.619 -097.682
58223 +47.520 -097.016
58224 +48.168 -097.943
58225 +48.611 -097.223
58227 +48.549 -097.893
58228 +47.868 -097.345
58229 +48.514 -098.243
58230 +47.493 -097.822
58231 +48.202 -097.829
58233 +48.202 -097.546
58235 +48.090 -097.483
58236 +48.718 -097.505
58237 +48.415 -097.401
58238 +48.780 -097.398
58239 +48.920 -098.685
58240 +47.636 -097.485
58241 +48.709 -097.699
58243 +48.514 -097.680
58244 +48.110 -097.658
58249 +48.823 -098.327
58250 +48.274 -098.022
58251 +47.954 -097.700
58254 +47.774 -098.150
58255 +48.997 -098.354
58256 +48.084 -097.200
58257 +47.490 -097.285
58258 +48.011 -097.338
58259 +48.020 -098.121
58260 +48.637 -098.049
58261 +48.242 -097.319
58262 +48.681 -097.878
58265 +48.956 -097.590
58266 +48.001 -097.850
58267 +47.755 -097.629
58269 +48.698 -098.158
58270 +48.395 -097.791
58271 +48.913 -097.290
58272 +48.008 -097.985
58273 +48.297 -097.663
58274 +47.492 -097.489
58275 +47.690 -097.105
58276 +48.624 -097.456
58277 +47.608 -097.823
58278 +47.781 -097.121
58281 +48.856 -098.616
58282 +48.898 -097.942
58301 +48.142 -098.893
58310 +48.567 -099.553
58311 +48.645 -098.557
58313 +48.166 -100.037
58316 +48.845 -099.803
58317 +48.626 -099.404
58318 +48.858 -100.397
58321 +48.202 -098.314
58323 +48.841 -098.923
58324 +48.479 -099.221
58325 +48.289 -099.118
58327 +48.104 -098.568
58329 +48.862 -100.072
58330 +48.434 -098.479
58331 +48.639 -099.090
58332 +48.044 -099.773
58335 +47.970 -099.017
58338 +48.526 -098.627
58339 +48.973 -099.325
58341 +47.768 -099.877
58343 +48.296 -099.729
58344 +48.017 -098.343
58345 +48.307 -098.375
58346 +48.293 -099.430
58348 +47.953 -099.521
58351 +48.098 -099.315
58352 +48.696 -098.858
58353 +48.639 -099.591
58355 +48.578 -098.396
58356 +47.671 -099.072
58357 +47.940 -099.217
58361 +47.752 -098.376
58362 +48.231 -099.060
58363 +48.769 -099.466
58365 +48.841 -099.232
58366 +48.654 -099.874
58367 +48.882 -099.556
58368 +48.239 -100.031
58369 +48.959 -099.814
58370 +47.985 -098.866
58372 +48.942 -099.012
58374 +47.825 -099.095
58377 +48.472 -098.873
58379 +47.897 -098.822
58380 +47.825 -098.502
58381 +47.826 -098.749
58382 +48.318 -098.799
58384 +48.596 -100.266
58385 +48.473 -099.646
58386 +48.319 -099.599
58401 +46.884 -098.767
58402 +46.882 -098.688
58405 +46.915 -098.697
58413 +45.985 -099.332
58415 +46.362 -098.485
58416 +47.551 -098.361
58418 +47.421 -099.639
58420 +47.061 -098.858
58421 +47.440 -099.077
58422 +47.594 -099.406
58423 +47.428 -099.831
58424 +46.879 -099.094
58425 +47.454 -098.118
58426 +47.218 -098.579
58428 +46.808 -099.749
58429 +47.205 -098.174
58430 +47.509 -100.257
58431 +46.508 -098.504
58433 +46.366 -098.722
58436 +46.076 -098.580
58438 +47.667 -099.568
58439 +45.968 -098.831
58440 +46.278 -099.162
58441 +46.175 -098.368
58442 +46.554 -099.180
58443 +47.464 -098.681
58444 +47.484 -100.141
58445 +47.559 -098.781
58448 +47.306 -098.205
58451 +47.450 -099.972
58452 +47.540 -098.229
58454 +46.584 -098.952
58455 +47.303 -098.729
58456 +46.252 -098.953
58458 +46.368 -098.294
58460 +46.310 -099.322
58461 +46.650 -098.192
58463 +47.492 -100.473
58464 +47.613 -098.609
58466 +46.609 -098.369
58467 +46.875 -099.330
58472 +46.639 -098.650
58474 +46.103 -098.142
58475 +47.147 -099.534
58476 +47.194 -099.005
58477 +47.221 -100.521
58478 +47.162 -099.745
58479 +47.089 -098.203
58480 +46.945 -098.259
58481 +46.935 -098.424
58482 +46.869 -099.901
58483 +46.668 -099.433
58484 +47.369 -098.464
58486 +47.396 -099.390
58487 +46.857 -099.606
58488 +47.179 -100.026
58490 +46.384 -098.066
58492 +47.162 -098.425
58494 +47.185 -100.262
58495 +46.272 -099.601
58496 +47.141 -099.309
58497 +46.768 -098.509
58501 +46.815 -100.698
58503 +46.906 -100.752
58504 +46.743 -100.679
58505 +46.820 -100.781
58520 +46.674 -101.568
58521 +47.028 -100.674
58523 +47.265 -101.782
58524 +46.622 -100.074
58528 +46.324 -100.595
58529 +46.305 -101.581
58530 +47.132 -101.164
58531 +47.579 -101.235
58532 +46.847 -100.109
58533 +46.395 -101.797
58535 +46.482 -101.249
58538 +46.081 -100.659
58540 +47.622 -101.726
58541 +47.340 -102.044
58542 +46.045 -099.994
58544 +46.513 -100.372
58545 +47.350 -101.600
58549 +46.463 -099.937
58552 +46.244 -100.287
58554 +46.756 -100.949
58558 +46.820 -100.526
58559 +47.472 -100.695
58560 +46.655 -100.313
58561 +46.492 -099.663
58562 +46.361 -102.009
58563 +46.899 -101.439
58564 +46.266 -101.344
58565 +47.496 -101.371
58566 +46.578 -100.907
58568 +46.098 -100.999
58569 +46.268 -101.199
58570 +46.376 -100.872
58571 +47.292 -101.407
58572 +46.868 -100.340
58573 +46.124 -100.202
58575 +47.552 -100.894
58576 +47.437 -101.214
58577 +47.318 -101.052
58579 +47.179 -100.738
58580 +47.268 -101.943
58581 +46.050 -099.806
58601 +46.908 -102.827
58620 +46.506 -103.338
58621 +47.121 -103.945
58622 +46.880 -103.252
58623 +46.161 -103.424
58625 +47.280 -102.186
58626 +47.378 -102.602
58627 +47.234 -103.273
58630 +46.927 -102.570
58631 +46.799 -101.837
58632 +46.673 -103.965
58634 +47.445 -103.364
58636 +47.394 -102.346
58638 +46.918 -102.038
58639 +46.067 -102.651
58640 +47.454 -102.905
58641 +46.667 -102.486
58642 +47.201 -102.834
58643 +46.217 -103.960
58644 +47.132 -102.349
58645 +46.951 -103.550
58646 +46.393 -102.288
58647 +46.519 -102.936
58649 +46.140 -102.902
58650 +46.437 -102.620
58651 +46.259 -103.741
58652 +46.898 -102.240
58653 +46.090 -103.130
58654 +46.784 -103.824
58655 +46.771 -103.031
58656 +46.956 -102.465
58701 +48.145 -101.326
58703 +48.321 -101.305
58704 +48.414 -101.318
58705 +48.416 -101.352
58707 +48.248 -101.301
58710 +47.868 -100.231
58711 +48.930 -101.267
58712 +47.971 -100.553
58713 +48.524 -100.614
58716 +47.804 -101.068
58718 +48.291 -101.804
58721 +48.822 -102.254
58722 +48.250 -101.501
58723 +47.746 -100.596
58725 +48.481 -101.680
58727 +48.858 -102.804
58730 +48.860 -103.308
58731 +48.449 -100.983
58733 +48.175 -101.588
58734 +48.513 -101.957
58735 +47.884 -101.476
58736 +47.931 -100.396
58737 +48.908 -102.401
58740 +48.466 -101.222
58741 +48.277 -100.831
58744 +48.120 -100.591
58746 +48.713 -102.094
58748 +48.662 -100.636
58750 +48.615 -101.398
58752 +48.821 -102.599
58755 +48.626 -102.951
58756 +47.971 -101.815
58757 +47.686 -102.556
58758 +47.768 -100.090
58759 +47.845 -101.250
58760 +48.697 -101.136
58761 +48.786 -101.524
58762 +48.673 -100.940
58763 +47.984 -102.583
58765 +48.873 -103.043
58768 +48.252 -101.024
58769 +48.306 -102.235
58770 +47.869 -102.161
58771 +48.088 -101.976
58772 +48.960 -102.634
58773 +48.583 -102.658
58775 +47.710 -101.861
58776 +48.248 -102.623
58778 +47.786 -100.913
58779 +47.855 -101.754
58781 +48.030 -101.134
58782 +48.944 -101.705
58783 +48.880 -100.760
58784 +48.360 -102.424
58785 +48.307 -101.102
58787 +48.756 -101.814
58788 +48.325 -100.478
58789 +48.553 -100.809
58790 +48.030 -100.948
58792 +47.971 -100.747
58793 +48.869 -101.051
58794 +48.269 -102.791
58795 +48.640 -103.157
58801 +48.238 -103.770
58830 +48.597 -103.461
58831 +47.854 -103.652
58833 +48.887 -103.520
58835 +47.737 -103.449
58838 +47.770 -103.901
58843 +48.234 -103.377
58844 +48.888 -103.750
58845 +48.641 -103.918
58847 +47.889 -102.906
58849 +48.308 -103.163
58852 +48.382 -102.932
58853 +48.061 -103.727
58854 +47.828 -103.153
58856 +48.595 -103.733
59001 +45.530 -109.540
59002 +46.023 -108.666
59003 +45.492 -106.201
59006 +45.921 -108.089
59007 +45.171 -109.195
59008 +45.080 -109.076
59010 +45.965 -107.299
59011 +45.925 -109.949
59012 +45.324 -106.627
59013 +45.461 -109.081
59014 +45.155 -108.668
59015 +46.085 -108.829
59016 +45.458 -106.948
59018 +45.850 -110.624
59019 +45.629 -109.241
59020 +45.108 -110.101
59022 +45.570 -107.262
59024 +46.278 -107.807
59025 +45.086 -106.704
59026 +45.485 -108.784
59027 +45.259 -110.904
59028 +45.303 -109.713
59029 +45.397 -108.803
59030 +45.087 -110.596
59031 +45.498 -107.375
59032 +47.025 -108.703
59033 +45.724 -109.735
59034 +45.700 -107.783
59035 +45.305 -107.949
59036 +46.460 -109.883
59037 +45.865 -108.211
59038 +46.222 -107.208
59039 +46.687 -107.291
59041 +45.501 -108.968
59043 +45.551 -106.676
59044 +45.644 -108.732
59046 +46.361 -108.950
59047 +45.577 -110.550
59050 +45.259 -107.476
59052 +45.466 -110.146
59053 +46.442 -110.432
59054 +46.669 -107.772
59055 +46.109 -109.810
59057 +45.854 -108.954
59058 +46.988 -107.760
59059 +46.511 -108.074
59061 +45.425 -109.857
59062 +45.151 -106.218
59063 +45.652 -108.966
59064 +45.879 -107.871
59065 +45.271 -110.673
59066 +45.336 -108.510
59067 +45.970 -109.224
59068 +45.087 -109.558
59069 +45.727 -109.583
59070 +45.365 -109.182
59071 +45.246 -109.630
59072 +46.526 -108.554
59074 +46.364 -109.299
59075 +45.406 -107.848
59076 +46.283 -107.068
59077 +47.245 -107.593
59078 +46.423 -109.489
59079 +46.062 -108.363
59081 +45.020 -109.983
59082 +45.849 -110.290
59083 +46.563 -107.559
59085 +46.323 -110.188
59086 +46.061 -110.663
59087 +47.142 -108.227
59088 +46.130 -108.055
59089 +45.092 -107.315
59101 +45.607 -108.342
59102 +45.775 -108.581
59105 +45.893 -108.498
59106 +45.814 -108.710
59201 +48.142 -105.627
59211 +48.699 -104.350
59212 +48.222 -104.143
59213 +48.189 -104.887
59214 +47.300 -106.039
59215 +47.517 -105.769
59217 +47.579 -104.239
59218 +48.076 -104.492
59219 +48.571 -104.158
59221 +47.900 -104.164
59222 +48.701 -105.159
59223 +47.913 -106.207
59225 +48.270 -105.968
59226 +48.348 -104.530
59230 +48.131 -106.798
59231 +48.404 -106.544
59240 +48.842 -106.241
59241 +48.458 -107.051
59242 +48.411 -104.443
59243 +47.758 -104.679
59244 +48.620 -106.304
59247 +48.516 -104.523
59248 +48.245 -106.249
59250 +48.845 -106.624
59252 +48.947 -104.838
59253 +48.736 -105.858
59254 +48.752 -104.641
59255 +48.236 -105.159
59256 +48.908 -104.553
59257 +48.754 -104.942
59258 +48.584 -104.655
59259 +47.681 -105.100
59260 +48.857 -106.120
59261 +48.529 -107.422
59262 +47.490 -104.497
59263 +48.791 -105.514
59270 +47.609 -104.086
59273 +48.307 -106.943
59274 +47.846 -105.419
59275 +48.877 -104.156
59276 +48.966 -105.214
59301 +46.360 -105.867
59311 +45.163 -104.549
59312 +47.038 -106.264
59313 +46.258 -104.226
59314 +45.068 -105.434
59315 +47.452 -104.868
59316 +45.347 -105.072
59317 +45.338 -105.519
59318 +47.501 -107.514
59319 +45.412 -104.165
59322 +47.051 -106.689
59323 +45.917 -106.722
59324 +45.769 -104.569
59326 +46.770 -104.859
59327 +46.237 -106.682
59330 +47.121 -104.764
59332 +45.390 -104.699
59333 +46.277 -106.195
59336 +46.349 -104.954
59337 +47.407 -106.817
59338 +46.640 -105.640
59339 +47.225 -105.271
59343 +45.662 -105.426
59344 +46.357 -104.597
59345 +45.860 -105.212
59347 +46.421 -106.366
59349 +46.812 -105.504
59351 +45.759 -105.711
59353 +46.963 -104.275
59354 +46.177 -104.421
59401 +47.511 -111.277
59404 +47.632 -111.329
59405 +47.289 -111.300
59410 +47.504 -112.647
59411 +48.892 -113.398
59412 +47.303 -110.864
59414 +47.528 -111.260
59416 +48.038 -111.527
59417 +48.552 -113.002
59418 +46.804 -109.856
59419 +47.966 -112.317
59420 +47.878 -111.004
59421 +47.075 -111.688
59422 +47.834 -112.489
59424 +47.353 -110.108
59425 +48.187 -111.899
59427 +48.741 -112.666
59430 +47.431 -109.780
59432 +48.156 -112.546
59433 +47.884 -111.692
59434 +48.698 -113.507
59435 +48.577 -112.039
59436 +47.616 -112.120
59440 +47.716 -111.159
59441 +46.828 -109.069
59442 +47.929 -110.652
59443 +47.564 -111.829
59444 +48.651 -111.380
59446 +47.651 -110.152
59447 +47.286 -110.450
59448 +48.263 -112.849
59450 +47.552 -110.743
59451 +47.390 -109.390
59452 +46.893 -110.061
59453 +46.649 -109.681
59454 +48.769 -111.985
59456 +48.270 -111.362
59457 +47.140 -109.311
59460 +48.074 -110.507
59461 +48.471 -111.211
59462 +47.105 -109.893
59463 +47.049 -110.867
59464 +46.840 -109.617
59465 +46.938 -110.708
59466 +48.718 -111.775
59467 +48.070 -112.402
59468 +47.728 -111.634
59469 +47.191 -110.684
59471 +47.427 -108.772
59472 +47.339 -111.207
59474 +48.529 -111.691
59477 +47.443 -111.974
59479 +47.033 -110.305
59480 +47.214 -111.075
59482 +48.864 -111.852
59483 +47.465 -111.733
59484 +48.960 -111.539
59485 +47.432 -111.569
59486 +48.340 -112.377
59487 +47.587 -111.639
59489 +47.625 -109.230
59501 +48.690 -109.781
59520 +48.038 -109.932
59521 +48.305 -109.951
59522 +48.557 -110.977
59523 +48.526 -109.199
59524 +48.139 -108.402
59525 +48.642 -110.262
59526 +48.453 -108.701
59527 +48.042 -108.792
59528 +48.617 -110.434
59529 +48.797 -108.679
59530 +48.601 -110.696
59531 +48.777 -110.795
59532 +48.594 -110.081
59535 +47.941 -109.253
59537 +48.843 -107.988
59538 +48.026 -107.840
59540 +48.605 -110.564
59542 +48.822 -108.336
59544 +48.803 -107.555
59545 +48.939 -111.220
59546 +47.899 -108.539
59547 +48.703 -108.986
59601 +46.531 -112.199
59602 +46.727 -111.908
59623 +46.590 -112.041
59625 +46.601 -112.039
59631 +46.291 -112.389
59632 +46.169 -112.004
59633 +46.819 -112.343
59634 +46.445 -112.031
59635 +46.555 -111.814
59636 +46.616 -112.114
59638 +46.358 -112.028
59639 +47.192 -112.747
59640 +46.768 -112.368
59642 +46.265 -110.757
59643 +46.135 -111.580
59644 +46.417 -111.443
59645 +46.688 -111.055
59647 +46.463 -111.654
59648 +47.092 -112.202
59701 +46.033 -112.464
59710 +45.054 -112.081
59711 +46.095 -113.142
59713 +46.659 -112.619
59714 +45.973 -111.134
59715 +45.694 -110.906
59716 +45.287 -111.389
59718 +45.639 -111.171
59720 +44.939 -111.589
59721 +45.852 -111.863
59722 +46.353 -112.753
59724 +44.661 -112.805
59725 +45.074 -112.835
59727 +45.799 -112.831
59728 +46.509 -112.435
59729 +45.325 -111.651
59730 +45.208 -111.129
59731 +46.579 -112.761
59732 +45.500 -112.692
59733 +46.545 -112.958
59735 +45.650 -111.850
59736 +45.344 -113.343
59739 +44.660 -112.200
59740 +45.504 -111.814
59741 +45.770 -111.368
59743 +45.601 -112.765
59745 +45.595 -111.615
59746 +45.385 -113.059
59747 +45.697 -111.962
59748 +46.046 -112.696
59749 +45.454 -112.072
59750 +45.917 -112.685
59751 +45.690 -112.298
59752 +45.916 -111.526
59754 +45.519 -112.357
59755 +45.271 -111.944
59756 +46.174 -112.835
59758 +44.800 -111.190
59759 +45.845 -112.166
59760 +45.756 -111.592
59761 +45.576 -113.556
59762 +45.949 -113.334
59801 +46.855 -114.010
59802 +46.904 -113.919
59803 +46.784 -113.946
59804 +46.879 -114.265
59808 +46.962 -114.092
59812 +46.861 -113.985
59820 +46.897 -114.609
59821 +47.209 -114.022
59823 +46.968 -113.605
59824 +47.413 -114.207
59825 +46.614 -113.649
59826 +47.463 -113.704
59827 +45.893 -114.088
59828 +46.327 -113.959
59829 +45.750 -114.178
59830 +47.435 -115.457
59831 +47.260 -114.368
59832 +46.689 -113.253
59833 +46.648 -114.074
59834 +47.080 -114.222
59837 +46.535 -113.283
59840 +46.167 -114.105
59841 +46.334 -114.223
59842 +47.330 -115.438
59843 +46.854 -113.014
59844 +48.000 -115.939
59845 +47.690 -114.555
59846 +47.152 -114.513
59847 +46.716 -114.370
59848 +47.710 -114.690
59851 +46.872 -113.877
59853 +48.042 -115.791
59854 +47.276 -113.234
59855 +47.600 -114.118
59856 +47.380 -114.737
59858 +46.286 -113.467
59859 +47.520 -114.795
59860 +47.716 -114.186
59863 +47.300 -114.183
59864 +47.532 -114.120
59865 +47.332 -113.998
59866 +47.343 -115.120
59867 +47.391 -115.563
59868 +47.221 -113.540
59870 +46.516 -114.063
59871 +45.892 -113.817
59872 +47.105 -114.909
59873 +47.663 -115.273
59874 +47.807 -115.600
59875 +46.420 -114.316
59901 +48.231 -114.403
59910 +47.821 -114.236
59911 +47.864 -113.885
59912 +48.437 -114.169
59913 +48.434 -113.959
59914 +47.876 -114.303
59915 +47.820 -114.411
59916 +48.307 -113.657
59917 +48.935 -114.877
59918 +48.781 -114.759
59919 +48.377 -114.056
59920 +48.003 -114.608
59922 +48.003 -114.222
59923 +48.271 -115.313
59925 +48.044 -114.833
59926 +48.352 -113.996
59927 +48.560 -114.713
59928 +48.797 -114.292
59929 +47.916 -114.405
59930 +48.867 -115.133
59931 +47.922 -114.255
59932 +48.052 -114.243
59933 +48.719 -114.768
59934 +48.637 -114.932
59935 +48.650 -115.835
59936 +48.190 -113.474
59937 +48.437 -114.499
60002 +42.467 -088.094
60004 +42.113 -087.980
60005 +42.064 -087.987
60007 +42.024 -088.000
60008 +42.070 -088.022
60010 +42.146 -088.165
60012 +42.273 -088.312
60013 +42.224 -088.236
60014 +42.230 -088.330
60015 +42.174 -087.878
60016 +42.053 -087.892
60018 +41.979 -087.894
60020 +42.395 -088.174
60021 +42.195 -088.217
60022 +42.136 -087.760
60025 +42.075 -087.812
60026 +42.092 -087.838
60029 +42.059 -087.785
60030 +42.336 -088.047
60031 +42.373 -087.940
60033 +42.423 -088.610
60034 +42.459 -088.427
60035 +42.186 -087.806
60040 +42.207 -087.813
60041 +42.370 -088.154
60042 +42.278 -088.195
60043 +42.089 -087.714
60044 +42.288 -087.860
60045 +42.236 -087.865
60046 +42.416 -088.065
60047 +42.202 -088.046
60048 +42.293 -087.945
60050 +42.330 -088.293
60051 +42.350 -088.221
60053 +42.042 -087.789
60056 +42.065 -087.935
60060 +42.270 -088.039
60061 +42.233 -087.959
60062 +42.126 -087.845
60064 +42.324 -087.862
60067 +42.108 -088.064
60068 +42.014 -087.845
60069 +42.196 -087.923
60070 +42.104 -087.929
60071 +42.468 -088.316
60072 +42.406 -088.306
60073 +42.354 -088.102
60074 +42.131 -088.026
60075 +42.493 -087.909
60076 +42.034 -087.729
60077 +42.036 -087.756
60081 +42.449 -088.227
60083 +42.437 -087.950
60084 +42.269 -088.139
60085 +42.355 -087.861
60087 +42.404 -087.854
60088 +42.310 -087.844
60089 +42.167 -087.964
60090 +42.126 -087.912
60091 +42.078 -087.721
60093 +42.104 -087.754
60096 +42.481 -087.830
60097 +42.397 -088.372
60098 +42.325 -088.456
60099 +42.460 -087.865
60101 +41.932 -088.011
60102 +42.163 -088.311
60103 +41.977 -088.206
60104 +41.883 -087.876
60106 +41.964 -087.944
60107 +42.021 -088.178
60108 +41.950 -088.095
60109 +42.054 -088.541
60110 +42.113 -088.292
60111 +42.010 -088.836
60112 +41.924 -088.690
60113 +41.931 -088.964
60115 +41.901 -088.762
60118 +42.109 -088.310
60119 +41.852 -088.476
60120 +42.033 -088.240
60123 +42.041 -088.311
60124 +42.020 -088.401
60126 +41.897 -087.941
60129 +42.008 -088.975
60130 +41.867 -087.818
60131 +41.938 -087.883
60133 +41.978 -088.143
60134 +41.878 -088.342
60135 +42.113 -088.671
60136 +42.105 -088.380
60137 +41.865 -088.063
60139 +41.919 -088.078
60140 +42.079 -088.513
60141 +41.858 -087.838
60142 +42.174 -088.445
60143 +41.974 -088.021
60144 +41.835 -088.520
60145 +42.085 -088.774
60146 +42.100 -088.874
60148 +41.876 -088.019
60150 +41.914 -088.896
60151 +41.918 -088.577
60152 +42.239 -088.627
60153 +41.880 -087.844
60154 +41.849 -087.890
60155 +41.858 -087.856
60156 +42.203 -088.320
60157 +41.975 -088.056
60160 +41.903 -087.862
60162 +41.868 -087.902
60163 +41.888 -087.909
60164 +41.917 -087.901
60165 +41.903 -087.881
60169 +42.051 -088.117
60171 +41.925 -087.838
60172 +41.980 -088.089
60173 +42.052 -088.056
60174 +41.931 -088.299
60175 +41.948 -088.389
60176 +41.958 -087.870
60177 +41.988 -088.310
60178 +42.008 -088.661
60180 +42.223 -088.520
60181 +41.877 -087.976
60183 +41.940 -088.409
60184 +41.952 -088.253
60185 +41.893 -088.215
60187 +41.873 -088.112
60188 +41.916 -088.129
60189 +41.841 -088.122
60190 +41.874 -088.156
60191 +41.965 -087.981
60192 +42.063 -088.204
60193 +42.009 -088.097
60194 +42.033 -088.114
60195 +42.065 -088.087
60201 +42.055 -087.692
60202 +42.029 -087.685
60203 +42.049 -087.717
60208 +42.054 -087.670
60301 +41.889 -087.797
60302 +41.895 -087.790
60304 +41.872 -087.789
60305 +41.895 -087.819
60401 +41.347 -087.614
60402 +41.833 -087.790
60403 +41.568 -088.119
60404 +41.513 -088.224
60406 +41.655 -087.682
60407 +41.235 -088.261
60408 +41.266 -088.219
60409 +41.614 -087.552
60410 +41.428 -088.213
60411 +41.507 -087.590
60415 +41.703 -087.780
60416 +41.294 -088.283
60417 +41.428 -087.586
60418 +41.646 -087.740
60419 +41.627 -087.598
60420 +41.088 -088.421
60421 +41.414 -088.083
60422 +41.539 -087.684
60423 +41.474 -087.841
60424 +41.164 -088.328
60425 +41.543 -087.611
60426 +41.610 -087.653
60428 +41.600 -087.691
60429 +41.574 -087.684
60430 +41.558 -087.663
60431 +41.510 -088.190
60432 +41.542 -088.034
60433 +41.497 -088.042
60435 +41.549 -088.129
60436 +41.490 -088.124
60437 +41.157 -088.556
60438 +41.566 -087.550
60439 +41.677 -087.977
60440 +41.701 -088.075
60441 +41.593 -088.052
60442 +41.392 -087.961
60443 +41.503 -087.750
60444 +41.243 -088.403
60445 +41.628 -087.735
60446 +41.633 -088.099
60447 +41.487 -088.322
60448 +41.538 -087.893
60449 +41.418 -087.779
60450 +41.370 -088.434
60451 +41.508 -087.961
60452 +41.609 -087.754
60453 +41.714 -087.753
60455 +41.741 -087.807
60456 +41.731 -087.731
60457 +41.724 -087.830
60458 +41.753 -087.827
60459 +41.744 -087.769
60460 +40.999 -088.537
60461 +41.521 -087.687
60462 +41.627 -087.841
60463 +41.662 -087.790
60464 +41.669 -087.864
60465 +41.701 -087.825
60466 +41.479 -087.685
60467 +41.598 -087.886
60468 +41.335 -087.810
60469 +41.629 -087.686
60470 +41.166 -088.639
60471 +41.479 -087.729
60472 +41.643 -087.708
60473 +41.597 -087.601
60474 +41.186 -088.275
60475 +41.472 -087.628
60476 +41.569 -087.602
60477 +41.574 -087.787
60478 +41.554 -087.736
60479 +41.232 -088.526
60480 +41.720 -087.881
60481 +41.286 -088.111
60482 +41.688 -087.793
60484 +41.443 -087.710
60487 +41.564 -087.830
60490 +41.676 -088.141
60491 +41.603 -087.963
60501 +41.779 -087.823
60502 +41.788 -088.260
60503 +41.708 -088.258
60504 +41.745 -088.241
60505 +41.765 -088.296
60506 +41.759 -088.372
60510 +41.843 -088.311
60511 +41.759 -088.552
60512 +41.701 -088.440
60513 +41.825 -087.848
60514 +41.796 -087.962
60515 +41.811 -088.025
60516 +41.761 -088.013
60517 +41.739 -088.043
60518 +41.599 -088.920
60519 +41.777 -088.243
60520 +41.787 -088.668
60521 +41.801 -087.928
60523 +41.836 -087.953
60525 +41.784 -087.866
60526 +41.831 -087.884
60527 +41.743 -087.929
60530 +41.797 -088.952
60531 +41.619 -088.787
60532 +41.789 -088.084
60534 +41.812 -087.820
60536 +41.599 -088.552
60537 +41.560 -088.604
60538 +41.728 -088.337
60539 +41.825 -088.336
60540 +41.765 -088.144
60541 +41.513 -088.532
60542 +41.809 -088.348
60543 +41.668 -088.323
60544 +41.614 -088.219
60545 +41.680 -088.536
60546 +41.838 -087.822
60548 +41.649 -088.635
60549 +41.503 -088.740
60550 +41.782 -088.881
60551 +41.525 -088.688
60552 +41.667 -088.707
60553 +41.826 -089.040
60554 +41.777 -088.457
60555 +41.823 -088.189
60556 +41.763 -088.771
60557 +41.446 -088.768
60558 +41.802 -087.901
60559 +41.794 -087.973
60560 +41.608 -088.432
60561 +41.746 -087.981
60563 +41.790 -088.206
60564 +41.706 -088.195
60565 +41.729 -088.126
60585 +41.657 -088.225
60586 +41.578 -088.234
60601 +41.885 -087.622
60602 +41.883 -087.629
60603 +41.880 -087.627
60604 +41.878 -087.629
60605 +41.868 -087.617
60606 +41.881 -087.637
60607 +41.875 -087.655
60608 +41.847 -087.671
60609 +41.813 -087.657
60610 +41.905 -087.636
60611 +41.895 -087.615
60612 +41.881 -087.688
60613 +41.956 -087.653
60614 +41.923 -087.647
60615 +41.803 -087.598
60616 +41.845 -087.624
60617 +41.714 -087.556
60618 +41.948 -087.703
60619 +41.743 -087.605
60620 +41.740 -087.653
60621 +41.776 -087.640
60622 +41.902 -087.683
60623 +41.847 -087.718
60624 +41.881 -087.724
60625 +41.973 -087.700
60626 +42.009 -087.667
60628 +41.691 -087.619
60629 +41.775 -087.711
60630 +41.972 -087.757
60631 +41.995 -087.813
60632 +41.810 -087.713
60633 +41.664 -087.561
60634 +41.946 -087.806
60636 +41.776 -087.669
60637 +41.783 -087.603
60638 +41.782 -087.771
60639 +41.921 -087.756
60640 +41.973 -087.663
60641 +41.947 -087.747
60642 +41.902 -087.659
60643 +41.700 -087.663
60644 +41.880 -087.756
60645 +42.009 -087.695
60646 +41.994 -087.761
60647 +41.921 -087.702
60649 +41.759 -087.557
60651 +41.902 -087.741
60652 +41.747 -087.714
60653 +41.820 -087.606
60654 +41.892 -087.636
60655 +41.695 -087.704
60656 +41.974 -087.827
60657 +41.939 -087.651
60659 +41.990 -087.707
60660 +41.991 -087.663
60661 +41.883 -087.644
60706 +41.964 -087.817
60707 +41.922 -087.807
60712 +42.005 -087.733
60714 +42.028 -087.811
60803 +41.674 -087.736
60804 +41.840 -087.760
60805 +41.722 -087.702
60827 +41.649 -087.634
60901 +41.109 -087.903
60910 +41.066 -087.800
60911 +40.880 -087.977
60912 +40.974 -087.603
60913 +41.148 -088.062
60914 +41.183 -087.861
60915 +41.146 -087.861
60917 +41.047 -088.197
60918 +40.595 -088.026
60919 +40.988 -088.238
60920 +41.030 -088.304
60921 +40.732 -088.297
60922 +41.011 -087.919
60924 +40.561 -087.886
60926 +40.569 -087.812
60927 +40.938 -087.973
60928 +40.746 -087.851
60929 +40.876 -088.292
60930 +40.832 -088.006
60931 +40.889 -087.588
60932 +40.465 -087.800
60933 +40.463 -088.274
60934 +40.957 -088.345
60935 +41.170 -088.176
60936 +40.465 -088.363
60938 +40.772 -087.984
60939 +40.567 -087.777
60940 +41.250 -087.643
60941 +41.039 -088.086
60942 +40.467 -087.662
60945 +40.835 -087.597
60946 +40.913 -088.201
60948 +40.524 -088.077
60949 +40.378 -088.105
60950 +41.253 -087.884
60951 +40.919 -087.741
60952 +40.563 -088.250
60953 +40.629 -087.690
60954 +41.148 -087.623
60955 +40.708 -087.983
60956 +40.968 -087.716
60957 +40.443 -088.136
60958 +41.065 -087.592
60959 +40.789 -088.183
60960 +40.439 -087.891
60961 +41.110 -088.222
60962 +40.626 -088.187
60963 +40.368 -087.651
60964 +41.028 -087.742
60966 +40.751 -087.583
60967 +40.624 -087.581
60968 +40.675 -088.120
60969 +41.111 -088.150
60970 +40.794 -087.741
60973 +40.537 -087.663
60974 +40.718 -087.736
61001 +42.466 -090.110
61006 +41.862 -089.202
61007 +42.199 -089.591
61008 +42.246 -088.840
61010 +42.135 -089.273
61011 +42.392 -088.897
61012 +42.401 -088.765
61013 +42.375 -089.636
61014 +41.975 -089.886
61015 +41.997 -089.197
61016 +42.197 -088.948
61018 +42.416 -089.556
61019 +42.439 -089.410
61020 +42.110 -089.098
61021 +41.830 -089.477
61024 +42.436 -089.297
61025 +42.471 -090.556
61027 +42.333 -089.756
61028 +42.298 -090.176
61030 +42.120 -089.592
61031 +41.830 -089.321
61032 +42.319 -089.637
61036 +42.414 -090.376
61037 +41.788 -089.760
61038 +42.266 -088.738
61039 +42.208 -089.469
61041 +42.273 -090.311
61042 +41.694 -089.559
61043 +42.067 -089.105
61044 +42.323 -089.910
61046 +42.104 -089.813
61047 +42.153 -089.396
61048 +42.383 -089.841
61049 +42.050 -089.009
61050 +42.439 -089.732
61051 +41.983 -089.762
61052 +42.111 -089.000
61053 +42.121 -089.983
61054 +42.056 -089.445
61057 +41.834 -089.384
61059 +42.455 -089.941
61060 +42.479 -089.618
61061 +41.998 -089.342
61062 +42.251 -089.836
61063 +42.319 -089.341
61064 +41.989 -089.587
61065 +42.401 -088.837
61067 +42.305 -089.472
61068 +41.950 -089.066
61070 +42.416 -089.472
61071 +41.725 -089.699
61072 +42.442 -089.138
61073 +42.424 -088.994
61074 +42.124 -090.122
61075 +42.465 -090.264
61077 +42.240 -089.348
61078 +42.167 -089.731
61079 +42.453 -089.215
61080 +42.481 -088.984
61081 +41.850 -089.739
61084 +42.124 -089.190
61085 +42.343 -090.031
61087 +42.481 -089.993
61088 +42.268 -089.263
61089 +42.474 -089.823
61091 +41.908 -089.552
61101 +42.346 -089.146
61102 +42.229 -089.163
61103 +42.341 -089.087
61104 +42.252 -089.080
61107 +42.285 -089.002
61108 +42.255 -089.002
61109 +42.191 -089.056
61111 +42.336 -089.003
61112 +42.242 -088.975
61114 +42.307 -088.991
61115 +42.363 -089.024
61201 +41.478 -090.576
61230 +41.734 -090.213
61231 +41.211 -090.718
61232 +41.432 -090.727
61233 +41.295 -090.291
61234 +41.418 -089.914
61235 +41.401 -090.024
61236 +41.514 -090.356
61237 +41.342 -090.862
61238 +41.282 -090.172
61239 +41.495 -090.390
61240 +41.423 -090.437
61241 +41.487 -090.320
61242 +41.708 -090.285
61243 +41.618 -089.678
61244 +41.523 -090.391
61250 +41.656 -090.112
61251 +41.729 -090.073
61252 +41.837 -090.125
61254 +41.467 -090.150
61256 +41.561 -090.401
61257 +41.593 -090.222
61258 +41.522 -089.914
61259 +41.386 -090.924
61260 +41.238 -090.887
61261 +41.736 -089.910
61262 +41.276 -090.348
61263 +41.266 -090.596
61264 +41.403 -090.596
61265 +41.481 -090.487
61270 +41.827 -089.963
61272 +41.251 -091.011
61273 +41.364 -090.399
61274 +41.370 -090.277
61275 +41.606 -090.307
61276 +41.317 -090.576
61277 +41.614 -089.931
61278 +41.579 -090.334
61279 +41.326 -090.729
61281 +41.300 -090.520
61282 +41.497 -090.412
61283 +41.591 -089.789
61284 +41.395 -090.750
61285 +41.994 -090.082
61301 +41.397 -089.084
61310 +41.702 -089.355
61311 +41.040 -088.862
61312 +41.434 -089.225
61313 +41.072 -088.670
61314 +41.300 -089.677
61315 +41.285 -089.367
61316 +41.258 -089.128
61317 +41.432 -089.208
61318 +41.711 -089.078
61319 +41.015 -088.740
61320 +41.355 -089.170
61321 +40.968 -088.976
61322 +41.312 -089.307
61323 +41.435 -089.396
61324 +41.770 -089.414
61325 +41.235 -088.810
61326 +41.246 -089.230
61327 +41.230 -089.299
61328 +41.509 -089.459
61329 +41.377 -089.208
61330 +41.535 -089.277
61331 +41.748 -089.278
61332 +41.189 -088.985
61333 +40.988 -088.889
61334 +41.147 -089.099
61335 +41.159 -089.234
61336 +41.111 -089.212
61337 +41.451 -089.298
61338 +41.470 -089.665
61340 +41.264 -089.251
61341 +41.352 -088.693
61342 +41.544 -089.084
61344 +41.412 -089.834
61345 +41.276 -089.785
61346 +41.507 -089.720
61348 +41.286 -089.035
61349 +41.549 -089.437
61350 +41.372 -088.865
61353 +41.704 -088.991
61354 +41.334 -089.142
61356 +41.389 -089.440
61358 +40.982 -089.043
61359 +41.362 -089.271
61360 +41.333 -088.600
61361 +41.412 -089.774
61362 +41.351 -089.224
61363 +41.254 -089.182
61364 +41.128 -088.850
61367 +41.621 -089.259
61368 +41.262 -089.517
61369 +40.983 -089.154
61370 +41.211 -089.039
61371 +41.499 -089.020
61372 +41.466 -089.082
61373 +41.407 -088.996
61374 +41.547 -089.358
61375 +41.035 -089.243
61376 +41.538 -089.602
61377 +41.065 -089.042
61378 +41.723 -089.155
61379 +41.380 -089.606
61401 +40.945 -090.387
61402 +40.940 -090.406
61410 +40.795 -090.422
61411 +40.401 -090.502
61412 +41.078 -090.580
61413 +41.187 -090.370
61414 +41.126 -090.155
61415 +40.650 -090.419
61416 +40.496 -090.563
61417 +40.772 -090.544
61418 +40.847 -090.869
61419 +41.200 -090.118
61420 +40.549 -090.867
61421 +41.188 -089.648
61422 +40.551 -090.533
61423 +40.885 -090.502
61424 +41.077 -089.635
61425 +40.759 -091.040
61426 +41.120 -089.706
61427 +40.498 -090.194
61428 +40.933 -090.114
61430 +40.944 -090.312
61431 +40.600 -090.289
61432 +40.648 -090.153
61433 +40.554 -090.169
61434 +41.173 -090.036
61435 +40.996 -090.569
61436 +40.860 -090.223
61437 +40.847 -090.992
61438 +40.585 -090.649
61439 +41.029 -090.350
61440 +40.316 -090.593
61441 +40.330 -090.282
61442 +41.103 -090.924
61443 +41.264 -089.945
61447 +40.870 -090.763
61448 +40.934 -090.244
61449 +41.095 -089.975
61450 +40.572 -090.984
61451 +40.939 -089.939
61452 +40.238 -090.660
61453 +41.013 -090.763
61454 +40.682 -091.040
61455 +40.440 -090.638
61458 +40.782 -090.183
61459 +40.510 -090.420
61460 +40.722 -090.828
61462 +40.910 -090.652
61465 +41.211 -090.480
61466 +41.111 -090.482
61467 +41.069 -090.242
61468 +41.257 -090.387
61469 +40.956 -090.908
61470 +40.606 -090.506
61471 +40.696 -090.825
61472 +41.103 -090.383
61473 +40.709 -090.650
61474 +40.742 -090.394
61475 +40.597 -090.753
61476 +41.090 -090.829
61477 +40.496 -090.311
61478 +40.756 -090.760
61479 +41.002 -089.639
61480 +40.727 -090.913
61482 +40.390 -090.404
61483 +41.081 -089.873
61484 +40.298 -090.443
61485 +41.022 -090.071
61486 +41.195 -090.576
61488 +41.030 -090.321
61489 +40.931 -090.033
61490 +41.186 -090.259
61491 +41.054 -089.721
61501 +40.228 -090.312
61516 +40.856 -089.132
61517 +40.819 -089.847
61519 +40.465 -090.093
61520 +40.544 -090.025
61523 +40.912 -089.538
61524 +40.491 -090.035
61525 +40.848 -089.670
61526 +40.923 -089.620
61528 +40.777 -089.718
61529 +40.782 -089.938
61530 +40.709 -089.265
61531 +40.683 -090.037
61532 +40.348 -089.807
61533 +40.586 -089.842
61534 +40.415 -089.665
61535 +40.579 -089.517
61536 +40.691 -089.790
61537 +41.119 -089.471
61539 +40.556 -089.763
61540 +41.015 -089.367
61541 +40.980 -089.235
61542 +40.377 -090.132
61543 +40.418 -089.978
61544 +40.701 -090.234
61545 +40.868 -089.352
61546 +40.448 -089.810
61547 +40.570 -089.722
61548 +40.814 -089.420
61550 +40.611 -089.436
61552 +40.821 -089.565
61553 +40.621 -090.027
61554 +40.544 -089.621
61559 +40.919 -089.779
61560 +41.187 -089.420
61561 +40.806 -089.207
61562 +40.881 -089.501
61563 +40.493 -090.051
61564 +40.499 -089.656
61565 +41.039 -089.505
61567 +40.373 -089.901
61568 +40.510 -089.481
61569 +40.683 -089.901
61570 +40.914 -089.323
61571 +40.705 -089.425
61572 +40.797 -090.040
61602 +40.679 -089.606
61603 +40.710 -089.575
61604 +40.705 -089.653
61605 +40.677 -089.633
61606 +40.700 -089.612
61607 +40.627 -089.685
61610 +40.642 -089.600
61611 +40.713 -089.536
61614 +40.759 -089.604
61615 +40.749 -089.672
61616 +40.747 -089.572
61625 +40.698 -089.615
61701 +40.476 -088.993
61704 +40.470 -088.942
61705 +40.523 -089.072
61720 +40.550 -088.502
61721 +40.351 -089.324
61722 +40.423 -088.626
61723 +40.265 -089.277
61724 +40.334 -088.525
61725 +40.617 -089.122
61726 +40.733 -088.708
61727 +40.147 -088.953
61728 +40.581 -088.622
61729 +40.629 -089.221
61730 +40.533 -088.734
61731 +40.613 -088.484
61732 +40.530 -089.208
61733 +40.624 -089.330
61734 +40.376 -089.526
61735 +40.205 -088.806
61736 +40.402 -088.840
61737 +40.456 -088.733
61738 +40.745 -089.030
61739 +40.728 -088.521
61740 +40.892 -088.863
61741 +40.763 -088.397
61742 +40.635 -089.273
61743 +40.878 -088.781
61744 +40.744 -088.881
61745 +40.321 -088.967
61747 +40.416 -089.435
61748 +40.622 -088.997
61749 +40.093 -089.116
61750 +40.123 -088.856
61751 +40.215 -089.299
61752 +40.337 -088.762
61753 +40.630 -088.788
61754 +40.328 -089.161
61755 +40.526 -089.342
61756 +40.033 -088.964
61759 +40.437 -089.336
61760 +40.886 -089.032
61761 +40.528 -088.948
61764 +40.883 -088.626
61769 +40.885 -088.399
61770 +40.440 -088.511
61771 +40.713 -089.148
61772 +40.386 -089.064
61773 +40.566 -088.374
61774 +40.433 -089.196
61775 +40.654 -088.376
61776 +40.572 -088.870
61777 +40.244 -088.946
61778 +40.226 -089.091
61801 +40.110 -088.211
61802 +40.124 -088.153
61810 +39.910 -087.918
61811 +40.295 -087.622
61812 +40.210 -087.927
61813 +39.911 -088.566
61814 +40.232 -087.570
61815 +40.111 -088.368
61816 +39.924 -088.004
61817 +40.035 -087.716
61818 +39.887 -088.716
61820 +40.112 -088.244
61821 +40.111 -088.276
61822 +40.134 -088.303
61830 +40.011 -088.730
61831 +40.226 -087.797
61832 +40.132 -087.632
61833 +40.099 -087.647
61834 +40.153 -087.673
61839 +40.132 -088.637
61840 +40.299 -088.300
61841 +40.034 -087.818
61842 +40.239 -088.665
61843 +40.317 -088.374
61844 +40.143 -087.869
61845 +40.374 -088.397
61846 +39.977 -087.608
61847 +40.306 -088.010
61848 +40.307 -087.701
61849 +40.014 -087.967
61850 +39.930 -087.743
61851 +39.965 -088.435
61852 +39.899 -088.073
61853 +40.230 -088.421
61854 +40.200 -088.529
61855 +39.924 -088.661
61856 +40.029 -088.584
61857 +40.119 -087.843
61858 +40.134 -087.762
61859 +40.150 -087.963
61862 +40.306 -087.959
61863 +39.905 -088.282
61864 +39.975 -088.153
61865 +40.303 -087.802
61866 +40.312 -088.158
61870 +39.903 -087.616
61871 +40.191 -087.979
61872 +39.930 -088.377
61873 +40.134 -088.039
61874 +40.054 -088.267
61875 +40.103 -088.416
61876 +39.901 -087.836
61877 +39.993 -088.076
61878 +40.243 -088.145
61880 +39.974 -088.249
61882 +40.106 -088.755
61883 +40.035 -087.640
61884 +40.091 -088.491
61910 +39.671 -088.297
61911 +39.701 -088.469
61912 +39.522 -088.041
61913 +39.827 -088.472
61914 +39.630 -088.762
61917 +39.717 -087.894
61919 +39.784 -088.138
61920 +39.512 -088.154
61924 +39.786 -087.663
61925 +39.719 -088.841
61928 +39.456 -088.498
61929 +39.825 -088.626
61930 +39.679 -088.129
61931 +39.586 -088.368
61932 +39.800 -087.875
61933 +39.548 -087.896
61936 +39.803 -088.727
61937 +39.734 -088.657
61938 +39.480 -088.376
61940 +39.804 -087.812
61941 +39.805 -088.075
61942 +39.814 -088.003
61943 +39.662 -088.024
61944 +39.600 -087.702
61949 +39.658 -087.858
61951 +39.596 -088.590
61953 +39.798 -088.291
61955 +39.582 -087.588
61956 +39.858 -088.135
61957 +39.442 -088.612
62001 +38.881 -089.745
62002 +38.939 -090.135
62006 +39.064 -090.679
62009 +39.094 -089.798
62010 +38.919 -090.048
62011 +39.129 -089.218
62012 +39.045 -090.148
62013 +38.956 -090.574
62014 +39.043 -089.950
62015 +39.212 -089.544
62016 +39.297 -090.416
62017 +39.065 -089.369
62018 +38.914 -090.082
62019 +39.019 -089.441
62021 +38.984 -089.977
62022 +39.003 -090.326
62023 +39.109 -089.779
62024 +38.883 -090.090
62025 +38.830 -089.931
62026 +38.786 -090.004
62027 +39.243 -090.557
62028 +38.958 -090.355
62030 +39.155 -090.164
62031 +39.111 -090.537
62032 +39.116 -089.288
62033 +39.137 -089.840
62034 +38.755 -089.972
62035 +38.959 -090.243
62036 +38.918 -090.590
62037 +39.011 -090.465
62040 +38.715 -090.099
62044 +39.366 -090.202
62045 +39.264 -090.690
62046 +38.892 -089.839
62047 +39.123 -090.627
62048 +38.773 -090.137
62049 +39.141 -089.480
62050 +39.442 -090.573
62051 +39.202 -089.403
62052 +39.113 -090.320
62053 +39.319 -090.665
62054 +39.207 -090.351
62056 +39.176 -089.674
62058 +38.968 -089.765
62059 +38.653 -090.173
62060 +38.682 -090.142
62061 +38.791 -089.776
62062 +38.726 -089.963
62063 +39.199 -090.150
62067 +38.929 -089.983
62069 +39.089 -089.739
62074 +38.955 -089.690
62075 +39.302 -089.296
62076 +39.342 -089.234
62077 +39.032 -089.512
62078 +39.480 -090.487
62079 +39.108 -090.132
62080 +39.142 -089.103
62081 +39.265 -090.225
62082 +39.490 -090.318
62083 +39.351 -089.198
62084 +38.841 -090.063
62085 +39.082 -089.805
62086 +38.990 -089.590
62087 +38.815 -090.071
62088 +39.015 -089.799
62089 +39.118 -089.487
62090 +38.667 -090.167
62091 +39.056 -089.611
62092 +39.419 -090.431
62093 +39.065 -089.842
62094 +39.239 -089.350
62095 +38.863 -090.074
62097 +38.937 -089.853
62098 +39.384 -090.299
62201 +38.635 -090.141
62203 +38.602 -090.076
62204 +38.629 -090.096
62205 +38.603 -090.119
62206 +38.568 -090.169
62207 +38.583 -090.125
62208 +38.595 -090.005
62214 +38.376 -089.604
62215 +38.508 -089.601
62216 +38.632 -089.602
62217 +38.174 -089.839
62218 +38.522 -089.474
62219 +38.604 -089.437
62220 +38.478 -089.998
62221 +38.509 -089.902
62223 +38.536 -090.059
62225 +38.543 -089.852
62226 +38.537 -090.000
62230 +38.635 -089.531
62231 +38.653 -089.327
62232 +38.632 -090.005
62233 +37.942 -089.789
62234 +38.682 -089.981
62236 +38.434 -090.212
62237 +38.198 -089.569
62238 +38.053 -089.544
62239 +38.525 -090.157
62240 +38.502 -090.177
62241 +38.011 -089.894
62242 +38.099 -089.938
62243 +38.419 -089.889
62244 +38.196 -090.199
62245 +38.531 -089.575
62246 +38.890 -089.428
62248 +38.306 -089.993
62249 +38.755 -089.667
62250 +38.540 -089.264
62253 +38.778 -089.300
62254 +38.609 -089.823
62255 +38.313 -089.783
62256 +38.226 -090.231
62257 +38.285 -089.729
62258 +38.461 -089.782
62260 +38.461 -090.099
62261 +38.007 -089.997
62262 +38.939 -089.264
62263 +38.319 -089.401
62264 +38.316 -089.900
62265 +38.506 -089.681
62266 +38.485 -089.657
62268 +38.276 -089.540
62269 +38.600 -089.915
62271 +38.440 -089.520
62272 +37.996 -089.616
62273 +38.787 -089.584
62274 +38.091 -089.400
62275 +38.815 -089.547
62277 +38.097 -090.112
62278 +38.204 -089.991
62279 +38.134 -090.136
62280 +37.847 -089.648
62281 +38.707 -089.779
62282 +38.356 -089.713
62284 +38.864 -089.310
62285 +38.392 -090.008
62286 +38.117 -089.718
62288 +37.993 -089.690
62289 +38.598 -089.751
62292 +38.213 -089.682
62293 +38.616 -089.695
62294 +38.703 -089.867
62295 +38.272 -090.311
62297 +38.052 -089.806
62298 +38.309 -090.149
62301 +39.931 -091.389
62305 +39.928 -091.344
62311 +40.223 -090.935
62312 +39.707 -091.024
62313 +40.318 -091.228
62314 +39.768 -090.892
62316 +40.235 -091.053
62319 +40.153 -090.730
62320 +40.030 -091.083
62321 +40.410 -091.095
62323 +39.800 -090.674
62324 +39.998 -090.966
62325 +40.046 -091.162
62326 +40.423 -090.814
62330 +40.571 -091.126
62334 +40.396 -091.249
62336 +40.468 -091.173
62338 +39.999 -091.237
62339 +40.129 -091.038
62340 +39.735 -090.728
62341 +40.433 -091.301
62343 +39.697 -091.245
62344 +40.180 -090.825
62345 +39.697 -091.113
62346 +40.140 -090.936
62347 +39.870 -091.089
62348 +40.188 -091.371
62349 +40.171 -091.192
62351 +40.114 -091.269
62352 +39.568 -090.655
62353 +39.973 -090.758
62354 +40.517 -091.342
62355 +39.412 -090.779
62356 +39.589 -091.080
62357 +39.686 -090.867
62358 +40.588 -091.263
62359 +40.037 -091.212
62360 +39.817 -091.261
62361 +39.492 -090.622
62362 +39.776 -090.764
62363 +39.590 -090.770
62365 +39.796 -091.165
62366 +39.472 -090.902
62367 +40.300 -090.865
62370 +39.517 -091.007
62373 +40.243 -091.365
62374 +40.408 -090.911
62375 +40.002 -090.857
62376 +40.114 -091.408
62378 +39.906 -090.635
62379 +40.269 -091.403
62380 +40.238 -091.191
62401 +39.119 -088.562
62410 +38.539 -087.733
62411 +39.071 -088.734
62413 +39.139 -087.838
62414 +39.174 -088.826
62417 +38.703 -087.766
62418 +39.022 -088.974
62419 +38.627 -087.980
62420 +39.287 -087.999
62421 +38.752 -087.943
62422 +39.233 -088.889
62423 +39.463 -087.580
62424 +38.988 -088.429
62425 +38.837 -088.099
62426 +38.892 -088.664
62427 +38.873 -087.650
62428 +39.263 -088.137
62431 +39.225 -088.997
62432 +39.134 -088.142
62433 +39.107 -087.716
62434 +38.842 -088.322
62436 +39.182 -088.256
62438 +39.326 -088.870
62439 +38.744 -087.640
62440 +39.394 -088.263
62441 +39.394 -087.699
62442 +39.304 -087.854
62443 +38.956 -088.631
62444 +39.279 -088.735
62445 +39.165 -088.330
62446 +38.490 -088.207
62447 +39.313 -088.445
62448 +38.968 -088.179
62449 +39.004 -087.911
62450 +38.713 -088.089
62451 +38.971 -087.611
62452 +38.590 -088.015
62454 +38.992 -087.765
62458 +39.026 -088.855
62459 +38.930 -088.028
62460 +38.602 -087.727
62461 +39.194 -088.684
62462 +39.239 -088.469
62463 +39.281 -088.591
62464 +38.998 -087.824
62465 +39.346 -088.638
62466 +38.728 -087.853
62467 +39.128 -088.435
62468 +39.277 -088.270
62469 +39.351 -088.334
62471 +38.959 -089.130
62473 +39.021 -088.568
62474 +39.457 -088.036
62475 +38.882 -088.049
62476 +38.532 -088.015
62477 +39.234 -087.643
62478 +39.180 -087.744
62479 +39.037 -088.307
62480 +38.997 -088.000
62481 +39.127 -088.023
62501 +39.927 -088.815
62510 +39.531 -089.029
62512 +40.143 -089.211
62513 +39.721 -089.150
62514 +39.767 -089.045
62515 +39.860 -089.366
62517 +39.594 -089.433
62518 +40.051 -089.203
62519 +39.929 -089.395
62520 +39.825 -089.456
62521 +39.810 -088.928
62522 +39.828 -089.048
62523 +39.844 -088.953
62526 +39.902 -088.989
62530 +39.560 -089.657
62531 +39.674 -089.378
62532 +39.776 -088.978
62533 +39.446 -089.630
62534 +39.530 -088.801
62535 +39.926 -088.966
62536 +39.629 -089.652
62537 +39.853 -089.093
62538 +39.356 -089.520
62539 +39.867 -089.249
62540 +39.585 -089.420
62541 +39.957 -089.371
62543 +39.971 -089.152
62544 +39.709 -088.974
62545 +39.768 -089.385
62546 +39.431 -089.446
62547 +39.770 -089.242
62548 +39.981 -089.284
62549 +39.771 -088.867
62550 +39.618 -088.990
62551 +39.854 -089.156
62553 +39.272 -089.105
62554 +39.944 -088.882
62555 +39.463 -089.210
62556 +39.475 -089.375
62557 +39.402 -089.106
62558 +39.587 -089.550
62560 +39.299 -089.603
62561 +39.871 -089.507
62563 +39.719 -089.496
62565 +39.417 -088.804
62567 +39.647 -089.191
62568 +39.560 -089.287
62570 +39.579 -089.452
62571 +39.381 -088.960
62572 +39.359 -089.698
62573 +39.946 -089.073
62601 +39.750 -090.039
62610 +39.539 -090.446
62611 +39.884 -090.398
62612 +39.896 -090.063
62613 +39.983 -089.665
62615 +39.586 -089.754
62617 +40.157 -090.170
62618 +40.009 -090.397
62621 +39.727 -090.521
62622 +39.978 -090.343
62624 +40.159 -090.347
62625 +39.901 -089.702
62626 +39.285 -089.884
62627 +40.059 -090.111
62628 +39.779 -090.402
62629 +39.677 -089.717
62630 +39.271 -090.086
62631 +39.827 -090.354
62633 +40.224 -089.871
62634 +40.014 -089.452
62635 +40.297 -089.466
62638 +39.609 -090.081
62639 +40.038 -090.486
62640 +39.428 -089.805
62642 +40.094 -089.725
62643 +40.242 -089.458
62644 +40.285 -090.062
62649 +39.358 -090.060
62650 +39.738 -090.220
62655 +40.170 -089.987
62656 +40.140 -089.366
62661 +39.668 -089.827
62663 +39.541 -090.327
62664 +40.213 -089.724
62665 +39.817 -090.530
62666 +40.082 -089.540
62667 +39.488 -089.992
62668 +39.566 -090.240
62670 +39.743 -089.899
62671 +40.172 -089.549
62672 +39.398 -089.804
62673 +40.097 -089.969
62674 +39.441 -090.023
62675 +40.026 -089.867
62677 +39.853 -089.879
62681 +40.136 -090.543
62682 +40.299 -089.631
62684 +39.909 -089.587
62685 +39.140 -089.992
62688 +39.945 -089.924
62689 +39.534 -089.766
62690 +39.506 -089.766
62691 +39.958 -090.229
62692 +39.584 -089.939
62693 +39.958 -089.516
62694 +39.623 -090.477
62695 +39.619 -090.224
62701 +39.801 -089.649
62702 +39.824 -089.643
62703 +39.763 -089.631
62704 +39.773 -089.684
62706 +39.798 -089.655
62707 +39.856 -089.650
62711 +39.766 -089.733
62712 +39.748 -089.581
62801 +38.511 -089.140
62803 +38.453 -089.295
62806 +38.387 -088.087
62807 +38.752 -088.929
62808 +38.306 -089.189
62809 +38.279 -088.338
62810 +38.206 -088.743
62811 +38.387 -087.904
62812 +38.006 -088.923
62814 +38.378 -088.732
62815 +38.458 -087.966
62816 +38.190 -088.923
62817 +37.954 -088.476
62818 +38.378 -087.968
62819 +37.974 -089.005
62820 +38.249 -088.235
62821 +38.071 -088.130
62822 +37.974 -089.054
62823 +38.518 -088.437
62824 +38.669 -088.342
62825 +37.998 -089.059
62827 +38.171 -088.048
62828 +38.195 -088.602
62829 +38.003 -088.491
62830 +38.443 -088.968
62831 +38.235 -089.223
62832 +38.009 -089.253
62833 +38.340 -088.168
62835 +38.106 -088.322
62836 +38.095 -088.805
62837 +38.365 -088.358
62838 +38.864 -088.745
62839 +38.661 -088.494
62841 +37.859 -088.996
62842 +38.468 -088.389
62843 +38.382 -088.199
62844 +38.251 -088.049
62846 +38.151 -088.855
62848 +38.434 -089.166
62849 +38.585 -088.774
62850 +38.495 -088.595
62851 +38.428 -088.660
62852 +38.350 -087.867
62853 +38.516 -088.912
62854 +38.765 -088.824
62856 +37.952 -088.838
62858 +38.812 -088.493
62859 +38.066 -088.540
62860 +38.041 -088.732
62861 +38.035 -088.045
62862 +38.219 -088.299
62863 +38.416 -087.860
62864 +38.331 -088.902
62865 +37.975 -089.082
62867 +37.912 -088.099
62868 +38.678 -088.228
62869 +37.957 -088.278
62870 +38.635 -089.053
62871 +37.882 -088.269
62872 +38.272 -088.801
62874 +37.918 -088.978
62875 +38.755 -089.121
62876 +38.277 -089.195
62877 +38.392 -089.200
62878 +38.575 -088.497
62879 +38.765 -088.359
62880 +38.868 -088.886
62881 +38.639 -088.927
62882 +38.636 -089.119
62883 +38.168 -089.105
62884 +38.085 -089.042
62885 +38.860 -089.065
62886 +38.379 -088.535
62887 +38.186 -088.369
62888 +38.127 -089.229
62889 +38.457 -088.824
62890 +37.906 -088.738
62891 +38.016 -089.041
62892 +38.809 -089.076
62893 +38.466 -089.030
62894 +38.210 -089.040
62895 +38.306 -088.555
62896 +37.893 -088.912
62897 +38.094 -088.912
62898 +38.350 -089.060
62899 +38.619 -088.642
62901 +37.741 -089.209
62902 +37.674 -089.112
62903 +37.674 -089.276
62905 +37.558 -089.367
62906 +37.463 -089.178
62907 +37.863 -089.496
62908 +37.310 -088.865
62910 +37.153 -088.534
62912 +37.476 -089.032
62914 +37.040 -089.204
62915 +37.784 -089.122
62916 +37.943 -089.579
62917 +37.693 -088.652
62918 +37.786 -089.086
62919 +37.524 -088.138
62920 +37.554 -089.232
62921 +37.799 -089.083
62922 +37.621 -088.815
62923 +37.342 -089.035
62924 +37.815 -089.196
62926 +37.367 -089.131
62927 +37.944 -089.252
62928 +37.475 -088.567
62930 +37.847 -088.442
62931 +37.524 -088.275
62932 +37.893 -089.214
62933 +37.772 -089.020
62934 +37.707 -088.359
62935 +37.845 -088.639
62938 +37.384 -088.546
62939 +37.546 -088.977
62940 +37.732 -089.461
62941 +37.245 -088.970
62942 +37.636 -089.474
62943 +37.356 -088.746
62946 +37.701 -088.520
62947 +37.529 -088.454
62948 +37.820 -089.026
62949 +37.828 -089.145
62950 +37.746 -089.561
62951 +37.826 -088.927
62952 +37.417 -089.343
62953 +37.209 -088.847
62954 +37.696 -088.273
62956 +37.280 -088.931
62957 +37.312 -089.426
62958 +37.611 -089.142
62959 +37.711 -088.915
62960 +37.234 -088.724
62961 +37.341 -089.253
62962 +37.075 -089.336
62963 +37.095 -089.170
62964 +37.130 -089.227
62965 +37.767 -088.518
62966 +37.771 -089.353
62967 +37.584 -088.736
62969 +37.140 -089.334
62970 +37.221 -089.109
62972 +37.541 -088.816
62974 +37.779 -088.797
62975 +37.641 -089.371
62976 +37.220 -089.213
62977 +37.853 -088.542
62979 +37.811 -088.234
62982 +37.425 -088.365
62983 +37.899 -089.105
62984 +37.754 -088.146
62985 +37.468 -088.686
62987 +37.619 -088.660
62988 +37.226 -089.295
62990 +37.229 -089.399
62992 +37.276 -089.142
62994 +37.906 -089.347
62995 +37.419 -088.880
62996 +37.175 -089.156
62997 +37.984 -089.591
62998 +37.512 -089.458
62999 +37.870 -089.056
63005 +38.644 -090.651
63010 +38.430 -090.392
63011 +38.605 -090.558
63012 +38.347 -090.454
63013 +38.405 -091.153
63014 +38.652 -091.313
63015 +38.396 -090.752
63016 +38.357 -090.651
63017 +38.656 -090.542
63019 +38.231 -090.375
63020 +38.107 -090.572
63021 +38.570 -090.546
63023 +38.269 -090.699
63025 +38.491 -090.616
63026 +38.503 -090.459
63028 +38.143 -090.392
63030 +38.143 -090.752
63031 +38.812 -090.354
63033 +38.798 -090.274
63034 +38.845 -090.288
63036 +37.976 -090.372
63037 +38.422 -091.320
63038 +38.577 -090.668
63039 +38.492 -090.844
63040 +38.574 -090.634
63041 +38.286 -090.774
63042 +38.781 -090.379
63043 +38.729 -090.455
63044 +38.773 -090.430
63045 +38.770 -090.464
63047 +38.196 -090.487
63048 +38.260 -090.392
63049 +38.478 -090.529
63050 +38.258 -090.580
63051 +38.378 -090.577
63052 +38.393 -090.433
63053 +38.366 -090.364
63055 +38.530 -090.835
63056 +38.400 -091.215
63060 +38.261 -090.876
63061 +38.273 -090.810
63068 +38.566 -091.244
63069 +38.464 -090.710
63070 +38.288 -090.421
63071 +38.150 -090.821
63072 +38.369 -090.818
63073 +38.585 -090.769
63074 +38.726 -090.389
63077 +38.329 -090.984
63079 +38.266 -091.100
63080 +38.214 -091.078
63084 +38.422 -091.019
63087 +38.005 -090.464
63088 +38.549 -090.502
63089 +38.461 -090.879
63090 +38.535 -091.049
63091 +38.363 -091.387
63101 +38.631 -090.193
63102 +38.634 -090.186
63103 +38.630 -090.217
63104 +38.611 -090.214
63105 +38.644 -090.328
63106 +38.644 -090.208
63107 +38.664 -090.212
63108 +38.645 -090.253
63109 +38.585 -090.294
63110 +38.625 -090.266
63111 +38.558 -090.250
63112 +38.660 -090.283
63113 +38.658 -090.248
63114 +38.702 -090.364
63115 +38.682 -090.240
63116 +38.580 -090.265
63117 +38.631 -090.330
63118 +38.592 -090.225
63119 +38.590 -090.350
63120 +38.691 -090.262
63121 +38.708 -090.301
63122 +38.579 -090.421
63123 +38.547 -090.328
63124 +38.637 -090.375
63125 +38.519 -090.293
63126 +38.550 -090.379
63127 +38.534 -090.417
63128 +38.492 -090.387
63129 +38.458 -090.319
63130 +38.665 -090.325
63131 +38.617 -090.440
63132 +38.676 -090.377
63133 +38.682 -090.307
63134 +38.740 -090.346
63135 +38.751 -090.300
63136 +38.745 -090.260
63137 +38.750 -090.213
63138 +38.801 -090.192
63139 +38.610 -090.292
63140 +38.739 -090.324
63141 +38.658 -090.455
63143 +38.612 -090.321
63144 +38.619 -090.348
63146 +38.701 -090.480
63147 +38.694 -090.215
63155 +38.628 -090.205
63301 +38.858 -090.463
63303 +38.740 -090.544
63304 +38.706 -090.686
63330 +39.260 -090.790
63332 +38.597 -090.894
63333 +39.035 -091.320
63334 +39.308 -091.192
63336 +39.332 -090.934
63339 +39.330 -091.355
63341 +38.661 -090.807
63343 +39.155 -090.828
63344 +39.229 -091.009
63345 +39.277 -091.573
63347 +39.065 -090.769
63348 +38.785 -090.945
63349 +38.984 -091.151
63350 +38.904 -091.351
63351 +38.858 -091.311
63352 +39.248 -091.659
63353 +39.454 -091.113
63357 +38.648 -091.104
63359 +39.160 -091.344
63361 +38.956 -091.560
63362 +38.936 -090.896
63363 +38.885 -091.465
63365 +38.710 -090.873
63366 +38.857 -090.725
63367 +38.774 -090.795
63368 +38.752 -090.728
63369 +38.938 -090.776
63373 +38.930 -090.385
63376 +38.801 -090.612
63377 +39.107 -091.096
63379 +39.001 -090.996
63380 +38.813 -091.122
63381 +38.986 -091.253
63382 +39.311 -091.490
63383 +38.804 -091.194
63384 +39.093 -091.554
63385 +38.797 -090.857
63386 +38.870 -090.220
63387 +39.184 -091.017
63388 +38.875 -091.757
63389 +39.001 -090.773
63390 +38.803 -091.040
63401 +39.690 -091.466
63430 +40.388 -091.529
63431 +39.747 -092.312
63432 +40.497 -091.994
63433 +39.511 -091.117
63434 +39.910 -091.947
63435 +40.199 -091.584
63436 +39.501 -091.540
63437 +39.724 -092.237
63438 +39.969 -091.688
63439 +39.804 -091.860
63440 +39.969 -091.741
63441 +39.483 -091.321
63443 +39.661 -091.869
63445 +40.395 -091.723
63446 +40.140 -092.002
63447 +40.094 -091.909
63448 +40.016 -091.542
63450 +39.669 -092.150
63451 +39.917 -092.206
63452 +40.093 -091.781
63453 +40.494 -091.864
63454 +39.923 -091.650
63456 +39.654 -091.727
63457 +40.166 -091.712
63458 +39.992 -092.020
63459 +39.584 -091.382
63460 +40.005 -092.209
63461 +39.802 -091.556
63462 +39.419 -091.701
63463 +39.851 -091.781
63465 +40.528 -091.680
63466 +40.266 -091.619
63467 +39.649 -091.267
63468 +39.680 -092.019
63469 +39.826 -092.041
63471 +39.926 -091.497
63472 +40.405 -091.577
63473 +40.252 -091.769
63474 +40.350 -091.894
63501 +40.166 -092.591
63530 +39.906 -092.444
63531 +40.300 -092.241
63532 +39.767 -092.572
63533 +40.200 -092.392
63534 +39.737 -092.648
63535 +40.581 -092.675
63536 +40.485 -092.356
63537 +40.144 -092.157
63538 +39.954 -092.680
63539 +39.926 -092.769
63540 +40.098 -092.398
63541 +40.504 -092.627
63543 +40.352 -092.014
63544 +40.243 -092.850
63545 +40.265 -092.968
63546 +40.338 -092.503
63547 +40.136 -092.298
63548 +40.536 -092.489
63549 +40.017 -092.491
63551 +40.499 -092.743
63552 +39.753 -092.450
63555 +40.486 -092.193
63556 +40.176 -093.112
63557 +39.983 -092.878
63558 +39.749 -092.751
63559 +40.243 -092.767
63560 +40.367 -093.115
63561 +40.411 -092.535
63563 +40.305 -092.073
63565 +40.481 -092.947
63566 +40.030 -092.952
63567 +40.413 -092.705
63601 +37.821 -090.544
63620 +37.382 -090.652
63621 +37.475 -090.566
63622 +37.791 -090.907
63623 +37.679 -090.906
63624 +37.756 -090.634
63625 +37.563 -090.998
63626 +38.073 -090.710
63627 +38.038 -090.252
63628 +37.935 -090.534
63629 +37.381 -091.239
63630 +38.028 -090.719
63631 +37.755 -090.788
63633 +37.443 -091.020
63636 +37.294 -090.576
63637 +37.712 -090.518
63638 +37.215 -091.019
63640 +37.755 -090.369
63645 +37.543 -090.326
63648 +37.815 -090.701
63650 +37.611 -090.631
63653 +37.861 -090.588
63654 +37.487 -090.858
63655 +37.389 -090.187
63656 +37.597 -090.793
63660 +37.916 -090.706
63662 +37.538 -090.050
63663 +37.625 -090.648
63664 +37.917 -090.914
63665 +37.293 -090.844
63670 +37.904 -090.165
63673 +37.842 -089.991
63674 +38.037 -090.659
63675 +37.314 -090.695
63701 +37.331 -089.584
63703 +37.275 -089.540
63730 +37.093 -089.922
63732 +37.594 -089.576
63735 +36.979 -089.785
63736 +37.084 -089.520
63738 +37.090 -089.957
63739 +37.359 -089.800
63740 +37.175 -089.681
63742 +37.160 -089.447
63743 +37.519 -089.823
63744 +37.193 -089.718
63745 +37.256 -089.659
63746 +37.708 -089.695
63747 +37.556 -089.817
63748 +37.662 -089.610
63750 +37.150 -090.163
63751 +37.276 -090.128
63755 +37.439 -089.641
63758 +37.192 -089.551
63760 +37.257 -089.899
63763 +37.064 -090.173
63764 +37.329 -089.970
63766 +37.442 -089.850
63767 +37.044 -089.610
63769 +37.528 -089.753
63770 +37.595 -089.700
63771 +37.076 -089.715
63774 +37.094 -089.775
63775 +37.711 -089.877
63780 +37.176 -089.496
63781 +37.528 -089.926
63782 +37.122 -090.035
63783 +37.609 -089.682
63784 +36.995 -089.696
63785 +37.267 -089.822
63787 +37.121 -090.133
63801 +36.905 -089.618
63820 +36.824 -089.326
63821 +36.049 -090.239
63822 +36.660 -089.999
63823 +36.886 -089.445
63824 +37.005 -089.526
63825 +36.931 -089.946
63826 +36.187 -089.849
63827 +36.261 -089.896
63828 +36.750 -089.692
63829 +36.036 -090.309
63830 +36.135 -089.690
63833 +36.650 -089.731
63834 +36.914 -089.274
63837 +36.450 -089.986
63839 +36.048 -089.810
63840 +36.192 -089.884
63841 +36.771 -089.984
63845 +36.712 -089.315
63846 +36.826 -089.799
63847 +36.443 -090.035
63848 +36.437 -089.888
63849 +36.140 -089.991
63850 +36.822 -089.782
63851 +36.259 -089.717
63852 +36.367 -090.015
63853 +36.058 -089.867
63855 +36.069 -090.057
63857 +36.224 -090.046
63860 +36.678 -089.592
63862 +36.590 -089.678
63863 +36.563 -089.977
63866 +36.529 -089.606
63867 +36.750 -089.552
63868 +36.846 -089.690
63869 +36.608 -089.495
63870 +36.621 -089.844
63873 +36.431 -089.662
63874 +36.562 -089.814
63876 +36.132 -090.165
63877 +36.079 -089.849
63878 +36.503 -089.822
63879 +36.360 -089.813
63880 +36.330 -090.026
63882 +36.916 -089.220
63901 +36.771 -090.452
63932 +36.687 -090.245
63933 +36.519 -090.112
63934 +37.199 -090.369
63935 +36.675 -090.921
63936 +36.809 -090.129
63937 +36.954 -090.753
63939 +36.684 -090.689
63940 +36.768 -090.228
63941 +36.881 -091.177
63942 +36.554 -091.074
63943 +36.835 -090.801
63944 +37.113 -090.359
63945 +36.639 -090.549
63950 +37.263 -090.415
63951 +37.115 -090.258
63952 +37.010 -090.643
63953 +36.587 -090.638
63954 +36.567 -090.470
63955 +36.602 -090.679
63956 +37.214 -090.522
63957 +37.142 -090.692
63960 +36.957 -090.131
63961 +36.567 -090.277
63962 +36.844 -090.282
63964 +37.240 -090.403
63965 +36.965 -091.021
63966 +36.961 -090.266
63967 +36.941 -090.485
64001 +39.101 -093.537
64011 +38.960 -094.068
64012 +38.788 -094.552
64014 +39.009 -094.257
64015 +39.021 -094.302
64016 +39.113 -094.215
64017 +39.200 -094.033
64018 +39.455 -094.721
64019 +38.778 -093.865
64020 +38.967 -093.600
64021 +39.113 -093.626
64022 +39.202 -093.672
64024 +39.327 -094.227
64028 +39.285 -094.832
64029 +39.006 -094.216
64030 +38.881 -094.523
64034 +38.859 -094.298
64035 +39.291 -093.812
64036 +39.201 -093.935
64037 +39.047 -093.734
64040 +38.719 -093.988
64048 +39.438 -094.364
64050 +39.116 -094.411
64052 +39.074 -094.451
64053 +39.108 -094.465
64054 +39.118 -094.441
64055 +39.051 -094.398
64056 +39.113 -094.315
64057 +39.072 -094.319
64058 +39.174 -094.314
64060 +39.371 -094.369
64061 +38.787 -094.084
64062 +39.456 -094.178
64063 +38.912 -094.353
64064 +38.983 -094.343
64065 +38.952 -094.404
64066 +39.140 -094.139
64067 +39.154 -093.836
64068 +39.258 -094.390
64070 +38.887 -094.149
64071 +39.028 -093.832
64072 +39.241 -094.300
64074 +39.084 -094.071
64075 +39.000 -094.145
64076 +38.983 -093.948
64077 +39.225 -094.139
64078 +38.708 -094.472
64079 +39.364 -094.793
64080 +38.764 -094.260
64081 +38.911 -094.411
64082 +38.862 -094.408
64083 +38.802 -094.449
64084 +39.386 -094.069
64085 +39.343 -093.955
64086 +38.899 -094.272
64088 +39.167 -094.183
64089 +39.390 -094.565
64090 +38.760 -094.164
64092 +39.218 -094.811
64093 +38.793 -093.731
64096 +39.197 -093.558
64097 +39.114 -093.990
64098 +39.468 -094.891
64101 +39.103 -094.601
64102 +39.094 -094.603
64105 +39.106 -094.591
64106 +39.105 -094.570
64108 +39.085 -094.586
64109 +39.066 -094.568
64110 +39.034 -094.573
64111 +39.057 -094.594
64112 +39.036 -094.595
64113 +39.014 -094.595
64114 +38.958 -094.599
64116 +39.149 -094.575
64117 +39.164 -094.523
64118 +39.213 -094.574
64119 +39.210 -094.515
64120 +39.135 -094.515
64123 +39.114 -094.522
64124 +39.107 -094.539
64125 +39.106 -094.494
64126 +39.091 -094.496
64127 +39.089 -094.538
64128 +39.065 -094.535
64129 +39.049 -094.497
64130 +39.035 -094.542
64131 +38.960 -094.572
64132 +38.980 -094.542
64133 +39.014 -094.458
64134 +38.931 -094.487
64136 +39.013 -094.406
64137 +38.932 -094.543
64138 +38.967 -094.471
64139 +38.967 -094.405
64145 +38.878 -094.596
64146 +38.883 -094.572
64147 +38.852 -094.555
64149 +38.865 -094.472
64150 +39.172 -094.632
64151 +39.215 -094.630
64152 +39.219 -094.725
64153 +39.275 -094.727
64154 +39.281 -094.627
64155 +39.281 -094.568
64156 +39.274 -094.518
64157 +39.277 -094.471
64158 +39.234 -094.483
64161 +39.159 -094.451
64163 +39.344 -094.688
64164 +39.329 -094.627
64165 +39.321 -094.578
64166 +39.322 -094.523
64167 +39.319 -094.482
64401 +39.633 -094.715
64402 +40.252 -094.323
64420 +40.486 -094.289
64421 +39.908 -094.928
64422 +39.895 -094.494
64423 +40.193 -094.852
64424 +40.265 -094.032
64426 +40.517 -093.861
64427 +40.109 -094.846
64428 +40.423 -095.088
64429 +39.737 -094.226
64430 +39.839 -094.566
64431 +40.528 -094.996
64432 +40.264 -094.661
64433 +40.239 -094.681
64434 +40.258 -094.736
64436 +39.852 -094.691
64437 +40.140 -095.363
64438 +40.159 -094.414
64439 +39.524 -094.753
64440 +39.585 -094.910
64441 +40.393 -094.271
64442 +40.497 -094.006
64443 +39.743 -094.653
64444 +39.485 -094.648
64445 +40.540 -095.149
64446 +40.324 -095.399
64448 +39.604 -094.827
64449 +40.041 -094.978
64451 +39.994 -095.213
64453 +40.345 -094.469
64454 +39.608 -094.594
64455 +40.181 -095.005
64456 +40.493 -094.391
64457 +40.163 -094.682
64458 +40.515 -094.145
64459 +39.929 -094.645
64461 +40.514 -094.807
64463 +40.063 -094.483
64465 +39.550 -094.288
64466 +40.166 -095.106
64467 +40.392 -094.177
64468 +40.343 -094.881
64469 +39.933 -094.357
64470 +40.173 -095.227
64471 +40.266 -094.194
64473 +39.979 -095.076
64474 +39.754 -094.380
64475 +40.436 -094.629
64476 +40.453 -094.831
64477 +39.575 -094.453
64479 +40.338 -094.671
64480 +40.054 -094.705
64481 +40.354 -093.888
64482 +40.447 -095.556
64483 +40.039 -094.839
64484 +39.561 -095.017
64485 +39.954 -094.816
64486 +40.537 -094.613
64487 +40.301 -095.096
64489 +40.234 -094.548
64490 +39.742 -094.515
64491 +40.446 -095.358
64492 +39.482 -094.544
64493 +39.631 -094.304
64494 +39.991 -094.610
64496 +40.498 -095.622
64497 +39.930 -094.220
64498 +40.540 -095.312
64499 +40.397 -094.415
64501 +39.766 -094.844
64503 +39.749 -094.846
64504 +39.691 -094.906
64505 +39.847 -094.824
64506 +39.790 -094.803
64507 +39.737 -094.740
64601 +39.805 -093.579
64620 +39.895 -094.090
64622 +39.493 -093.543
64623 +39.470 -093.333
64624 +39.576 -093.783
64625 +39.744 -093.803
64628 +39.794 -093.048
64630 +40.038 -093.157
64631 +39.837 -092.883
64632 +40.469 -093.767
64633 +39.360 -093.482
64635 +39.953 -093.434
64636 +40.128 -093.983
64637 +39.576 -093.917
64638 +39.618 -093.620
64639 +39.400 -093.216
64640 +39.898 -093.936
64641 +40.164 -093.402
64642 +40.171 -093.836
64643 +39.613 -093.369
64644 +39.739 -093.971
64645 +40.300 -093.322
64646 +40.099 -093.309
64647 +40.026 -093.967
64648 +39.989 -093.790
64649 +39.773 -094.086
64650 +39.638 -094.054
64651 +39.777 -093.182
64652 +40.022 -093.418
64653 +39.895 -093.194
64654 +39.849 -093.776
64655 +40.447 -093.257
64656 +39.677 -093.693
64657 +40.132 -094.208
64658 +39.663 -092.917
64659 +39.782 -093.290
64660 +39.577 -093.097
64661 +40.536 -093.517
64664 +39.750 -093.651
64667 +40.400 -093.345
64668 +39.355 -093.704
64670 +40.053 -094.140
64671 +39.532 -094.051
64672 +40.539 -093.250
64673 +40.374 -093.587
64674 +39.968 -093.157
64676 +39.646 -093.030
64679 +40.237 -093.581
64681 +39.649 -093.213
64682 +39.549 -093.495
64683 +40.074 -093.604
64686 +39.749 -093.624
64688 +39.812 -093.369
64689 +39.875 -094.151
64701 +38.625 -094.329
64720 +38.404 -094.336
64722 +38.276 -094.554
64723 +38.362 -094.560
64724 +38.153 -094.007
64725 +38.491 -094.373
64726 +38.527 -093.922
64728 +37.699 -094.518
64730 +38.256 -094.284
64733 +38.585 -093.827
64734 +38.655 -094.559
64735 +38.372 -093.727
64738 +37.902 -093.652
64739 +38.511 -094.097
64740 +38.228 -093.703
64741 +37.818 -094.562
64742 +38.508 -094.541
64743 +38.664 -094.214
64744 +37.848 -093.979
64745 +38.151 -094.508
64746 +38.602 -094.497
64747 +38.577 -094.171
64748 +37.365 -094.102
64750 +37.921 -094.113
64752 +38.065 -094.563
64755 +37.337 -094.309
64756 +37.619 -094.015
64759 +37.522 -094.267
64761 +38.608 -093.676
64762 +37.547 -094.501
64763 +38.144 -093.712
64765 +37.997 -094.443
64767 +37.737 -094.201
64769 +37.493 -094.548
64770 +38.281 -093.990
64771 +37.773 -094.463
64772 +37.825 -094.333
64776 +38.042 -093.675
64778 +37.919 -094.479
64779 +38.092 -094.396
64780 +38.059 -094.047
64781 +37.977 -093.817
64783 +38.000 -094.105
64784 +37.665 -094.234
64788 +38.424 -094.020
64790 +37.919 -094.222
64801 +37.107 -094.498
64804 +37.020 -094.511
64830 +37.231 -094.411
64831 +36.659 -094.457
64832 +37.340 -094.574
64833 +37.194 -094.130
64834 +37.186 -094.573
64835 +37.148 -094.438
64836 +37.189 -094.279
64840 +37.020 -094.343
64841 +37.079 -094.411
64842 +36.789 -094.106
64843 +36.733 -094.453
64844 +36.911 -094.240
64847 +36.592 -094.439
64848 +37.185 -093.995
64849 +37.254 -094.445
64850 +36.861 -094.401
64854 +36.550 -094.438
64855 +37.337 -094.513
64856 +36.549 -094.252
64857 +37.246 -094.439
64858 +36.901 -094.531
64859 +37.164 -094.113
64861 +36.695 -094.154
64862 +37.101 -094.120
64863 +36.559 -094.583
64865 +36.843 -094.581
64866 +36.870 -094.156
64867 +36.724 -094.235
64868 +36.688 -094.613
64870 +37.183 -094.478
64873 +37.011 -094.054
64874 +36.752 -094.053
65001 +38.278 -092.005
65010 +38.788 -092.242
65011 +38.402 -092.710
65013 +38.270 -091.752
65014 +38.323 -091.625
65016 +38.561 -091.919
65017 +38.092 -092.495
65018 +38.620 -092.564
65020 +38.006 -092.781
65023 +38.654 -092.396
65024 +38.630 -091.775
65025 +38.667 -092.699
65026 +38.324 -092.565
65032 +38.348 -092.383
65034 +38.560 -092.818
65035 +38.364 -091.947
65037 +38.243 -092.849
65039 +38.711 -092.297
65040 +38.348 -092.285
65041 +38.633 -091.490
65043 +38.623 -092.102
65046 +38.776 -092.478
65047 +38.151 -092.578
65048 +38.373 -092.041
65049 +38.200 -092.675
65050 +38.522 -092.686
65051 +38.463 -091.798
65052 +38.076 -092.705
65053 +38.541 -092.370
65054 +38.484 -091.947
65058 +38.270 -092.131
65059 +38.701 -091.888
65061 +38.594 -091.635
65062 +38.501 -091.660
65063 +38.726 -092.088
65064 +38.403 -092.471
65065 +38.132 -092.670
65066 +38.345 -091.490
65067 +38.745 -091.728
65068 +38.829 -092.598
65069 +38.758 -091.608
65072 +38.267 -092.729
65074 +38.484 -092.468
65075 +38.237 -092.251
65076 +38.379 -092.194
65077 +38.770 -091.819
65078 +38.381 -093.036
65079 +38.156 -092.752
65080 +38.636 -091.979
65081 +38.634 -092.780
65082 +38.219 -092.421
65083 +38.148 -092.444
65084 +38.438 -092.855
65085 +38.406 -092.084
65101 +38.497 -092.133
65109 +38.573 -092.277
65201 +38.901 -092.238
65202 +39.017 -092.298
65203 +38.896 -092.396
65215 +38.952 -092.320
65216 +38.958 -092.326
65230 +39.291 -092.681
65231 +39.018 -091.908
65232 +39.161 -091.756
65233 +38.911 -092.724
65236 +39.448 -093.089
65237 +38.768 -092.795
65239 +39.533 -092.421
65240 +39.220 -092.131
65243 +39.275 -092.351
65244 +39.485 -092.659
65246 +39.370 -092.994
65247 +39.635 -092.471
65248 +39.139 -092.660
65250 +39.030 -092.840
65251 +38.850 -091.979
65254 +39.212 -092.846
65255 +39.102 -092.218
65256 +39.122 -092.456
65257 +39.287 -092.534
65258 +39.526 -092.138
65259 +39.475 -092.564
65260 +39.593 -092.401
65261 +39.462 -092.916
65262 +38.960 -091.955
65263 +39.448 -092.218
65264 +39.088 -091.686
65265 +39.203 -091.885
65270 +39.414 -092.395
65274 +39.015 -092.686
65275 +39.453 -091.995
65276 +38.853 -092.958
65278 +39.342 -092.412
65279 +38.994 -092.545
65280 +39.234 -091.755
65281 +39.466 -092.788
65282 +39.382 -091.840
65283 +39.509 -091.828
65284 +39.187 -092.304
65285 +39.272 -092.000
65286 +39.508 -093.220
65287 +38.884 -092.522
65301 +38.699 -093.221
65305 +38.733 -093.553
65320 +39.066 -092.946
65321 +39.075 -093.448
65322 +38.970 -092.966
65323 +38.454 -093.616
65324 +38.097 -093.010
65325 +38.440 -093.189
65326 +38.166 -093.139
65327 +38.977 -093.484
65329 +38.602 -092.957
65330 +39.223 -092.951
65332 +38.620 -093.414
65333 +38.901 -093.320
65334 +38.838 -093.246
65335 +38.514 -093.323
65336 +38.785 -093.557
65337 +38.794 -093.431
65338 +38.357 -093.306
65339 +39.189 -093.372
65340 +39.088 -093.176
65344 +39.319 -093.204
65345 +38.538 -093.127
65347 +38.981 -093.046
65348 +38.712 -092.990
65349 +39.234 -093.054
65350 +38.655 -093.103
65351 +38.995 -093.381
65354 +38.644 -092.886
65355 +38.220 -093.367
65360 +38.520 -093.515
65401 +37.899 -091.769
65409 +37.951 -091.780
65436 +37.624 -091.964
65438 +36.931 -091.501
65439 +37.665 -091.094
65440 +37.599 -091.191
65441 +38.096 -091.159
65443 +38.132 -092.095
65444 +37.378 -092.054
65446 +37.811 -091.270
65449 +37.852 -091.495
65452 +37.967 -092.266
65453 +38.107 -091.427
65456 +37.785 -091.190
65457 +37.824 -092.051
65459 +38.030 -092.097
65461 +37.687 -092.024
65462 +37.685 -091.865
65463 +37.848 -092.783
65464 +37.187 -091.900
65466 +37.211 -091.386
65468 +37.254 -091.798
65470 +37.547 -092.402
65473 +37.710 -092.148
65479 +37.342 -091.636
65483 +37.299 -091.955
65484 +37.356 -092.227
65486 +38.103 -092.307
65501 +37.455 -091.542
65529 +37.929 -091.989
65534 +37.701 -092.260
65535 +38.070 -091.274
65536 +37.692 -092.648
65541 +37.644 -091.759
65542 +37.496 -091.884
65543 +37.454 -092.290
65548 +37.006 -091.712
65550 +37.844 -091.944
65552 +37.498 -092.172
65555 +37.362 -091.778
65556 +37.835 -092.404
65557 +37.517 -092.145
65559 +38.017 -091.614
65560 +37.597 -091.504
65564 +37.233 -091.956
65565 +37.896 -091.239
65566 +37.809 -091.161
65567 +37.849 -092.540
65570 +37.453 -092.095
65571 +37.187 -091.645
65580 +38.117 -091.790
65582 +38.204 -091.926
65583 +37.828 -092.258
65584 +37.829 -092.131
65586 +37.865 -091.433
65588 +36.966 -091.294
65589 +37.237 -091.827
65590 +37.637 -092.975
65591 +37.979 -092.591
65601 +37.530 -093.586
65603 +37.533 -093.857
65604 +37.270 -093.598
65605 +36.990 -093.740
65606 +36.697 -091.359
65608 +36.902 -092.667
65609 +36.527 -092.177
65610 +37.042 -093.525
65611 +36.550 -093.372
65612 +37.214 -093.539
65613 +37.641 -093.387
65614 +36.734 -092.897
65616 +36.671 -093.249
65617 +37.438 -093.335
65618 +36.760 -092.367
65619 +37.122 -093.387
65620 +37.017 -092.956
65622 +37.635 -093.110
65623 +36.749 -093.907
65624 +36.732 -093.561
65625 +36.674 -093.816
65626 +36.588 -092.113
65627 +36.567 -093.033
65629 +36.892 -093.001
65630 +36.838 -093.226
65631 +37.001 -093.424
65632 +37.499 -092.816
65633 +36.899 -093.536
65634 +38.015 -093.195
65635 +37.532 -093.717
65637 +36.776 -092.191
65638 +36.833 -092.330
65640 +37.698 -093.567
65641 +36.544 -093.771
65644 +37.511 -093.038
65646 +37.333 -093.703
65647 +36.693 -094.007
65648 +37.409 -093.167
65649 +37.617 -093.623
65650 +37.814 -093.442
65652 +37.133 -092.950
65653 +36.841 -093.140
65654 +37.022 -093.898
65655 +36.603 -092.420
65656 +36.794 -093.468
65657 +36.839 -093.018
65658 +36.547 -093.638
65660 +37.324 -092.271
65661 +37.456 -093.829
65662 +37.419 -092.572
65663 +37.630 -093.246
65664 +37.198 -093.615
65666 +36.575 -092.360
65667 +37.308 -092.514
65668 +37.931 -093.288
65669 +36.916 -093.296
65672 +36.560 -093.219
65674 +37.791 -093.608
65675 +36.931 -093.492
65676 +36.578 -092.599
65679 +36.574 -093.095
65680 +36.642 -092.982
65681 +36.546 -093.469
65682 +37.416 -093.980
65685 +37.754 -093.151
65686 +36.627 -093.444
65688 +36.649 -091.693
65689 +37.136 -092.091
65690 +36.592 -091.264
65692 +36.621 -091.650
65702 +37.053 -092.485
65704 +37.128 -092.586
65705 +37.092 -093.623
65706 +37.323 -092.899
65707 +37.234 -093.843
65708 +36.911 -093.909
65710 +37.486 -093.421
65711 +37.176 -092.276
65712 +37.111 -093.806
65713 +37.406 -092.739
65714 +37.041 -093.321
65715 +36.731 -092.574
65717 +37.060 -092.416
65720 +36.948 -092.963
65721 +36.981 -093.209
65722 +37.589 -092.808
65723 +36.953 -094.048
65724 +37.840 -093.316
65725 +37.430 -093.264
65726 +36.620 -093.243
65727 +37.766 -093.295
65728 +36.877 -093.335
65729 +36.539 -092.564
65730 +36.624 -094.225
65731 +36.653 -093.126
65732 +37.935 -093.177
65733 +36.533 -092.851
65734 +36.797 -093.954
65735 +38.040 -093.487
65737 +36.712 -093.351
65738 +37.137 -093.490
65739 +36.511 -093.274
65740 +36.712 -093.163
65741 +36.796 -092.404
65742 +37.125 -093.089
65744 +36.624 -092.893
65745 +36.523 -093.984
65746 +37.143 -092.788
65747 +36.601 -093.580
65752 +37.332 -093.838
65753 +36.995 -093.056
65754 +36.838 -093.282
65755 +36.802 -092.633
65756 +37.096 -093.960
65757 +37.283 -093.099
65759 +36.768 -093.048
65760 +36.616 -092.277
65761 +36.541 -092.722
65762 +36.681 -092.663
65764 +37.815 -092.949
65766 +36.536 -092.269
65767 +37.852 -093.156
65768 +36.919 -092.270
65769 +36.919 -093.799
65770 +37.423 -093.548
65771 +36.775 -093.204
65772 +36.598 -094.025
65773 +36.751 -092.517
65774 +37.930 -093.489
65775 +36.701 -091.856
65777 +36.517 -091.981
65778 +36.530 -091.271
65779 +37.982 -093.385
65781 +37.356 -093.418
65783 +37.711 -092.903
65784 +36.730 -092.297
65785 +37.708 -093.825
65786 +37.967 -092.963
65787 +38.068 -092.899
65788 +36.807 -091.695
65789 +36.857 -091.890
65790 +36.703 -092.110
65791 +36.579 -091.497
65793 +36.992 -091.980
65801 +37.214 -093.295
65802 +37.211 -093.352
65803 +37.283 -093.290
65804 +37.148 -093.252
65806 +37.206 -093.299
65807 +37.168 -093.325
65809 +37.173 -093.190
65810 +37.120 -093.310
65897 +37.200 -093.281
66002 +39.552 -095.140
66006 +38.789 -095.238
66007 +39.136 -094.945
66008 +39.718 -095.176
66010 +38.092 -094.996
66012 +39.067 -094.921
66013 +38.731 -094.696
66014 +38.229 -094.987
66015 +38.076 -095.400
66016 +39.467 -095.223
66017 +39.704 -095.274
66018 +38.964 -094.974
66020 +39.339 -095.111
66021 +38.757 -095.005
66023 +39.512 -095.392
66024 +39.762 -094.890
66025 +38.892 -095.083
66026 +38.396 -094.866
66027 +39.361 -094.917
66030 +38.815 -094.940
66031 +38.832 -094.890
66032 +38.277 -095.277
66033 +38.359 -095.128
66035 +39.871 -095.254
66039 +38.104 -095.165
66040 +38.357 -094.738
66041 +39.600 -095.308
66042 +38.423 -095.080
66043 +39.248 -094.906
66044 +39.033 -095.209
66045 +38.954 -095.262
66046 +38.905 -095.210
66047 +38.893 -095.346
66048 +39.273 -094.980
66049 +38.979 -095.346
66050 +39.026 -095.430
66052 +39.008 -095.046
66053 +38.581 -094.668
66054 +39.206 -095.198
66056 +38.151 -094.844
66058 +39.541 -095.520
66060 +39.419 -095.332
66061 +38.894 -094.880
66062 +38.838 -094.784
66064 +38.481 -094.989
66066 +39.203 -095.331
66067 +38.620 -095.284
66070 +39.211 -095.453
66071 +38.574 -094.867
66072 +38.318 -094.975
66073 +39.092 -095.381
66075 +38.201 -094.684
66076 +38.632 -095.443
66078 +38.485 -095.258
66079 +38.542 -095.124
66080 +38.413 -095.255
66083 +38.732 -094.830
66085 +38.806 -094.645
66086 +39.115 -095.081
66087 +39.809 -095.140
66088 +39.341 -095.456
66090 +39.788 -094.973
66091 +38.172 -095.328
66092 +38.689 -095.106
66093 +38.208 -095.494
66094 +39.959 -095.342
66095 +38.441 -095.439
66097 +39.329 -095.246
66101 +39.119 -094.626
66102 +39.109 -094.693
66103 +39.060 -094.627
66104 +39.150 -094.690
66105 +39.086 -094.637
66106 +39.069 -094.703
66109 +39.165 -094.829
66111 +39.084 -094.790
66112 +39.115 -094.770
66115 +39.148 -094.605
66118 +39.101 -094.613
66160 +39.056 -094.610
66202 +39.023 -094.669
66203 +39.020 -094.706
66204 +38.990 -094.678
66205 +39.031 -094.631
66206 +38.959 -094.619
66207 +38.956 -094.643
66208 +38.998 -094.628
66209 +38.901 -094.634
66210 +38.927 -094.705
66211 +38.925 -094.636
66212 +38.956 -094.680
66213 +38.899 -094.704
66214 +38.964 -094.714
66215 +38.956 -094.743
66216 +39.014 -094.742
66217 +39.014 -094.775
66218 +39.013 -094.818
66219 +38.953 -094.778
66220 +38.960 -094.819
66221 +38.847 -094.714
66223 +38.862 -094.669
66224 +38.862 -094.624
66226 +39.031 -094.861
66227 +38.973 -094.875
66251 +38.917 -094.659
66401 +38.932 -096.310
66402 +38.914 -095.843
66403 +39.891 -096.270
66404 +39.864 -096.173
66406 +39.894 -096.421
66407 +39.228 -096.186
66408 +39.950 -095.975
66409 +38.919 -095.555
66411 +39.642 -096.644
66412 +39.908 -096.777
66413 +38.769 -095.881
66414 +38.831 -095.685
66415 +39.689 -096.138
66416 +39.526 -095.863
66417 +39.657 -096.037
66418 +39.279 -095.934
66419 +39.361 -095.599
66422 +39.334 -096.084
66423 +38.854 -096.122
66424 +39.675 -095.404
66425 +39.807 -095.721
66427 +39.661 -096.439
66428 +39.676 -095.931
66429 +39.094 -095.534
66431 +38.806 -096.003
66432 +39.491 -096.078
66434 +39.863 -095.555
66436 +39.468 -095.704
66438 +39.835 -096.511
66439 +39.656 -095.540
66440 +39.268 -095.677
66441 +38.974 -096.803
66442 +39.092 -096.790
66449 +39.390 -096.856
66451 +38.603 -095.673
66501 +39.053 -096.237
66502 +39.140 -096.529
66503 +39.265 -096.695
66506 +39.196 -096.581
66507 +39.051 -096.031
66508 +39.859 -096.644
66509 +39.325 -095.785
66510 +38.500 -095.610
66512 +39.208 -095.541
66514 +39.126 -096.876
66515 +39.936 -095.704
66516 +39.617 -095.721
66517 +39.111 -096.702
66518 +39.966 -096.551
66520 +39.412 -096.611
66521 +39.471 -096.229
66522 +39.866 -095.938
66523 +38.616 -095.834
66524 +38.791 -095.506
66526 +39.065 -096.163
66527 +39.747 -095.681
66528 +38.603 -095.538
66531 +39.312 -096.838
66532 +39.821 -095.378
66533 +39.163 -095.947
66534 +39.877 -095.837
66535 +39.267 -096.434
66536 +39.215 -096.070
66537 +38.751 -095.720
66538 +39.851 -096.045
66539 +39.142 -095.840
66540 +39.485 -095.970
66541 +39.979 -096.344
66542 +39.011 -095.545
66543 +38.640 -095.599
66544 +39.689 -096.273
66546 +38.894 -095.730
66547 +39.232 -096.296
66548 +39.671 -096.763
66549 +39.421 -096.436
66550 +39.655 -095.821
66552 +39.588 -095.630
66554 +39.495 -096.791
66603 +39.058 -095.675
66604 +39.039 -095.726
66605 +39.011 -095.639
66606 +39.061 -095.720
66607 +39.041 -095.635
66608 +39.081 -095.664
66609 +38.978 -095.661
66610 +38.977 -095.845
66611 +39.019 -095.696
66612 +39.040 -095.680
66614 +39.010 -095.838
66615 +39.051 -095.898
66616 +39.070 -095.623
66617 +39.135 -095.623
66618 +39.140 -095.748
66619 +38.947 -095.690
66621 +39.033 -095.702
66622 +39.026 -095.722
66701 +37.830 -094.759
66710 +37.552 -095.624
66711 +37.637 -094.685
66712 +37.565 -094.715
66713 +37.040 -094.785
66714 +37.637 -095.699
66716 +37.939 -095.038
66717 +37.699 -095.681
66720 +37.648 -095.457
66724 +37.347 -094.857
66725 +37.157 -094.895
66732 +37.804 -095.193
66733 +37.590 -095.255
66734 +37.614 -094.820
66735 +37.518 -094.715
66736 +37.551 -095.861
66738 +38.014 -094.723
66739 +37.126 -094.655
66740 +37.466 -095.371
66741 +37.720 -094.664
66742 +37.920 -095.349
66743 +37.509 -094.880
66746 +37.668 -094.953
66748 +37.800 -095.436
66749 +37.934 -095.415
66751 +37.930 -095.290
66753 +37.364 -095.016
66754 +38.005 -094.886
66755 +37.912 -095.169
66756 +37.548 -094.641
66757 +37.414 -095.698
66758 +38.016 -095.587
66760 +37.348 -094.624
66761 +37.911 -095.570
66762 +37.394 -094.710
66763 +37.463 -094.698
66767 +38.079 -094.710
66769 +37.857 -094.890
66770 +37.081 -094.715
66771 +37.495 -095.146
66772 +37.740 -095.188
66773 +37.259 -094.805
66775 +37.702 -095.149
66776 +37.468 -095.498
66777 +37.787 -095.976
66778 +37.000 -094.839
66779 +37.829 -094.966
66780 +37.610 -095.056
66781 +37.289 -094.733
66782 +37.285 -094.926
66783 +37.877 -095.733
66801 +38.412 -096.224
66830 +38.596 -096.091
66833 +38.696 -096.195
66834 +38.862 -096.455
66835 +38.527 -096.266
66838 +38.555 -096.801
66839 +38.217 -095.748
66840 +38.077 -096.877
66842 +38.025 -096.657
66843 +38.222 -096.740
66845 +38.299 -096.508
66846 +38.640 -096.474
66849 +38.878 -096.603
66850 +38.408 -096.713
66851 +38.218 -096.919
66852 +38.072 -095.895
66853 +38.002 -096.235
66854 +38.252 -095.988
66856 +38.398 -095.812
66857 +38.103 -095.633
66858 +38.473 -096.922
66859 +38.557 -096.965
66860 +38.127 -096.166
66861 +38.364 -097.006
66862 +38.155 -096.556
66863 +37.834 -096.076
66864 +38.355 -095.981
66865 +38.209 -096.275
66866 +38.174 -097.103
66868 +38.545 -095.979
66869 +38.469 -096.515
66870 +37.933 -095.976
66871 +38.363 -095.610
66872 +38.799 -096.764
66873 +38.613 -096.666
66901 +39.560 -097.639
66930 +39.705 -097.491
66932 +39.779 -098.931
66933 +39.675 -096.872
66935 +39.826 -097.635
66936 +39.919 -098.302
66937 +39.600 -097.265
66938 +39.590 -097.444
66939 +39.853 -097.904
66940 +39.802 -097.453
66941 +39.831 -098.448
66942 +39.791 -097.998
66943 +39.672 -096.966
66944 +39.840 -097.293
66945 +39.887 -096.878
66946 +39.968 -096.999
66948 +39.598 -097.852
66949 +39.645 -098.205
66951 +39.864 -099.038
66952 +39.836 -098.605
66953 +39.680 -097.118
66955 +39.980 -097.321
66956 +39.797 -098.216
66958 +39.889 -097.177
66959 +39.923 -097.530
66960 +39.936 -097.422
66961 +39.693 -097.776
66962 +39.599 -097.114
66963 +39.642 -098.014
66964 +39.934 -097.794
66966 +39.784 -097.762
66967 +39.820 -098.794
66968 +39.835 -097.063
66970 +39.950 -098.017
67001 +37.757 -097.635
67002 +37.701 -097.107
67003 +37.105 -098.057
67004 +37.282 -097.763
67005 +37.069 -096.996
67008 +37.489 -096.753
67009 +37.225 -098.269
67010 +37.655 -096.976
67012 +37.658 -096.559
67013 +37.382 -097.268
67016 +37.889 -097.518
67017 +37.828 -097.112
67018 +37.071 -097.854
67019 +37.314 -096.784
67020 +38.008 -097.676
67021 +37.776 -098.911
67022 +37.077 -097.627
67023 +37.346 -096.592
67024 +37.113 -096.492
67025 +37.642 -097.785
67026 +37.511 -097.492
67028 +37.476 -098.980
67029 +37.171 -099.280
67030 +37.786 -097.547
67031 +37.410 -097.635
67035 +37.648 -098.395
67036 +37.290 -097.883
67037 +37.572 -097.217
67038 +37.120 -096.680
67039 +37.528 -096.974
67041 +38.054 -097.128
67042 +37.857 -096.781
67045 +37.855 -096.322
67047 +37.640 -096.050
67049 +37.171 -097.846
67050 +37.675 -097.677
67051 +37.089 -097.197
67052 +37.658 -097.574
67053 +38.247 -097.346
67054 +37.575 -099.316
67055 +37.783 -097.203
67056 +38.019 -097.523
67057 +37.071 -098.780
67058 +37.318 -098.061
67059 +37.659 -099.097
67060 +37.543 -097.364
67061 +37.082 -098.377
67062 +38.143 -097.433
67063 +38.341 -097.234
67065 +37.478 -098.529
67066 +37.774 -098.758
67067 +37.795 -097.266
67068 +37.622 -098.120
67070 +37.072 -098.553
67071 +37.209 -098.890
67072 +37.535 -096.628
67073 +38.389 -097.320
67074 +37.670 -096.736
67101 +37.785 -097.464
67102 +37.027 -096.800
67103 +37.266 -097.555
67104 +37.265 -098.664
67105 +37.220 -097.683
67106 +37.463 -097.758
67107 +38.200 -097.543
67108 +37.816 -097.691
67109 +37.561 -099.486
67110 +37.470 -097.224
67111 +37.615 -097.938
67112 +37.453 -098.419
67114 +38.068 -097.292
67117 +38.074 -097.346
67118 +37.482 -097.854
67119 +37.239 -097.177
67120 +37.468 -097.374
67122 +37.619 -096.428
67123 +37.948 -096.996
67124 +37.634 -098.774
67127 +37.165 -099.487
67131 +37.425 -096.947
67132 +37.851 -096.585
67133 +37.578 -097.107
67134 +37.477 -098.672
67135 +37.914 -097.454
67137 +37.632 -096.228
67138 +37.260 -098.420
67140 +37.080 -097.357
67142 +37.453 -098.114
67143 +37.319 -098.975
67144 +37.819 -097.003
67146 +37.384 -097.105
67147 +37.865 -097.305
67149 +37.540 -097.626
67150 +37.028 -098.198
67151 +38.142 -097.257
67152 +37.263 -097.411
67154 +37.964 -097.122
67155 +37.275 -099.138
67156 +37.248 -096.963
67159 +37.428 -098.309
67202 +37.687 -097.335
67203 +37.699 -097.365
67204 +37.762 -097.359
67205 +37.749 -097.424
67206 +37.704 -097.225
67207 +37.666 -097.230
67208 +37.704 -097.279
67209 +37.651 -097.428
67210 +37.643 -097.210
67211 +37.667 -097.317
67212 +37.702 -097.439
67213 +37.667 -097.364
67214 +37.707 -097.318
67215 +37.616 -097.435
67216 +37.611 -097.313
67217 +37.618 -097.362
67218 +37.669 -097.280
67219 +37.769 -097.316
67220 +37.751 -097.278
67221 +37.635 -097.258
67223 +37.742 -097.496
67226 +37.769 -097.220
67227 +37.627 -097.501
67228 +37.778 -097.181
67230 +37.681 -097.168
67232 +37.644 -097.162
67235 +37.689 -097.500
67260 +37.719 -097.293
67301 +37.208 -095.756
67330 +37.158 -095.309
67332 +37.043 -095.237
67333 +37.044 -095.866
67334 +37.024 -096.177
67335 +37.275 -095.527
67336 +37.069 -095.069
67337 +37.054 -095.598
67340 +37.060 -095.712
67341 +37.344 -095.428
67342 +37.060 -095.355
67344 +37.287 -095.954
67345 +37.370 -096.201
67346 +37.321 -096.448
67347 +37.154 -095.952
67349 +37.496 -096.280
67351 +37.144 -095.569
67352 +37.333 -096.091
67353 +37.308 -096.317
67354 +37.206 -095.412
67355 +37.032 -096.006
67356 +37.176 -095.146
67357 +37.338 -095.253
67360 +37.038 -096.107
67361 +37.138 -096.218
67363 +37.333 -095.720
67364 +37.039 -095.824
67401 +38.832 -097.655
67410 +38.956 -097.219
67416 +38.671 -097.565
67417 +39.434 -097.546
67418 +39.185 -098.052
67420 +39.401 -098.085
67422 +39.032 -097.599
67423 +38.966 -097.975
67425 +38.782 -097.908
67427 +38.498 -098.399
67428 +38.380 -097.417
67430 +39.576 -098.442
67431 +38.951 -097.012
67432 +39.331 -097.181
67436 +39.281 -097.730
67437 +39.507 -098.557
67438 +38.502 -097.272
67439 +38.760 -098.221
67441 +38.879 -097.103
67442 +38.646 -097.776
67443 +38.381 -097.526
67444 +38.551 -098.118
67445 +39.371 -097.824
67446 +39.461 -098.325
67447 +39.475 -096.969
67448 +38.664 -097.403
67449 +38.683 -096.897
67450 +38.626 -098.457
67451 +38.701 -097.132
67452 +39.241 -098.368
67454 +38.699 -098.112
67455 +39.029 -098.163
67456 +38.596 -097.680
67457 +38.385 -097.988
67458 +39.168 -097.311
67459 +38.604 -098.346
67460 +38.383 -097.699
67464 +38.559 -097.897
67466 +39.328 -097.472
67467 +39.142 -097.696
67468 +39.459 -097.257
67470 +38.923 -097.508
67473 +39.379 -098.741
67474 +39.596 -098.702
67475 +38.590 -097.055
67476 +38.544 -097.436
67478 +39.386 -097.950
67480 +38.966 -097.401
67481 +39.013 -098.389
67482 +39.027 -097.260
67483 +38.558 -097.198
67484 +38.996 -097.850
67485 +39.316 -098.497
67487 +39.173 -097.064
67490 +38.803 -098.445
67491 +38.383 -097.902
67492 +38.820 -096.960
67501 +37.978 -097.927
67502 +38.127 -097.930
67505 +38.031 -097.946
67510 +37.992 -098.207
67511 +38.434 -099.051
67512 +38.239 -098.335
67513 +38.445 -099.538
67514 +37.862 -098.202
67515 +38.599 -100.065
67516 +38.393 -099.687
67518 +38.404 -100.173
67519 +37.936 -099.103
67520 +38.590 -099.188
67521 +38.628 -099.713
67522 +38.122 -097.748
67523 +38.193 -099.566
67524 +38.384 -098.378
67525 +38.573 -098.563
67526 +38.297 -098.544
67529 +38.076 -099.254
67530 +38.353 -098.798
67543 +37.890 -097.802
67544 +38.570 -098.751
67545 +38.181 -098.648
67546 +38.225 -097.817
67547 +37.938 -099.472
67548 +38.591 -099.334
67550 +38.180 -099.127
67552 +37.861 -099.236
67553 +38.654 -099.320
67554 +38.371 -098.185
67556 +38.605 -099.520
67557 +37.920 -098.958
67559 +38.372 -099.459
67560 +38.399 -099.939
67561 +38.109 -098.097
67563 +37.848 -099.555
67564 +38.529 -098.936
67565 +38.601 -099.044
67566 +37.949 -098.095
67567 +38.265 -098.972
67568 +38.021 -098.317
67570 +37.787 -097.964
67572 +38.689 -099.917
67573 +38.265 -098.412
67574 +38.226 -099.397
67575 +38.402 -099.256
67576 +38.036 -098.795
67578 +37.969 -098.587
67579 +38.189 -098.236
67581 +37.992 -098.408
67583 +37.799 -098.475
67584 +38.682 -100.164
67601 +38.874 -099.341
67621 +39.828 -099.129
67622 +39.904 -099.727
67623 +39.444 -098.954
67625 +39.389 -099.686
67626 +38.882 -098.717
67627 +38.922 -099.213
67628 +39.627 -099.002
67629 +39.700 -100.199
67631 +39.009 -100.081
67632 +39.330 -099.581
67634 +38.823 -098.604
67635 +39.600 -100.451
67637 +38.940 -099.590
67638 +39.633 -098.847
67639 +39.625 -099.318
67640 +38.897 -099.046
67642 +39.370 -099.830
67643 +39.643 -100.289
67644 +39.641 -099.147
67645 +39.602 -099.894
67646 +39.618 -099.594
67647 +39.937 -099.526
67648 +39.087 -098.580
67649 +39.141 -098.689
67650 +39.373 -100.103
67651 +39.206 -099.040
67653 +39.907 -100.208
67654 +39.835 -099.954
67656 +38.981 -099.755
67657 +39.213 -099.610
67658 +39.115 -098.934
67659 +39.323 -100.005
67660 +38.718 -099.148
67661 +39.820 -099.338
67663 +39.212 -099.335
67664 +39.818 -099.583
67665 +38.849 -098.883
67667 +38.713 -099.332
67669 +39.458 -099.344
67671 +38.875 -099.141
67672 +38.994 -099.905
67673 +39.170 -098.814
67674 +38.889 -099.096
67675 +39.410 -099.089
67701 +39.394 -101.050
67730 +39.809 -101.111
67731 +39.766 -101.537
67732 +39.374 -101.352
67733 +39.330 -101.506
67734 +39.543 -100.889
67735 +39.346 -101.774
67736 +38.846 -100.449
67737 +39.089 -100.493
67738 +38.999 -100.651
67739 +39.878 -100.813
67740 +39.356 -100.364
67741 +39.387 -102.005
67743 +39.388 -101.241
67744 +39.861 -100.941
67745 +39.808 -101.345
67747 +39.042 -101.061
67748 +39.070 -100.860
67749 +39.835 -100.563
67751 +39.117 -100.356
67752 +38.995 -100.233
67753 +39.433 -100.748
67756 +39.797 -101.837
67757 +39.553 -100.617
67758 +38.898 -101.779
67761 +38.951 -101.526
67762 +38.841 -102.001
67764 +38.870 -101.158
67801 +37.730 -100.060
67831 +37.186 -099.796
67834 +37.535 -099.620
67835 +37.987 -100.309
67836 +38.040 -101.995
67837 +37.555 -100.675
67838 +38.058 -101.134
67839 +38.471 -100.442
67840 +37.052 -099.952
67841 +37.628 -100.226
67842 +37.548 -099.765
67843 +37.730 -099.937
67844 +37.377 -100.197
67846 +38.026 -100.779
67849 +38.160 -099.729
67850 +38.631 -100.639
67851 +38.089 -101.016
67853 +37.886 -100.528
67854 +38.101 -100.001
67855 +37.541 -101.699
67857 +37.994 -101.548
67859 +37.235 -100.770
67860 +38.022 -101.300
67861 +38.474 -101.390
67862 +37.488 -101.953
67863 +38.565 -101.208
67864 +37.177 -100.317
67865 +37.436 -099.968
67867 +37.566 -100.456
67868 +37.820 -100.710
67869 +37.250 -100.563
67870 +37.529 -101.022
67871 +38.492 -100.917
67876 +37.863 -099.743
67877 +37.555 -100.844
67878 +38.005 -101.810
67879 +38.471 -101.795
67880 +37.598 -101.322
67882 +37.804 -099.880
67901 +37.098 -100.895
67950 +37.063 -101.868
67951 +37.161 -101.329
67952 +37.293 -101.131
67953 +37.222 -101.855
67954 +37.178 -101.619
68001 +41.334 -096.955
68002 +41.499 -096.338
68003 +41.070 -096.381
68004 +42.010 -096.623
68005 +41.141 -095.894
68007 +41.373 -096.184
68008 +41.541 -096.170
68010 +41.257 -096.133
68014 +41.283 -096.963
68015 +41.387 -096.650
68016 +41.022 -096.102
68017 +41.058 -096.662
68018 +41.302 -096.615
68019 +41.781 -096.375
68020 +41.971 -096.264
68022 +41.277 -096.249
68023 +41.465 -096.015
68025 +41.438 -096.491
68028 +41.107 -096.262
68029 +41.657 -096.274
68030 +42.320 -096.462
68031 +41.642 -096.532
68033 +41.129 -096.525
68034 +41.451 -096.226
68036 +41.387 -096.952
68037 +40.984 -096.130
68038 +41.949 -096.435
68039 +42.114 -096.340
68040 +41.287 -096.740
68041 +41.241 -096.493
68042 +41.094 -096.436
68044 +41.548 -096.448
68045 +41.826 -096.492
68046 +41.122 -096.053
68047 +42.111 -096.733
68048 +40.984 -095.942
68050 +41.300 -096.842
68055 +42.054 -096.472
68056 +41.141 -095.904
68057 +41.662 -096.724
68058 +41.004 -096.244
68059 +41.064 -096.159
68061 +41.807 -096.219
68062 +42.199 -096.678
68063 +41.723 -096.497
68064 +41.345 -096.354
68065 +41.078 -096.846
68066 +41.185 -096.619
68067 +42.157 -096.488
68068 +41.398 -096.208
68069 +41.241 -096.316
68070 +41.197 -096.801
68071 +42.238 -096.475
68072 +41.610 -096.505
68073 +41.239 -096.416
68102 +41.262 -095.933
68104 +41.295 -096.002
68105 +41.241 -095.965
68106 +41.239 -096.002
68107 +41.209 -095.952
68108 +41.238 -095.931
68110 +41.302 -095.893
68111 +41.295 -095.965
68112 +41.384 -095.966
68113 +41.118 -095.907
68114 +41.263 -096.052
68116 +41.298 -096.166
68117 +41.207 -096.003
68118 +41.263 -096.178
68122 +41.363 -096.052
68123 +41.102 -095.948
68124 +41.235 -096.052
68127 +41.206 -096.054
68128 +41.178 -096.071
68130 +41.233 -096.198
68131 +41.264 -095.965
68132 +41.265 -096.003
68133 +41.112 -096.000
68134 +41.296 -096.051
68135 +41.206 -096.193
68136 +41.166 -096.188
68137 +41.205 -096.119
68138 +41.158 -096.133
68142 +41.369 -096.102
68144 +41.235 -096.118
68147 +41.177 -095.957
68152 +41.367 -095.997
68154 +41.266 -096.115
68157 +41.179 -095.994
68164 +41.297 -096.106
68178 +41.265 -095.945
68182 +41.258 -096.011
68183 +41.257 -095.940
68301 +40.471 -096.525
68303 +40.262 -097.415
68304 +40.893 -096.380
68305 +40.370 -095.865
68307 +40.792 -096.149
68309 +40.049 -096.573
68310 +40.250 -096.749
68313 +40.784 -097.271
68314 +41.016 -097.022
68315 +40.243 -097.537
68316 +41.014 -097.612
68317 +40.673 -096.505
68318 +40.165 -096.649
68319 +40.938 -097.760
68320 +40.480 -095.947
68321 +40.400 -095.697
68322 +40.330 -097.548
68323 +40.128 -096.373
68324 +40.554 -096.290
68325 +40.011 -097.755
68326 +40.284 -097.684
68327 +40.013 -097.622
68328 +40.474 -096.841
68329 +40.498 -096.169
68330 +40.707 -097.341
68331 +40.473 -096.715
68332 +40.328 -096.410
68333 +40.621 -096.950
68335 +40.297 -097.810
68336 +40.966 -096.691
68337 +40.098 -095.832
68338 +40.314 -097.246
68339 +40.732 -096.870
68340 +40.126 -097.739
68341 +40.387 -096.921
68342 +40.104 -096.947
68343 +40.618 -097.132
68344 +40.567 -096.400
68345 +40.036 -096.019
68346 +40.661 -096.049
68347 +40.806 -096.417
68348 +40.299 -096.116
68349 +40.832 -096.297
68350 +40.030 -097.095
68351 +40.651 -097.435
68352 +40.152 -097.226
68354 +40.639 -097.580
68355 +40.124 -095.568
68357 +40.313 -096.548
68358 +40.532 -096.609
68359 +40.631 -097.285
68360 +40.951 -096.956
68361 +40.501 -097.603
68362 +40.154 -097.421
68364 +40.836 -097.230
68365 +40.619 -097.735
68366 +40.982 -096.435
68367 +41.040 -097.397
68368 +40.554 -096.813
68370 +40.144 -097.556
68371 +40.764 -097.783
68372 +40.603 -096.600
68375 +40.037 -097.493
68376 +40.170 -095.938
68377 +40.217 -097.019
68378 +40.398 -096.021
68379 +40.529 -095.870
68380 +40.243 -096.406
68381 +40.077 -096.481
68382 +40.597 -096.024
68401 +40.751 -097.583
68402 +40.908 -096.857
68403 +40.921 -096.167
68404 +40.622 -096.755
68405 +40.762 -097.073
68406 +40.503 -097.382
68407 +40.923 -096.264
68409 +40.908 -095.954
68410 +40.636 -095.884
68413 +40.846 -096.026
68414 +40.318 -095.698
68415 +40.062 -096.821
68416 +40.410 -097.460
68417 +40.733 -096.094
68418 +40.694 -096.379
68419 +40.603 -096.511
68420 +40.079 -096.189
68421 +40.494 -095.744
68422 +40.389 -096.695
68423 +40.807 -096.957
68424 +40.299 -097.016
68428 +40.966 -096.805
68429 +40.062 -097.373
68430 +40.676 -096.666
68431 +40.068 -095.438
68433 +40.053 -095.738
68434 +40.910 -097.117
68436 +40.434 -097.744
68437 +40.253 -095.638
68438 +40.627 -096.745
68439 +40.996 -097.207
68440 +40.054 -097.013
68441 +40.225 -096.250
68442 +40.239 -095.773
68443 +40.455 -096.361
68444 +40.411 -097.585
68445 +40.401 -097.087
68446 +40.647 -096.167
68447 +40.195 -096.073
68448 +40.545 -096.038
68450 +40.355 -096.226
68452 +40.402 -097.853
68453 +40.402 -097.340
68454 +40.687 -096.287
68455 +40.820 -095.897
68456 +40.909 -097.302
68457 +40.158 -095.712
68458 +40.226 -096.492
68460 +40.898 -097.435
68461 +40.762 -096.511
68462 +40.952 -096.520
68463 +40.876 -096.129
68464 +40.413 -097.190
68465 +40.493 -097.021
68466 +40.067 -096.643
68467 +40.865 -097.598
68502 +40.784 -096.700
68503 +40.824 -096.674
68504 +40.854 -096.660
68505 +40.824 -096.616
68506 +40.784 -096.640
68507 +40.859 -096.612
68508 +40.818 -096.706
68510 +40.807 -096.648
68512 +40.737 -096.706
68514 +40.934 -096.651
68516 +40.735 -096.643
68517 +40.932 -096.603
68520 +40.806 -096.573
68521 +40.862 -096.715
68522 +40.791 -096.760
68523 +40.731 -096.755
68524 +40.907 -096.787
68526 +40.730 -096.582
68527 +40.845 -096.511
68528 +40.825 -096.825
68531 +40.908 -096.710
68532 +40.795 -096.843
68588 +40.825 -096.696
68601 +41.452 -097.395
68620 +41.717 -098.051
68621 +41.492 -096.639
68622 +41.923 -098.521
68623 +41.436 -098.102
68624 +41.346 -097.229
68626 +41.169 -096.992
68627 +41.548 -098.166
68628 +41.216 -097.844
68629 +41.707 -097.131
68631 +41.690 -097.356
68632 +41.243 -097.134
68633 +41.706 -096.896
68634 +41.391 -097.507
68635 +41.085 -097.023
68636 +42.009 -098.153
68637 +41.815 -098.644
68638 +41.378 -098.007
68640 +41.459 -097.766
68641 +41.736 -097.015
68642 +41.689 -097.514
68643 +41.706 -097.263
68644 +41.704 -097.670
68647 +41.519 -097.628
68648 +41.401 -096.780
68649 +41.505 -096.785
68651 +41.228 -097.570
68652 +41.861 -098.090
68653 +41.563 -097.496
68654 +41.067 -097.779
68655 +41.648 -098.261
68658 +41.200 -097.293
68659 +41.546 -096.935
68660 +41.574 -097.868
68661 +41.493 -097.089
68662 +41.211 -097.418
68663 +41.311 -097.701
68664 +41.705 -096.787
68665 +41.714 -098.419
68666 +41.111 -097.611
68667 +41.115 -097.307
68669 +41.079 -097.237
68701 +42.020 -097.443
68710 +42.448 -096.849
68711 +42.195 -099.039
68713 +42.540 -098.973
68714 +42.369 -099.503
68715 +41.971 -097.606
68716 +41.927 -096.823
68717 +42.383 -097.222
68718 +42.670 -097.692
68719 +42.969 -098.560
68720 +42.345 -098.015
68722 +42.930 -098.869
68723 +42.286 -097.219
68724 +42.628 -097.885
68725 +42.197 -098.778
68726 +42.185 -098.210
68727 +42.515 -097.202
68728 +42.387 -096.930
68729 +42.477 -097.907
68730 +42.767 -097.535
68731 +42.408 -096.492
68732 +42.489 -096.972
68733 +42.283 -096.722
68734 +42.429 -098.798
68735 +42.147 -098.447
68736 +42.745 -097.371
68739 +42.628 -097.262
68740 +42.147 -097.302
68741 +42.365 -096.595
68742 +42.350 -098.500
68743 +42.472 -096.625
68745 +42.456 -097.084
68746 +42.810 -098.437
68747 +42.391 -097.496
68748 +41.837 -097.475
68749 +42.460 -097.475
68751 +42.690 -096.981
68752 +42.020 -097.712
68753 +42.854 -099.485
68755 +42.927 -099.130
68756 +42.184 -097.980
68757 +42.653 -096.928
68758 +41.778 -097.783
68759 +42.752 -099.346
68760 +42.709 -097.875
68761 +42.022 -097.956
68763 +42.516 -098.589
68764 +42.405 -098.232
68765 +42.342 -097.614
68766 +42.428 -098.409
68767 +42.197 -097.537
68768 +42.000 -097.070
68769 +42.309 -097.825
68770 +42.562 -096.765
68771 +42.396 -097.360
68773 +42.362 -098.119
68774 +42.812 -097.275
68776 +42.459 -096.444
68777 +42.861 -098.688
68778 +42.880 -099.807
68779 +41.953 -097.209
68780 +42.633 -099.128
68781 +42.028 -097.840
68783 +42.636 -098.139
68784 +42.257 -096.891
68785 +42.428 -096.722
68786 +42.502 -097.557
68787 +42.214 -097.031
68788 +41.835 -096.726
68789 +42.535 -097.984
68790 +42.168 -097.186
68791 +41.998 -096.940
68792 +42.728 -097.100
68801 +40.950 -098.297
68803 +40.956 -098.415
68810 +40.863 -098.467
68812 +40.909 -099.280
68813 +41.699 -099.857
68814 +41.309 -099.410
68815 +41.429 -099.156
68816 +41.175 -098.134
68817 +41.267 -098.794
68818 +40.822 -098.006
68820 +41.113 -098.701
68821 +42.007 -099.763
68822 +41.388 -099.631
68823 +41.957 -099.156
68824 +41.007 -098.618
68825 +41.264 -099.968
68826 +41.164 -098.016
68827 +41.043 -098.181
68828 +41.558 -099.249
68831 +41.107 -098.544
68832 +40.770 -098.367
68833 +41.786 -100.077
68834 +41.015 -099.658
68835 +41.332 -098.617
68836 +40.705 -099.377
68837 +41.670 -099.073
68838 +41.212 -098.662
68840 +40.760 -098.878
68841 +40.762 -098.158
68842 +41.581 -098.534
68843 +40.906 -097.879
68844 +41.054 -099.063
68845 +40.718 -099.171
68846 +41.063 -097.884
68847 +40.739 -099.021
68849 +40.701 -099.101
68850 +40.826 -099.740
68852 +41.168 -099.144
68853 +41.288 -098.981
68854 +41.010 -098.002
68855 +41.169 -099.325
68856 +41.503 -099.818
68858 +40.966 -099.378
68859 +41.459 -098.822
68860 +41.134 -099.796
68861 +40.699 -099.264
68862 +41.604 -098.938
68863 +40.766 -099.532
68864 +41.255 -098.238
68865 +40.896 -098.179
68866 +40.969 -099.129
68869 +40.996 -098.884
68870 +40.845 -099.158
68871 +41.141 -098.853
68872 +41.093 -098.332
68873 +41.240 -098.454
68874 +41.635 -099.444
68875 +41.523 -098.685
68876 +40.825 -098.750
68878 +40.981 -099.507
68879 +41.898 -099.515
68881 +41.435 -099.360
68882 +41.436 -098.391
68883 +40.821 -098.578
68901 +40.591 -098.366
68920 +40.155 -099.340
68922 +40.336 -099.900
68923 +40.368 -099.473
68924 +40.496 -099.125
68925 +40.429 -098.430
68926 +40.106 -099.840
68927 +40.500 -099.634
68928 +40.284 -098.607
68929 +40.154 -099.094
68930 +40.285 -098.416
68932 +40.304 -098.740
68933 +40.518 -098.041
68934 +40.342 -098.151
68935 +40.378 -097.962
68936 +40.315 -099.775
68937 +40.569 -099.859
68938 +40.416 -098.117
68939 +40.110 -098.962
68940 +40.538 -099.252
68941 +40.469 -098.268
68942 +40.097 -098.321
68943 +40.031 -097.887
68944 +40.638 -098.094
68945 +40.561 -098.773
68946 +40.107 -099.990
68947 +40.301 -099.052
68948 +40.342 -100.028
68949 +40.431 -099.397
68950 +40.456 -098.664
68952 +40.082 -098.679
68954 +40.615 -098.234
68955 +40.592 -098.540
68956 +40.632 -098.688
68957 +40.274 -098.246
68958 +40.530 -099.507
68959 +40.486 -098.923
68960 +40.084 -099.139
68961 +40.209 -098.044
68964 +40.235 -097.903
68966 +40.160 -099.467
68967 +40.254 -099.632
68970 +40.108 -098.530
68971 +40.124 -099.250
68972 +40.102 -098.803
68973 +40.445 -098.563
68974 +40.126 -097.868
68975 +40.619 -097.949
68976 +40.602 -099.709
68977 +40.067 -099.631
68978 +40.067 -098.097
68979 +40.598 -097.854
68980 +40.677 -098.251
68981 +40.286 -098.892
68982 +40.331 -099.195
69001 +40.251 -100.661
69020 +40.154 -100.262
69021 +40.142 -101.540
69022 +40.342 -100.187
69023 +40.482 -101.899
69024 +40.241 -100.864
69025 +40.621 -100.509
69026 +40.025 -100.411
69027 +40.503 -101.524
69028 +40.636 -100.054
69029 +40.678 -100.243
69030 +40.183 -101.916
69032 +40.579 -101.063
69033 +40.552 -101.694
69034 +40.251 -100.434
69036 +40.028 -100.298
69037 +40.185 -101.406
69038 +40.611 -100.739
69039 +40.706 -100.388
69040 +40.355 -101.120
69041 +40.177 -101.720
69042 +40.475 -100.379
69043 +40.129 -101.255
69044 +40.130 -101.016
69045 +40.465 -101.369
69046 +40.068 -100.104
69101 +41.150 -100.805
69120 +41.432 -100.242
69121 +41.544 -101.774
69122 +41.100 -102.087
69123 +41.044 -100.371
69125 +41.592 -102.855
69127 +41.106 -101.919
69128 +41.230 -103.908
69129 +41.135 -102.380
69130 +40.897 -099.962
69131 +41.417 -102.997
69132 +40.815 -101.007
69133 +41.220 -103.472
69134 +40.807 -101.369
69135 +42.145 -100.266
69138 +40.996 -100.177
69140 +40.840 -101.773
69141 +41.304 -102.936
69142 +41.914 -100.305
69143 +41.193 -101.019
69144 +41.342 -101.621
69145 +41.252 -103.683
69146 +41.348 -101.869
69147 +41.574 -102.095
69148 +41.689 -102.611
69149 +41.222 -102.677
69150 +40.822 -101.541
69151 +41.090 -100.495
69152 +42.065 -101.150
69153 +41.076 -101.670
69154 +41.461 -102.353
69155 +41.188 -101.389
69156 +41.277 -103.346
69157 +41.967 -100.158
69161 +42.157 -100.781
69162 +41.129 -103.016
69163 +41.570 -100.542
69165 +41.153 -101.171
69166 +42.031 -100.619
69167 +41.596 -101.006
69168 +40.748 -101.981
69169 +40.821 -101.180
69170 +40.796 -100.744
69171 +40.891 -100.068
69201 +42.692 -100.615
69210 +42.390 -099.857
69211 +42.836 -101.316
69212 +42.980 -100.803
69214 +42.448 -100.100
69216 +42.952 -101.008
69217 +42.266 -099.716
69218 +42.775 -101.613
69219 +42.714 -101.025
69220 +42.919 -100.169
69221 +42.642 -100.310
69301 +42.127 -102.890
69331 +41.898 -102.991
69333 +42.051 -101.967
69334 +41.822 -103.290
69335 +42.021 -102.143
69336 +41.629 -103.167
69337 +42.876 -102.983
69339 +42.583 -103.443
69340 +42.150 -102.197
69341 +41.739 -103.679
69343 +42.666 -101.911
69345 +41.594 -103.710
69346 +42.625 -103.793
69347 +42.595 -102.684
69348 +42.331 -103.208
69350 +41.961 -101.765
69351 +42.115 -102.413
69352 +41.804 -103.974
69353 +41.747 -103.419
69354 +42.381 -103.382
69355 +41.782 -103.517
69356 +41.891 -103.451
69357 +42.111 -103.768
69358 +42.077 -103.980
69360 +42.739 -102.487
69361 +42.102 -103.566
69365 +42.947 -102.461
69366 +42.068 -101.581
69367 +42.814 -103.317
70001 +29.983 -090.169
70002 +30.010 -090.163
70003 +30.001 -090.210
70005 +29.999 -090.134
70006 +30.014 -090.191
70030 +29.819 -090.440
70031 +29.943 -090.296
70032 +29.950 -089.996
70036 +29.685 -090.132
70037 +29.716 -090.035
70038 +29.331 -089.401
70039 +29.877 -090.377
70040 +29.740 -089.923
70041 +29.334 -089.468
70043 +29.956 -089.964
70047 +29.972 -090.354
70049 +30.030 -090.562
70050 +29.383 -089.596
70051 +30.074 -090.643
70052 +30.070 -090.687
70053 +29.917 -090.052
70056 +29.887 -090.027
70057 +29.962 -090.464
70058 +29.869 -090.065
70062 +29.992 -090.258
70065 +30.027 -090.253
70067 +29.711 -090.097
70068 +30.156 -090.437
70070 +29.830 -090.311
70071 +30.052 -090.703
70072 +29.809 -090.138
70075 +29.927 -089.919
70076 +30.054 -090.650
70079 +30.002 -090.412
70080 +29.871 -090.422
70082 +29.572 -089.753
70083 +29.512 -089.844
70084 +30.073 -090.573
70085 +29.818 -089.759
70086 +30.036 -090.865
70087 +29.994 -090.321
70090 +29.969 -090.701
70091 +29.167 -089.216
70092 +29.899 -089.896
70094 +29.916 -090.208
70112 +29.956 -090.077
70113 +29.942 -090.084
70114 +29.937 -090.032
70115 +29.924 -090.102
70116 +29.967 -090.065
70117 +29.968 -090.030
70118 +29.945 -090.126
70119 +29.976 -090.088
70121 +29.962 -090.159
70122 +30.009 -090.065
70123 +29.950 -090.206
70124 +30.007 -090.104
70125 +29.952 -090.103
70126 +30.019 -090.018
70127 +30.028 -089.974
70128 +30.045 -089.951
70129 +30.081 -089.813
70130 +29.936 -090.070
70131 +29.906 -089.958
70139 +29.950 -090.071
70148 +30.027 -090.068
70163 +29.950 -090.075
70301 +29.808 -090.750
70310 +29.791 -090.803
70339 +29.905 -091.185
70340 +29.670 -091.104
70341 +30.026 -091.083
70342 +29.693 -091.238
70343 +29.548 -090.557
70344 +29.401 -090.633
70345 +29.502 -090.238
70346 +30.106 -091.018
70352 +29.684 -090.940
70353 +29.358 -090.700
70354 +29.430 -090.343
70355 +29.687 -090.435
70356 +29.632 -090.971
70357 +29.258 -090.192
70358 +29.215 -090.028
70359 +29.690 -090.778
70360 +29.579 -090.805
70363 +29.507 -090.701
70364 +29.636 -090.680
70372 +29.782 -090.989
70373 +29.598 -090.311
70374 +29.605 -090.502
70375 +29.696 -090.532
70377 +29.459 -090.532
70380 +29.752 -091.104
70390 +29.890 -091.032
70391 +29.995 -091.060
70392 +29.699 -091.318
70393 +29.996 -090.999
70394 +29.693 -090.616
70395 +29.697 -090.862
70397 +29.388 -090.831
70401 +30.534 -090.455
70402 +30.517 -090.469
70403 +30.486 -090.488
70420 +30.499 -089.944
70422 +30.736 -090.492
70426 +30.926 -089.859
70427 +30.744 -089.912
70431 +30.617 -089.967
70433 +30.463 -090.141
70435 +30.557 -090.107
70436 +30.835 -090.533
70437 +30.619 -090.209
70438 +30.844 -090.101
70441 +30.860 -090.749
70442 +30.703 -090.333
70443 +30.631 -090.543
70444 +30.897 -090.489
70445 +30.372 -089.892
70446 +30.635 -090.358
70447 +30.422 -090.207
70448 +30.362 -090.039
70449 +30.274 -090.670
70450 +30.943 -090.262
70451 +30.550 -090.481
70452 +30.417 -089.755
70453 +30.686 -090.782
70454 +30.363 -090.359
70455 +30.530 -090.324
70456 +30.787 -090.505
70457 +30.527 -090.113
70458 +30.262 -089.794
70460 +30.300 -089.836
70461 +30.234 -089.710
70462 +30.376 -090.581
70463 +30.658 -089.904
70464 +30.541 -089.891
70465 +30.876 -090.514
70466 +30.569 -090.501
70471 +30.404 -090.061
70501 +30.239 -091.991
70503 +30.171 -092.055
70506 +30.196 -092.081
70507 +30.278 -092.028
70508 +30.155 -092.028
70510 +29.895 -092.193
70512 +30.416 -091.920
70513 +29.900 -091.903
70514 +29.845 -091.558
70515 +30.452 -092.578
70516 +30.371 -092.304
70517 +30.291 -091.786
70518 +30.135 -091.927
70519 +30.082 -091.907
70520 +30.330 -092.033
70522 +29.748 -091.436
70523 +29.872 -091.530
70524 +30.557 -092.319
70525 +30.408 -092.217
70526 +30.211 -092.379
70528 +29.884 -091.960
70529 +30.202 -092.162
70531 +30.231 -092.501
70532 +30.471 -092.697
70533 +29.901 -092.031
70534 +30.166 -092.455
70535 +30.471 -092.420
70537 +30.252 -092.570
70538 +29.807 -091.488
70541 +30.421 -092.043
70542 +30.010 -092.585
70543 +30.335 -092.501
70544 +29.905 -091.656
70546 +30.266 -092.674
70548 +29.791 -092.421
70549 +30.047 -092.833
70550 +30.516 -092.190
70551 +30.462 -091.983
70552 +30.042 -091.660
70554 +30.629 -092.491
70555 +30.087 -092.143
70556 +30.191 -092.584
70558 +30.101 -092.076
70559 +30.139 -092.508
70560 +29.937 -091.865
70563 +30.029 -091.732
70570 +30.532 -092.107
70575 +29.949 -092.158
70576 +30.781 -092.418
70577 +30.550 -091.919
70578 +30.230 -092.264
70580 +30.675 -092.428
70581 +30.258 -092.737
70582 +30.164 -091.775
70583 +30.261 -092.124
70584 +30.388 -092.113
70585 +30.878 -092.408
70586 +30.727 -092.356
70589 +30.685 -092.044
70591 +30.258 -092.833
70592 +30.077 -092.018
70601 +30.227 -093.215
70605 +30.129 -093.274
70607 +30.038 -093.190
70609 +30.179 -093.215
70611 +30.348 -093.204
70615 +30.254 -093.118
70629 +30.231 -093.219
70630 +30.031 -093.059
70631 +29.853 -093.568
70632 +29.883 -092.877
70633 +30.426 -093.391
70634 +30.800 -093.243
70637 +30.708 -092.974
70638 +30.843 -092.772
70639 +30.983 -093.498
70640 +30.366 -092.917
70643 +29.737 -092.779
70644 +30.792 -092.946
70645 +29.928 -093.474
70646 +30.105 -092.933
70647 +30.247 -093.015
70648 +30.505 -092.889
70650 +30.234 -092.921
70651 +30.572 -092.961
70652 +30.614 -093.247
70653 +30.668 -093.559
70654 +30.692 -092.874
70655 +30.625 -092.717
70656 +30.914 -092.927
70657 +30.500 -093.140
70658 +30.522 -093.036
70659 +30.922 -093.284
70660 +30.573 -093.461
70661 +30.354 -093.654
70662 +30.798 -093.006
70663 +30.278 -093.406
70665 +30.122 -093.451
70668 +30.175 -093.606
70669 +30.242 -093.272
70706 +30.607 -090.907
70710 +30.358 -091.269
70711 +30.525 -090.592
70712 +30.970 -091.597
70714 +30.587 -091.128
70715 +30.815 -091.657
70719 +30.363 -091.300
70721 +30.223 -091.080
70722 +30.855 -090.946
70723 +30.060 -090.840
70725 +30.133 -090.976
70726 +30.433 -090.902
70729 +30.588 -091.345
70730 +30.810 -091.095
70732 +30.636 -091.585
70733 +30.290 -090.800
70734 +30.207 -090.997
70736 +30.634 -091.338
70737 +30.226 -090.925
70739 +30.601 -090.965
70740 +30.318 -091.436
70743 +30.026 -090.770
70744 +30.559 -090.667
70747 +30.874 -091.672
70748 +30.815 -091.206
70749 +30.630 -091.451
70750 +30.464 -091.788
70752 +30.596 -091.417
70753 +30.639 -091.684
70754 +30.407 -090.750
70755 +30.595 -091.530
70756 +30.532 -091.643
70757 +30.369 -091.531
70759 +30.712 -091.586
70760 +30.700 -091.483
70761 +30.975 -091.038
70762 +30.578 -091.465
70763 +30.049 -090.737
70764 +30.235 -091.308
70767 +30.481 -091.331
70769 +30.307 -090.941
70770 +30.651 -090.993
70772 +30.437 -091.465
70773 +30.597 -091.373
70774 +30.215 -090.762
70775 +30.858 -091.369
70776 +30.260 -091.091
70777 +30.740 -091.077
70778 +30.162 -090.819
70780 +30.299 -091.185
70782 +30.952 -091.512
70783 +30.669 -091.417
70785 +30.557 -090.819
70786 +30.582 -090.954
70787 +30.962 -091.441
70788 +30.132 -091.184
70789 +30.941 -091.083
70791 +30.650 -091.158
70801 +30.450 -091.186
70802 +30.445 -091.175
70803 +30.410 -091.174
70805 +30.489 -091.158
70806 +30.449 -091.125
70807 +30.556 -091.208
70808 +30.404 -091.139
70809 +30.394 -091.071
70810 +30.345 -091.094
70811 +30.538 -091.135
70812 +30.500 -091.110
70813 +30.528 -091.198
70814 +30.485 -091.062
70815 +30.455 -091.066
70816 +30.427 -091.028
70817 +30.375 -090.980
70818 +30.542 -091.050
70819 +30.472 -091.008
70820 +30.365 -091.203
70825 +30.452 -091.188
70836 +30.388 -091.084
71001 +32.592 -092.911
71002 +32.120 -093.113
71003 +32.630 -093.031
71004 +32.741 -093.860
71006 +32.729 -093.656
71007 +32.363 -094.007
71008 +32.347 -092.969
71009 +32.578 -093.892
71016 +32.224 -093.116
71018 +32.821 -093.433
71019 +32.038 -093.307
71021 +32.968 -093.447
71023 +32.465 -093.405
71024 +32.489 -093.220
71027 +32.247 -093.687
71028 +32.486 -093.076
71029 +32.836 -093.834
71030 +32.184 -093.794
71031 +32.008 -092.897
71032 +32.095 -093.795
71033 +32.440 -094.004
71034 +32.184 -093.304
71037 +32.475 -093.488
71038 +32.943 -093.073
71039 +32.430 -093.290
71040 +32.784 -092.998
71043 +32.886 -093.888
71044 +32.954 -093.882
71045 +32.336 -093.163
71046 +32.172 -093.935
71047 +32.302 -093.905
71048 +32.836 -092.851
71049 +32.014 -093.971
71051 +32.319 -093.478
71052 +32.015 -093.656
71055 +32.677 -093.293
71060 +32.641 -093.989
71061 +32.754 -093.976
71063 +31.912 -093.515
71064 +32.911 -093.688
71065 +31.803 -093.503
71066 +31.875 -093.198
71067 +32.611 -093.464
71068 +32.277 -093.303
71069 +32.971 -093.988
71070 +32.085 -092.988
71071 +32.918 -093.450
71072 +32.938 -093.312
71073 +32.514 -093.311
71075 +32.991 -093.480
71078 +32.278 -093.798
71079 +32.957 -092.808
71082 +32.842 -093.978
71101 +32.505 -093.749
71103 +32.492 -093.772
71104 +32.484 -093.732
71105 +32.455 -093.710
71106 +32.385 -093.736
71107 +32.589 -093.862
71108 +32.443 -093.788
71109 +32.468 -093.814
71110 +32.500 -093.631
71111 +32.574 -093.696
71112 +32.449 -093.645
71115 +32.264 -093.563
71118 +32.394 -093.804
71119 +32.491 -093.925
71129 +32.393 -093.927
71201 +32.540 -092.107
71202 +32.400 -092.057
71203 +32.582 -092.019
71209 +32.531 -092.071
71212 +32.526 -092.074
71218 +32.351 -091.787
71219 +32.326 -091.693
71220 +32.865 -091.909
71222 +32.829 -092.660
71223 +32.891 -091.679
71225 +32.507 -092.350
71226 +32.251 -092.438
71227 +32.530 -092.474
71229 +32.632 -091.897
71230 +32.240 -091.593
71232 +32.414 -091.497
71233 +32.325 -090.932
71234 +32.645 -092.331
71235 +32.690 -092.674
71237 +32.588 -091.481
71238 +32.363 -092.375
71241 +32.779 -092.352
71242 +32.792 -091.413
71243 +31.952 -091.816
71245 +32.527 -092.716
71247 +32.271 -092.720
71250 +32.958 -091.573
71251 +32.221 -092.677
71253 +32.996 -091.316
71254 +32.808 -091.235
71256 +32.948 -092.709
71259 +32.259 -091.849
71260 +32.908 -092.235
71261 +32.778 -091.694
71263 +32.872 -091.426
71264 +32.601 -091.773
71266 +32.711 -091.477
71268 +32.346 -092.737
71269 +32.441 -091.794
71270 +32.490 -092.644
71272 +32.529 -092.652
71275 +32.512 -092.817
71276 +32.582 -091.160
71277 +32.943 -092.551
71279 +32.487 -091.857
71280 +32.718 -092.101
71282 +32.347 -091.232
71286 +32.647 -091.233
71291 +32.565 -092.173
71292 +32.397 -092.215
71295 +32.145 -091.709
71301 +31.274 -092.467
71302 +31.197 -092.370
71303 +31.281 -092.547
71316 +31.289 -091.755
71320 +31.114 -091.779
71322 +30.871 -092.176
71323 +31.267 -092.210
71325 +31.017 -092.336
71326 +31.772 -091.586
71327 +30.977 -092.035
71328 +31.358 -092.189
71330 +31.110 -092.241
71331 +31.252 -092.066
71333 +30.910 -092.072
71334 +31.669 -091.582
71336 +32.027 -091.592
71339 +31.006 -091.936
71340 +31.760 -091.808
71341 +31.056 -092.164
71342 +31.594 -092.138
71343 +31.521 -091.899
71345 +30.728 -091.975
71346 +31.118 -092.375
71350 +31.067 -092.060
71351 +31.184 -091.961
71353 +30.613 -091.767
71354 +31.404 -091.750
71355 +31.058 -091.841
71356 +30.835 -092.028
71357 +32.119 -091.299
71358 +30.717 -091.848
71359 +31.325 -092.426
71360 +31.324 -092.354
71362 +30.899 -091.961
71366 +31.950 -091.352
71367 +30.876 -092.288
71368 +31.880 -091.682
71369 +30.937 -091.854
71371 +31.674 -092.250
71373 +31.376 -091.585
71375 +31.842 -091.468
71378 +31.942 -091.709
71401 +31.795 -091.945
71403 +31.210 -093.445
71404 +31.752 -092.746
71405 +31.410 -092.402
71406 +31.734 -093.505
71407 +31.517 -092.486
71409 +31.311 -092.689
71410 +31.964 -092.771
71411 +31.905 -093.091
71414 +31.826 -093.025
71415 +32.025 -092.142
71416 +31.540 -092.897
71417 +31.508 -092.650
71418 +32.137 -092.048
71419 +31.798 -093.729
71422 +32.077 -092.658
71423 +31.603 -092.553
71424 +31.180 -092.697
71425 +31.885 -091.871
71426 +31.492 -093.462
71427 +31.385 -092.891
71428 +31.609 -093.089
71429 +31.400 -093.426
71430 +31.068 -092.528
71432 +31.750 -092.468
71433 +31.001 -092.639
71434 +31.442 -092.943
71435 +32.026 -092.152
71438 +31.102 -092.880
71439 +31.340 -093.368
71441 +31.952 -092.153
71446 +31.157 -093.174
71447 +31.412 -092.811
71449 +31.522 -093.540
71450 +31.779 -093.399
71452 +31.583 -092.945
71454 +31.691 -092.858
71455 +31.403 -092.990
71456 +31.619 -092.961
71457 +31.739 -093.091
71459 +31.077 -093.220
71461 +31.121 -093.298
71462 +31.669 -093.736
71463 +30.809 -092.647
71465 +31.872 -092.204
71466 +31.216 -092.749
71467 +31.563 -092.387
71468 +31.476 -093.138
71469 +31.694 -093.271
71472 +31.169 -092.787
71473 +32.069 -092.430
71474 +31.277 -093.014
71475 +31.201 -093.125
71479 +31.858 -092.353
71480 +31.870 -092.279
71483 +31.892 -092.658
71485 +31.174 -092.520
71486 +31.628 -093.659
71497 +31.749 -093.098
71601 +34.179 -091.892
71602 +34.275 -092.132
71603 +34.121 -092.088
71630 +33.612 -091.234
71631 +33.582 -092.264
71635 +33.132 -092.004
71638 +33.521 -091.485
71639 +33.887 -091.537
71640 +33.121 -091.247
71642 +33.389 -091.876
71643 +34.017 -091.576
71644 +34.100 -091.715
71646 +33.207 -091.776
71647 +33.364 -092.114
71651 +33.327 -092.296
71652 +33.893 -092.323
71653 +33.372 -091.284
71654 +33.621 -091.371
71655 +33.628 -091.731
71658 +33.325 -091.573
71659 +34.135 -091.781
71660 +33.761 -092.198
71661 +33.146 -091.512
71662 +33.812 -091.512
71663 +33.226 -091.429
71665 +33.933 -092.135
71666 +33.745 -091.261
71667 +33.936 -091.844
71670 +33.745 -091.401
71671 +33.602 -092.096
71674 +33.826 -091.181
71675 +33.606 -091.942
71676 +33.052 -091.555
71677 +33.762 -091.491
71678 +34.025 -091.827
71701 +33.579 -092.817
71720 +33.775 -092.638
71721 +33.891 -093.206
71722 +33.722 -093.175
71724 +33.335 -092.535
71725 +34.040 -092.535
71726 +33.682 -092.991
71728 +34.009 -093.105
71730 +33.201 -092.634
71740 +33.077 -093.167
71742 +33.828 -092.453
71743 +33.889 -093.098
71744 +33.497 -092.480
71745 +33.500 -092.395
71747 +33.053 -092.226
71748 +33.903 -092.433
71749 +33.072 -092.819
71751 +33.407 -092.771
71752 +33.391 -093.192
71753 +33.226 -093.185
71758 +33.309 -092.915
71759 +33.315 -092.660
71762 +33.343 -092.768
71763 +33.905 -092.804
71764 +33.432 -093.049
71765 +33.142 -092.332
71766 +33.734 -092.496
71770 +33.391 -093.310
71772 +33.834 -093.126
71801 +33.623 -093.612
71820 +33.786 -094.242
71822 +33.670 -094.148
71823 +33.829 -094.123
71825 +33.878 -093.556
71826 +33.093 -093.723
71827 +33.390 -093.410
71831 +33.772 -093.851
71832 +34.041 -094.357
71833 +34.135 -094.023
71834 +33.115 -093.958
71835 +33.675 -093.451
71836 +33.713 -094.394
71837 +33.255 -093.845
71838 +33.654 -093.793
71839 +33.292 -093.743
71841 +34.162 -094.340
71842 +33.893 -094.293
71845 +33.316 -093.644
71846 +33.924 -094.124
71847 +33.922 -093.630
71851 +33.857 -093.943
71852 +33.986 -093.853
71853 +33.594 -093.938
71854 +33.445 -093.895
71855 +33.863 -093.740
71857 +33.801 -093.338
71858 +33.585 -093.264
71859 +33.722 -093.923
71860 +33.309 -093.492
71861 +33.101 -093.500
71862 +33.780 -093.728
71864 +33.508 -093.290
71865 +33.742 -094.146
71866 +33.868 -094.380
71901 +34.526 -092.974
71909 +34.642 -092.990
71913 +34.446 -093.097
71921 +34.251 -093.405
71922 +34.023 -093.413
71923 +34.089 -093.056
71929 +34.304 -093.160
71933 +34.414 -093.356
71935 +34.395 -093.751
71937 +34.399 -094.382
71940 +34.013 -093.503
71941 +34.249 -092.955
71942 +34.221 -092.994
71943 +34.332 -093.586
71944 +34.240 -094.322
71945 +34.500 -094.385
71949 +34.687 -093.213
71950 +34.256 -093.718
71952 +34.277 -093.821
71953 +34.616 -094.211
71956 +34.610 -093.133
71957 +34.564 -093.596
71958 +34.112 -093.656
71959 +34.250 -093.929
71960 +34.473 -093.693
71961 +34.600 -093.838
71962 +34.049 -093.362
71964 +34.424 -093.241
71965 +34.655 -093.737
71968 +34.524 -093.290
71969 +34.669 -093.629
71970 +34.669 -093.489
71971 +34.304 -094.034
71972 +34.389 -094.242
71973 +34.285 -094.303
71998 +34.126 -093.053
71999 +34.127 -093.059
72001 +35.058 -092.886
72002 +34.666 -092.540
72003 +34.380 -091.405
72004 +34.394 -091.862
72005 +35.537 -091.070
72006 +35.244 -091.360
72007 +34.999 -091.979
72010 +35.313 -091.524
72011 +34.501 -092.466
72012 +35.099 -091.930
72013 +35.455 -092.368
72014 +35.430 -091.112
72015 +34.486 -092.585
72016 +34.983 -092.632
72017 +34.887 -091.388
72019 +34.634 -092.699
72020 +35.472 -091.469
72021 +34.856 -091.216
72022 +34.606 -092.494
72023 +34.964 -092.064
72024 +34.752 -091.744
72025 +35.052 -092.999
72026 +34.517 -091.318
72027 +35.370 -092.579
72028 +35.543 -092.431
72029 +34.710 -091.278
72030 +35.427 -092.676
72031 +35.604 -092.521
72032 +35.066 -092.363
72034 +35.054 -092.479
72035 +35.079 -092.458
72036 +35.011 -091.273
72038 +34.453 -091.238
72039 +35.356 -092.397
72040 +34.970 -091.533
72041 +34.734 -091.471
72042 +34.275 -091.323
72044 +35.693 -092.170
72045 +35.093 -092.077
72046 +34.559 -091.941
72047 +35.228 -092.211
72048 +34.225 -091.112
72051 +35.795 -092.315
72052 +35.142 -091.779
72053 +34.701 -092.228
72055 +34.099 -091.354
72057 +34.131 -092.326
72058 +35.246 -092.374
72059 +35.155 -091.342
72060 +35.077 -091.570
72061 +35.324 -092.290
72063 +35.318 -092.790
72064 +34.797 -091.618
72065 +34.535 -092.286
72066 +34.978 -091.717
72067 +35.562 -092.166
72068 +35.144 -091.721
72069 +34.532 -091.138
72070 +35.015 -092.701
72072 +34.517 -091.765
72073 +34.368 -091.654
72074 +35.066 -091.106
72075 +35.641 -091.311
72076 +34.912 -092.138
72079 +34.389 -092.194
72080 +35.427 -092.844
72081 +35.382 -091.670
72082 +35.239 -091.669
72083 +34.606 -092.012
72084 +34.137 -092.689
72085 +35.367 -091.828
72086 +34.807 -091.908
72087 +34.597 -092.826
72088 +35.602 -092.261
72099 +34.901 -092.154
72101 +35.228 -091.151
72102 +35.142 -091.829
72103 +34.591 -092.381
72104 +34.346 -092.815
72106 +34.974 -092.526
72107 +35.142 -092.536
72108 +34.728 -091.104
72110 +35.155 -092.772
72111 +35.239 -092.131
72112 +35.581 -091.230
72113 +34.860 -092.398
72114 +34.765 -092.260
72116 +34.800 -092.245
72117 +34.781 -092.140
72118 +34.840 -092.326
72119 +34.837 -092.295
72120 +34.902 -092.241
72121 +35.456 -091.785
72122 +34.770 -092.780
72123 +35.258 -091.237
72125 +35.066 -092.791
72126 +34.943 -092.909
72127 +35.173 -092.606
72128 +34.313 -092.635
72129 +34.312 -092.554
72130 +35.661 -092.056
72131 +35.404 -092.191
72132 +34.439 -092.188
72133 +34.096 -091.483
72134 +34.618 -091.351
72135 +34.880 -092.589
72136 +35.240 -092.030
72137 +35.336 -092.042
72139 +35.362 -091.510
72140 +34.381 -091.186
72141 +35.522 -092.695
72142 +34.674 -092.074
72143 +35.227 -091.737
72150 +34.310 -092.397
72152 +34.356 -091.979
72153 +35.656 -092.322
72156 +35.287 -092.683
72157 +35.274 -092.566
72160 +34.443 -091.530
72165 +35.577 -091.466
72166 +34.069 -091.222
72167 +34.425 -092.651
72168 +34.435 -091.966
72169 +35.395 -091.227
72170 +34.574 -091.422
72173 +35.100 -092.211
72175 +34.337 -091.757
72176 +34.993 -091.852
72178 +35.204 -091.613
72179 +35.498 -091.866
72180 +34.531 -092.214
72181 +35.162 -092.445
72182 +34.431 -092.092
72183 +34.602 -092.192
72199 +34.828 -092.290
72201 +34.747 -092.281
72202 +34.738 -092.247
72204 +34.718 -092.358
72205 +34.749 -092.351
72206 +34.633 -092.253
72207 +34.776 -092.343
72209 +34.683 -092.342
72210 +34.714 -092.508
72211 +34.746 -092.417
72212 +34.786 -092.415
72223 +34.791 -092.495
72227 +34.777 -092.373
72301 +35.134 -090.179
72311 +34.721 -090.897
72313 +35.531 -090.139
72315 +35.899 -089.899
72320 +34.811 -090.542
72322 +35.069 -090.808
72324 +35.390 -090.787
72325 +35.331 -090.254
72326 +35.116 -090.908
72327 +35.243 -090.334
72328 +34.013 -091.109
72329 +35.624 -089.972
72330 +35.591 -090.202
72331 +35.281 -090.466
72332 +35.101 -090.302
72333 +34.287 -090.881
72335 +34.994 -090.746
72338 +35.432 -090.142
72339 +35.416 -090.265
72340 +34.959 -091.039
72341 +34.878 -090.769
72342 +34.448 -090.675
72346 +35.082 -090.484
72347 +35.382 -090.993
72348 +34.942 -090.418
72350 +35.500 -090.129
72351 +35.676 -090.098
72352 +34.656 -090.734
72353 +34.323 -090.996
72354 +35.642 -090.313
72355 +34.465 -090.852
72358 +35.792 -089.892
72359 +35.019 -090.718
72360 +34.750 -090.781
72364 +35.214 -090.188
72365 +35.563 -090.420
72366 +34.526 -090.952
72367 +34.185 -091.015
72368 +34.810 -091.023
72369 +34.455 -090.790
72370 +35.673 -090.058
72372 +34.968 -090.951
72373 +35.286 -090.607
72374 +34.563 -090.838
72376 +35.088 -090.308
72377 +35.675 -090.340
72379 +34.069 -091.049
72383 +34.491 -091.040
72384 +35.376 -090.219
72386 +35.462 -090.369
72387 +35.316 -090.773
72389 +34.372 -090.884
72390 +34.551 -090.679
72391 +35.677 -090.270
72392 +34.966 -091.101
72394 +35.059 -090.609
72395 +35.592 -090.025
72396 +35.230 -090.832
72401 +35.831 -090.578
72404 +35.775 -090.785
72405 +35.903 -090.650
72410 +35.947 -091.098
72411 +35.745 -090.584
72412 +36.126 -090.692
72413 +36.304 -090.815
72414 +35.835 -090.370
72415 +36.127 -091.175
72416 +35.961 -090.783
72417 +35.916 -090.532
72419 +35.737 -090.353
72421 +35.779 -090.979
72422 +36.425 -090.519
72424 +36.392 -090.729
72425 +36.229 -090.745
72426 +35.856 -090.042
72427 +35.869 -090.949
72428 +35.741 -090.217
72429 +35.493 -090.942
72430 +36.336 -090.174
72431 +35.633 -091.079
72432 +35.553 -090.726
72433 +36.025 -091.038
72434 +36.218 -091.156
72435 +36.313 -090.553
72436 +36.240 -090.480
72437 +35.830 -090.456
72438 +35.942 -090.227
72440 +35.992 -091.265
72441 +36.436 -090.389
72442 +35.826 -090.187
72443 +36.180 -090.403
72444 +36.429 -090.853
72445 +35.978 -091.027
72447 +35.909 -090.328
72449 +36.167 -090.817
72450 +36.080 -090.516
72453 +36.306 -090.667
72454 +36.407 -090.203
72455 +36.321 -091.049
72456 +36.449 -090.325
72457 +36.085 -091.068
72458 +36.068 -091.156
72459 +36.271 -091.297
72460 +36.347 -091.154
72461 +36.266 -090.274
72462 +36.389 -090.759
72464 +36.453 -090.146
72466 +36.042 -091.330
72467 +35.842 -090.678
72469 +35.952 -091.289
72470 +36.475 -090.692
72471 +35.825 -091.121
72472 +35.594 -090.548
72473 +35.738 -091.171
72476 +36.046 -090.917
72478 +36.465 -091.054
72479 +35.632 -090.899
72482 +36.269 -091.359
72501 +35.791 -091.653
72512 +36.222 -091.751
72513 +36.231 -091.648
72515 +36.276 -092.056
72517 +36.146 -091.954
72519 +36.134 -092.180
72520 +36.398 -091.725
72521 +35.950 -091.541
72522 +35.805 -091.467
72523 +35.628 -091.845
72524 +35.840 -091.311
72526 +35.878 -091.766
72527 +35.740 -091.683
72528 +36.238 -092.115
72529 +36.289 -091.568
72530 +35.616 -091.967
72531 +36.314 -092.148
72532 +36.086 -091.589
72533 +35.978 -092.245
72534 +35.590 -091.737
72536 +36.144 -091.768
72537 +36.449 -092.234
72538 +36.446 -092.100
72539 +36.330 -091.723
72540 +35.919 -091.910
72542 +36.300 -091.466
72543 +35.460 -091.998
72544 +36.404 -092.190
72546 +35.577 -091.945
72550 +35.710 -091.784
72553 +35.701 -091.482
72554 +36.444 -091.555
72555 +35.769 -091.872
72556 +36.014 -091.970
72560 +35.841 -092.079
72561 +35.932 -091.813
72562 +35.731 -091.394
72564 +35.607 -091.447
72565 +36.219 -091.908
72566 +36.208 -092.065
72567 +35.817 -091.920
72568 +35.567 -091.621
72569 +36.081 -091.458
72571 +35.642 -091.551
72572 +35.898 -091.292
72573 +36.076 -091.797
72576 +36.349 -091.856
72577 +36.033 -091.712
72578 +36.474 -091.859
72579 +35.843 -091.445
72581 +35.547 -091.967
72583 +36.415 -091.994
72584 +36.148 -091.847
72585 +36.179 -092.015
72587 +36.220 -091.817
72601 +36.238 -093.086
72611 +36.247 -093.317
72615 +36.315 -093.012
72616 +36.348 -093.551
72617 +36.020 -092.387
72619 +36.374 -092.592
72623 +36.459 -092.293
72624 +36.082 -093.364
72626 +36.322 -092.552
72628 +35.840 -093.282
72629 +35.739 -092.567
72630 +36.461 -092.921
72631 +36.469 -093.728
72632 +36.373 -093.744
72633 +36.141 -092.871
72634 +36.233 -092.552
72635 +36.317 -092.484
72636 +35.991 -092.716
72638 +36.328 -093.402
72639 +36.022 -092.497
72640 +36.003 -093.059
72641 +35.997 -093.212
72642 +36.371 -092.544
72644 +36.415 -092.968
72645 +35.804 -092.575
72648 +36.088 -093.162
72650 +35.863 -092.691
72651 +36.388 -092.475
72653 +36.342 -092.385
72655 +35.910 -093.036
72658 +36.150 -092.321
72660 +36.479 -093.378
72661 +36.430 -092.597
72662 +36.426 -093.185
72663 +35.939 -092.333
72666 +35.949 -093.287
72668 +36.418 -092.772
72669 +36.065 -092.874
72670 +35.981 -093.371
72672 +36.288 -092.844
72675 +36.000 -092.800
72677 +36.264 -092.701
72679 +35.735 -092.801
72680 +35.881 -092.331
72682 +36.136 -092.732
72683 +35.932 -093.115
72685 +36.064 -092.986
72686 +35.599 -092.962
72687 +36.285 -092.654
72701 +35.992 -094.086
72703 +36.118 -094.044
72704 +36.106 -094.296
72712 +36.398 -094.222
72713 +36.298 -094.283
72714 +36.467 -094.222
72715 +36.467 -094.305
72717 +35.835 -094.408
72718 +36.265 -094.221
72719 +36.367 -094.295
72721 +35.781 -093.779
72722 +36.344 -094.470
72727 +35.913 -093.934
72729 +35.788 -094.473
72730 +36.030 -094.269
72732 +36.432 -093.959
72734 +36.270 -094.451
72736 +36.414 -094.465
72738 +36.162 -093.887
72739 +36.427 -094.329
72740 +36.105 -093.655
72742 +35.996 -093.515
72744 +35.963 -094.436
72745 +36.247 -094.103
72747 +36.370 -094.581
72749 +35.868 -094.438
72751 +36.463 -094.120
72752 +35.835 -093.557
72753 +35.934 -094.331
72756 +36.321 -093.990
72758 +36.299 -094.141
72760 +35.841 -093.702
72761 +36.165 -094.456
72762 +36.181 -094.225
72764 +36.176 -094.060
72768 +36.472 -094.490
72769 +36.036 -094.500
72773 +36.022 -093.836
72774 +35.931 -094.145
72776 +35.913 -093.667
72801 +35.281 -093.142
72802 +35.319 -093.082
72821 +35.458 -093.714
72823 +35.253 -092.895
72824 +35.126 -093.415
72826 +35.130 -093.710
72827 +34.872 -093.626
72828 +34.931 -093.535
72829 +35.104 -093.175
72830 +35.518 -093.510
72832 +35.428 -093.669
72833 +35.015 -093.501
72834 +35.171 -093.202
72835 +35.273 -093.348
72837 +35.525 -093.104
72838 +34.888 -093.680
72839 +35.630 -093.244
72840 +35.458 -093.615
72841 +34.865 -093.777
72842 +35.090 -093.585
72843 +35.579 -092.902
72845 +35.362 -093.378
72846 +35.484 -093.327
72847 +35.371 -093.267
72851 +35.255 -093.438
72852 +35.669 -093.554
72853 +35.013 -093.229
72854 +35.697 -093.429
72855 +35.245 -093.668
72856 +35.769 -093.057
72857 +34.862 -093.324
72858 +35.210 -093.044
72860 +34.966 -093.446
72863 +35.369 -093.511
72865 +35.306 -093.551
72901 +35.365 -094.415
72903 +35.355 -094.361
72904 +35.415 -094.383
72905 +35.263 -094.242
72908 +35.309 -094.407
72916 +35.272 -094.372
72921 +35.463 -094.192
72923 +35.309 -094.289
72926 +34.710 -094.025
72927 +35.080 -093.940
72928 +35.291 -093.931
72930 +35.435 -094.127
72932 +35.605 -094.377
72933 +35.329 -094.013
72934 +35.687 -094.284
72935 +35.494 -094.133
72936 +35.190 -094.218
72937 +35.135 -094.391
72938 +35.004 -094.378
72940 +35.122 -094.259
72941 +35.348 -094.165
72943 +35.180 -093.787
72944 +35.042 -094.238
72945 +35.099 -094.363
72946 +35.652 -094.136
72947 +35.553 -094.037
72948 +35.703 -094.393
72949 +35.563 -093.807
72950 +34.793 -093.903
72951 +35.300 -093.889
72952 +35.569 -094.301
72955 +35.615 -094.438
72956 +35.469 -094.348
72958 +34.906 -094.151
72959 +35.779 -094.062
73001 +35.226 -098.417
73002 +34.964 -097.741
73003 +35.669 -097.497
73004 +35.170 -097.797
73005 +35.051 -098.240
73006 +34.906 -098.400
73007 +35.685 -097.327
73008 +35.511 -097.643
73009 +35.286 -098.373
73010 +35.101 -097.673
73011 +34.848 -097.747
73012 +35.674 -097.592
73013 +35.617 -097.501
73014 +35.588 -098.145
73015 +35.071 -098.596
73016 +35.795 -097.689
73017 +34.925 -098.095
73018 +35.048 -097.939
73019 +35.206 -097.443
73020 +35.462 -097.263
73021 +35.324 -098.670
73022 +35.617 -097.992
73024 +35.371 -098.809
73025 +35.730 -097.570
73026 +35.240 -097.276
73027 +35.968 -097.243
73028 +35.978 -097.632
73029 +34.906 -098.208
73030 +34.473 -097.189
73031 +35.034 -097.631
73032 +34.400 -097.051
73033 +35.307 -098.555
73034 +35.703 -097.434
73036 +35.506 -097.959
73038 +35.125 -098.451
73040 +35.646 -098.375
73041 +35.028 -098.876
73042 +35.223 -098.247
73043 +35.734 -098.404
73044 +35.868 -097.434
73045 +35.512 -097.141
73047 +35.457 -098.315
73048 +35.497 -098.546
73049 +35.582 -097.289
73050 +35.938 -097.256
73051 +35.032 -097.246
73052 +34.833 -097.596
73053 +35.356 -098.412
73054 +35.675 -097.204
73055 +34.645 -097.923
73056 +36.169 -097.613
73057 +34.831 -097.429
73058 +35.820 -097.226
73059 +35.329 -098.051
73061 +36.351 -097.022
73062 +35.022 -098.735
73063 +36.061 -097.426
73064 +35.375 -097.754
73065 +35.255 -097.610
73066 +35.502 -097.328
73067 +34.911 -097.907
73068 +35.139 -097.282
73069 +35.253 -097.464
73070 +35.228 -097.427
73071 +35.237 -097.408
73072 +35.212 -097.501
73073 +36.162 -097.395
73074 +34.833 -097.274
73075 +34.749 -097.232
73077 +36.303 -097.268
73078 +35.675 -097.754
73079 +35.211 -098.012
73080 +35.016 -097.450
73082 +34.776 -097.902
73084 +35.526 -097.346
73086 +34.485 -096.972
73089 +35.269 -097.799
73090 +35.398 -097.962
73092 +35.131 -098.074
73093 +35.108 -097.506
73095 +34.908 -097.285
73096 +35.513 -098.722
73097 +35.399 -097.645
73098 +34.627 -097.165
73099 +35.518 -097.766
73102 +35.471 -097.519
73103 +35.489 -097.519
73104 +35.475 -097.504
73105 +35.520 -097.503
73106 +35.482 -097.537
73107 +35.482 -097.574
73108 +35.450 -097.568
73109 +35.433 -097.525
73110 +35.448 -097.395
73111 +35.519 -097.477
73112 +35.518 -097.573
73114 +35.578 -097.518
73115 +35.442 -097.442
73116 +35.547 -097.565
73117 +35.475 -097.463
73118 +35.518 -097.531
73119 +35.421 -097.569
73120 +35.581 -097.574
73121 +35.520 -097.445
73122 +35.520 -097.613
73127 +35.478 -097.649
73128 +35.442 -097.663
73129 +35.432 -097.484
73130 +35.459 -097.346
73131 +35.576 -097.469
73132 +35.544 -097.639
73134 +35.615 -097.569
73135 +35.400 -097.433
73139 +35.386 -097.526
73141 +35.520 -097.394
73142 +35.610 -097.647
73145 +35.424 -097.414
73149 +35.389 -097.489
73150 +35.401 -097.330
73151 +35.572 -097.417
73159 +35.388 -097.579
73160 +35.336 -097.475
73162 +35.582 -097.641
73165 +35.359 -097.373
73169 +35.381 -097.648
73170 +35.325 -097.552
73173 +35.341 -097.627
73179 +35.425 -097.649
73401 +34.208 -097.107
73425 +34.462 -097.570
73430 +33.898 -097.361
73432 +34.252 -096.423
73433 +34.641 -097.420
73434 +34.618 -097.579
73435 +34.358 -097.495
73436 +34.286 -097.041
73437 +34.368 -097.412
73438 +34.282 -097.503
73439 +33.938 -096.744
73440 +33.962 -096.889
73441 +33.867 -097.440
73442 +34.323 -097.689
73443 +34.162 -097.298
73444 +34.474 -097.389
73446 +34.089 -096.778
73447 +34.247 -096.853
73448 +33.948 -097.106
73449 +33.991 -096.544
73450 +34.267 -096.539
73453 +34.031 -097.271
73455 +34.230 -096.760
73456 +34.110 -097.623
73458 +34.350 -097.314
73459 +33.773 -097.139
73460 +34.297 -096.668
73461 +34.356 -096.433
73463 +34.124 -097.435
73481 +34.427 -097.527
73487 +34.470 -097.442
73488 +34.493 -097.555
73491 +34.468 -097.660
73501 +34.558 -098.291
73503 +34.683 -098.492
73505 +34.573 -098.488
73507 +34.728 -098.475
73520 +34.269 -097.977
73521 +34.634 -099.315
73523 +34.655 -099.285
73526 +34.793 -099.266
73527 +34.578 -098.622
73528 +34.399 -098.653
73529 +34.338 -097.953
73530 +34.255 -099.051
73531 +34.195 -098.528
73532 +34.630 -099.589
73533 +34.505 -097.867
73537 +34.468 -099.679
73538 +34.776 -098.384
73539 +34.457 -099.281
73540 +34.467 -098.561
73541 +34.789 -098.181
73542 +34.398 -098.936
73543 +34.471 -098.392
73544 +34.660 -099.754
73546 +34.223 -098.723
73547 +34.974 -099.405
73548 +34.211 -098.132
73549 +34.645 -099.153
73550 +34.703 -099.901
73551 +34.308 -098.881
73552 +34.629 -098.760
73553 +34.330 -098.701
73554 +34.842 -099.608
73555 +34.502 -098.966
73556 +34.726 -099.387
73557 +34.731 -098.501
73559 +34.730 -098.940
73560 +34.547 -099.448
73562 +34.191 -098.397
73564 +34.848 -099.000
73565 +34.020 -097.894
73566 +34.616 -098.931
73567 +34.747 -098.171
73568 +34.263 -098.219
73569 +33.936 -097.782
73570 +34.515 -099.115
73571 +34.914 -099.928
73572 +34.372 -098.327
73573 +34.144 -097.962
73601 +35.487 -098.951
73620 +35.622 -099.025
73622 +35.400 -098.998
73624 +35.360 -099.172
73625 +35.692 -099.190
73626 +35.439 -099.285
73627 +35.197 -099.453
73628 +35.630 -099.700
73632 +35.269 -098.915
73638 +35.849 -099.796
73639 +35.739 -098.961
73641 +35.270 -099.197
73642 +35.823 -099.910
73644 +35.405 -099.427
73645 +35.172 -099.869
73646 +35.819 -098.623
73647 +35.436 -099.151
73650 +35.645 -099.422
73651 +35.025 -099.070
73654 +35.859 -099.374
73655 +34.980 -099.249
73658 +35.948 -098.719
73659 +35.877 -098.940
73660 +35.632 -099.914
73661 +35.175 -099.021
73662 +35.318 -099.661
73663 +36.103 -098.895
73664 +35.175 -099.236
73666 +35.415 -099.920
73667 +36.006 -099.040
73668 +35.225 -099.976
73669 +35.750 -098.743
73673 +35.052 -099.638
73701 +36.427 -097.792
73703 +36.441 -097.967
73705 +36.339 -097.902
73716 +36.485 -098.551
73717 +36.839 -098.784
73718 +36.210 -098.167
73719 +36.964 -098.264
73720 +36.195 -097.870
73722 +36.912 -098.350
73724 +36.030 -098.691
73726 +36.587 -098.508
73727 +36.482 -098.043
73728 +36.729 -098.404
73729 +36.393 -098.454
73730 +36.312 -097.541
73731 +36.645 -098.603
73733 +36.255 -097.688
73734 +35.983 -097.852
73735 +36.280 -098.063
73736 +36.345 -097.681
73737 +36.296 -098.577
73738 +36.439 -097.558
73739 +36.515 -098.135
73741 +36.554 -098.270
73742 +36.096 -097.922
73743 +36.563 -097.993
73744 +35.950 -098.291
73746 +36.688 -098.662
73747 +36.234 -098.340
73749 +36.703 -098.155
73750 +35.853 -097.944
73753 +36.555 -097.864
73754 +36.383 -098.097
73755 +36.144 -098.598
73756 +35.979 -098.112
73757 +36.280 -097.447
73758 +36.935 -098.086
73759 +36.862 -097.706
73760 +36.383 -098.167
73761 +36.685 -098.031
73762 +35.714 -097.975
73763 +36.103 -098.325
73764 +35.855 -098.202
73766 +36.645 -097.837
73768 +36.369 -098.275
73770 +36.054 -098.498
73771 +36.876 -097.958
73772 +35.865 -098.421
73773 +36.253 -097.920
73801 +36.485 -099.413
73832 +36.049 -099.689
73834 +36.852 -099.571
73835 +35.969 -099.219
73838 +36.239 -098.876
73840 +36.402 -099.643
73841 +36.548 -099.619
73842 +36.822 -099.216
73843 +36.399 -099.830
73844 +36.899 -100.160
73848 +36.634 -100.040
73851 +36.574 -099.782
73852 +36.479 -099.120
73853 +36.239 -099.160
73855 +36.875 -099.853
73857 +36.271 -099.333
73858 +36.168 -099.927
73859 +36.137 -099.286
73860 +36.543 -098.843
73901 +36.755 -101.075
73931 +36.587 -100.801
73932 +36.690 -100.514
73933 +36.741 -102.580
73937 +36.567 -102.760
73938 +36.932 -100.579
73939 +36.777 -101.790
73942 +36.744 -101.496
73944 +36.582 -101.103
73945 +36.827 -101.233
73946 +36.935 -102.804
73947 +36.842 -102.167
73949 +36.597 -101.988
73950 +36.855 -100.895
73951 +36.943 -101.054
73960 +36.492 -101.793
74001 +36.489 -096.062
74002 +36.561 -096.144
74003 +36.728 -096.068
74006 +36.713 -095.895
74008 +35.924 -095.878
74010 +35.808 -096.362
74011 +35.982 -095.809
74012 +36.051 -095.806
74014 +36.053 -095.664
74015 +36.182 -095.719
74016 +36.545 -095.451
74017 +36.391 -095.588
74019 +36.285 -095.603
74020 +36.246 -096.421
74021 +36.379 -095.846
74022 +36.925 -095.978
74023 +35.957 -096.752
74026 +35.717 -096.780
74027 +36.813 -095.607
74028 +35.794 -096.520
74029 +36.823 -095.890
74030 +35.985 -096.565
74032 +36.207 -096.899
74033 +35.947 -096.006
74034 +36.233 -096.563
74035 +36.404 -096.378
74036 +36.158 -095.507
74037 +35.999 -095.980
74038 +36.157 -096.559
74039 +35.902 -096.237
74041 +35.938 -096.059
74042 +36.881 -095.551
74044 +36.083 -096.381
74045 +36.221 -096.700
74046 +35.753 -096.573
74047 +35.851 -096.027
74048 +36.692 -095.651
74050 +36.072 -096.067
74051 +36.614 -095.956
74052 +36.067 -096.570
74053 +36.430 -095.732
74054 +36.280 -096.329
74055 +36.277 -095.819
74056 +36.795 -096.331
74058 +36.363 -096.759
74059 +35.972 -097.068
74060 +36.257 -096.251
74061 +36.533 -095.893
74062 +36.038 -096.901
74063 +36.151 -096.200
74066 +35.994 -096.170
74068 +35.907 -096.578
74070 +36.401 -096.088
74071 +35.779 -096.265
74072 +36.960 -095.616
74073 +36.299 -096.010
74074 +36.079 -097.064
74075 +36.169 -097.083
74077 +36.124 -097.069
74078 +36.125 -097.080
74079 +35.743 -096.656
74080 +36.542 -095.749
74081 +36.182 -096.460
74082 +36.449 -095.881
74083 +36.879 -095.753
74084 +36.528 -096.334
74085 +36.111 -096.723
74103 +36.156 -095.996
74104 +36.146 -095.954
74105 +36.097 -095.961
74106 +36.192 -095.985
74107 +36.115 -096.032
74108 +36.140 -095.790
74110 +36.188 -095.953
74112 +36.147 -095.902
74114 +36.127 -095.947
74115 +36.199 -095.909
74116 +36.189 -095.843
74117 +36.246 -095.902
74119 +36.142 -095.989
74120 +36.151 -095.977
74126 +36.237 -096.018
74127 +36.173 -096.046
74128 +36.147 -095.850
74129 +36.126 -095.872
74130 +36.241 -095.957
74131 +36.051 -096.073
74132 +36.049 -096.017
74133 +36.039 -095.877
74134 +36.110 -095.797
74135 +36.097 -095.923
74136 +36.062 -095.941
74137 +36.022 -095.931
74145 +36.097 -095.890
74146 +36.099 -095.856
74171 +36.051 -095.953
74301 +36.678 -095.243
74330 +36.445 -095.262
74331 +36.648 -094.952
74332 +36.548 -095.316
74333 +36.794 -095.082
74337 +36.141 -095.337
74338 +36.256 -094.713
74339 +36.934 -094.880
74340 +36.474 -095.018
74342 +36.427 -094.945
74343 +36.736 -094.821
74344 +36.595 -094.741
74346 +36.439 -094.754
74347 +36.199 -094.788
74349 +36.513 -095.028
74350 +36.466 -095.048
74352 +36.135 -095.194
74354 +36.889 -094.881
74358 +36.918 -094.881
74359 +36.168 -094.852
74360 +36.980 -094.836
74361 +36.308 -095.307
74363 +36.960 -094.711
74364 +36.196 -094.949
74365 +36.288 -095.059
74366 +36.378 -095.029
74367 +36.416 -095.113
74368 +36.207 -094.848
74369 +36.925 -095.202
74370 +36.750 -094.680
74401 +35.724 -095.458
74403 +35.682 -095.307
74421 +35.763 -096.042
74422 +35.643 -095.690
74423 +35.642 -095.220
74425 +35.171 -095.623
74426 +35.445 -095.529
74427 +35.677 -094.887
74428 +35.549 -095.648
74429 +35.949 -095.633
74430 +35.129 -095.646
74431 +35.458 -095.939
74432 +35.282 -095.651
74434 +35.783 -095.195
74435 +35.593 -095.095
74436 +35.806 -095.705
74437 +35.437 -095.927
74438 +35.513 -095.762
74441 +35.977 -095.145
74442 +35.124 -095.817
74445 +35.631 -095.829
74446 +35.851 -095.322
74447 +35.650 -096.012
74450 +35.600 -095.473
74451 +35.724 -095.011
74452 +36.121 -095.068
74454 +35.843 -095.509
74455 +35.362 -095.269
74456 +35.711 -095.993
74457 +36.006 -094.841
74458 +35.882 -095.588
74459 +35.519 -095.492
74460 +35.505 -095.964
74462 +35.280 -095.147
74463 +35.770 -095.551
74464 +35.944 -094.974
74467 +35.967 -095.393
74468 +35.617 -095.599
74469 +35.512 -095.321
74470 +35.477 -095.167
74471 +35.834 -094.872
74472 +35.250 -095.260
74477 +36.004 -095.267
74501 +34.984 -095.787
74521 +34.662 -095.099
74522 +34.883 -095.677
74523 +34.252 -095.602
74525 +34.333 -096.056
74528 +34.702 -095.728
74530 +34.430 -096.537
74531 +34.881 -096.228
74533 +34.208 -096.197
74534 +34.624 -096.361
74535 +34.485 -096.447
74536 +34.583 -095.423
74538 +34.569 -096.249
74540 +34.571 -095.708
74543 +34.359 -095.381
74546 +34.852 -095.580
74547 +34.810 -095.599
74549 +34.562 -094.894
74552 +35.113 -095.249
74553 +34.713 -095.925
74554 +34.926 -095.720
74555 +34.249 -095.965
74556 +34.458 -096.201
74557 +34.387 -095.698
74558 +34.505 -095.166
74560 +34.649 -095.760
74561 +35.130 -095.415
74562 +34.307 -095.313
74563 +34.970 -095.073
74565 +34.820 -095.823
74567 +34.450 -095.336
74569 +34.477 -095.925
74570 +34.863 -096.101
74571 +34.720 -095.049
74572 +34.626 -096.431
74574 +34.677 -095.262
74576 +34.668 -096.043
74577 +34.733 -094.862
74578 +34.906 -095.342
74601 +36.702 -097.149
74604 +36.702 -096.982
74630 +36.499 -097.435
74631 +36.799 -097.304
74632 +36.941 -097.341
74633 +36.710 -096.777
74636 +36.823 -097.522
74637 +36.603 -096.644
74640 +36.571 -097.649
74641 +36.807 -096.861
74643 +36.655 -097.575
74644 +36.560 -097.096
74646 +36.822 -097.442
74647 +36.918 -096.995
74650 +36.480 -096.720
74651 +36.471 -097.164
74652 +36.859 -096.644
74653 +36.649 -097.341
74701 +34.010 -096.377
74720 +33.831 -096.372
74721 +33.880 -096.162
74722 +34.380 -094.898
74723 +33.993 -096.017
74724 +34.342 -094.862
74726 +33.941 -096.174
74727 +34.019 -095.859
74728 +34.157 -094.820
74729 +34.147 -096.254
74730 +33.912 -096.431
74731 +33.870 -096.577
74733 +33.822 -096.482
74734 +34.091 -094.538
74735 +34.097 -095.262
74736 +33.914 -094.993
74737 +34.031 -094.903
74738 +33.896 -095.443
74740 +33.767 -094.597
74741 +33.795 -096.288
74743 +34.007 -095.511
74745 +33.859 -094.816
74747 +33.758 -096.315
74748 +34.131 -096.493
74750 +33.985 -095.012
74753 +33.908 -096.534
74754 +34.192 -095.120
74755 +34.119 -095.142
74756 +34.085 -095.374
74759 +34.056 -095.720
74760 +34.163 -095.356
74761 +34.005 -095.201
74764 +34.091 -095.057
74766 +34.086 -094.974
74801 +35.315 -096.970
74804 +35.391 -096.921
74820 +34.804 -096.715
74824 +35.889 -096.871
74825 +34.823 -096.392
74826 +35.021 -096.887
74827 +34.940 -096.343
74829 +35.505 -096.466
74830 +35.145 -096.665
74831 +34.894 -097.034
74832 +35.829 -097.007
74833 +35.583 -096.414
74834 +35.697 -096.879
74836 +34.442 -096.630
74837 +35.343 -096.456
74839 +35.241 -096.046
74840 +35.309 -096.770
74842 +34.619 -096.615
74843 +34.657 -096.729
74844 +34.876 -096.589
74845 +35.253 -095.880
74848 +35.080 -096.344
74849 +34.978 -096.736
74850 +35.110 -096.107
74851 +35.426 -097.082
74852 +35.124 -097.009
74854 +35.111 -096.766
74855 +35.514 -096.906
74856 +34.397 -096.816
74857 +35.340 -097.201
74859 +35.456 -096.322
74860 +35.532 -096.570
74864 +35.499 -096.707
74865 +34.613 -096.818
74866 +35.066 -096.847
74867 +34.965 -096.538
74868 +35.279 -096.645
74869 +35.590 -096.751
74871 +34.597 -096.552
74872 +34.772 -096.988
74873 +35.233 -096.977
74875 +35.873 -096.959
74878 +35.005 -097.070
74880 +35.380 -096.121
74881 +35.714 -097.080
74883 +35.220 -096.253
74884 +35.185 -096.515
74901 +35.299 -094.501
74902 +35.252 -094.468
74930 +35.185 -094.775
74931 +35.686 -094.787
74932 +35.146 -094.535
74935 +34.962 -094.911
74936 +35.395 -094.728
74937 +34.818 -094.587
74939 +34.730 -094.632
74940 +34.949 -094.632
74941 +35.268 -094.876
74942 +34.895 -094.978
74943 +35.100 -095.099
74944 +35.131 -095.006
74945 +35.584 -094.817
74946 +35.396 -094.452
74947 +34.991 -094.516
74948 +35.468 -094.569
74949 +34.684 -094.772
74951 +35.172 -094.664
74953 +35.038 -094.571
74954 +35.413 -094.491
74955 +35.501 -094.758
74956 +35.096 -094.774
74957 +34.524 -094.655
74959 +35.271 -094.623
74960 +35.810 -094.651
74962 +35.544 -094.941
74963 +34.412 -094.563
74964 +36.112 -094.659
74965 +35.997 -094.631
74966 +34.894 -094.871
75001 +32.960 -096.837
75002 +33.090 -096.609
75006 +32.962 -096.899
75007 +33.005 -096.897
75009 +33.339 -096.753
75010 +33.039 -096.873
75013 +33.114 -096.694
75019 +32.961 -096.986
75020 +33.773 -096.607
75021 +33.728 -096.478
75022 +33.024 -097.120
75023 +33.057 -096.731
75024 +33.078 -096.811
75025 +33.090 -096.740
75028 +33.033 -097.065
75032 +32.857 -096.431
75033 +33.185 -096.844
75034 +33.121 -096.839
75035 +33.166 -096.776
75036 +33.133 -096.915
75038 +32.872 -096.979
75039 +32.885 -096.937
75040 +32.929 -096.620
75041 +32.880 -096.652
75042 +32.914 -096.675
75043 +32.856 -096.578
75044 +32.965 -096.650
75048 +32.969 -096.580
75050 +32.773 -097.005
75051 +32.726 -096.992
75052 +32.665 -097.029
75054 +32.614 -097.025
75056 +33.076 -096.908
75057 +33.051 -096.975
75058 +33.449 -096.737
75060 +32.798 -096.953
75061 +32.826 -096.967
75062 +32.847 -096.958
75063 +32.911 -097.000
75065 +33.110 -097.005
75067 +33.016 -096.999
75068 +33.177 -096.952
75069 +33.164 -096.595
75070 +33.155 -096.697
75071 +33.246 -096.631
75072 +33.188 -096.700
75074 +33.033 -096.673
75075 +33.021 -096.742
75076 +33.801 -096.726
75077 +33.081 -097.061
75078 +33.241 -096.812
75080 +32.976 -096.742
75081 +32.950 -096.707
75082 +32.995 -096.667
75087 +32.949 -096.442
75088 +32.892 -096.542
75089 +32.938 -096.544
75090 +33.604 -096.550
75092 +33.652 -096.700
75093 +33.034 -096.812
75094 +33.020 -096.613
75098 +33.014 -096.535
75101 +32.270 -096.702
75102 +32.087 -096.636
75103 +32.517 -095.884
75104 +32.585 -096.972
75105 +32.267 -096.368
75109 +32.043 -096.344
75110 +32.080 -096.520
75114 +32.617 -096.443
75115 +32.599 -096.864
75116 +32.661 -096.912
75117 +32.711 -095.858
75119 +32.324 -096.590
75124 +32.319 -095.970
75125 +32.537 -096.622
75126 +32.743 -096.453
75127 +32.699 -095.791
75132 +32.939 -096.380
75134 +32.623 -096.780
75135 +33.068 -096.224
75137 +32.635 -096.913
75140 +32.635 -095.686
75141 +32.640 -096.693
75142 +32.568 -096.250
75143 +32.365 -096.245
75144 +32.108 -096.208
75146 +32.566 -096.749
75147 +32.426 -096.065
75148 +32.125 -096.026
75149 +32.773 -096.619
75150 +32.814 -096.631
75152 +32.440 -096.678
75153 +32.167 -096.359
75154 +32.524 -096.809
75155 +32.229 -096.476
75156 +32.278 -096.105
75157 +32.463 -096.449
75158 +32.465 -096.401
75159 +32.604 -096.541
75160 +32.764 -096.293
75161 +32.739 -096.164
75163 +32.167 -096.119
75164 +33.076 -096.303
75165 +32.372 -096.803
75166 +33.015 -096.449
75167 +32.361 -096.916
75169 +32.703 -095.995
75172 +32.605 -096.674
75173 +33.062 -096.396
75180 +32.719 -096.619
75181 +32.724 -096.556
75182 +32.801 -096.548
75189 +32.942 -096.312
75201 +32.788 -096.800
75202 +32.778 -096.804
75203 +32.744 -096.802
75204 +32.802 -096.789
75205 +32.837 -096.797
75206 +32.831 -096.771
75207 +32.788 -096.821
75208 +32.755 -096.840
75209 +32.848 -096.825
75210 +32.771 -096.747
75211 +32.737 -096.908
75212 +32.782 -096.879
75214 +32.829 -096.743
75215 +32.753 -096.761
75216 +32.711 -096.781
75217 +32.713 -096.682
75218 +32.840 -096.704
75219 +32.811 -096.813
75220 +32.869 -096.876
75223 +32.793 -096.746
75224 +32.711 -096.839
75225 +32.865 -096.790
75226 +32.783 -096.777
75227 +32.767 -096.687
75228 +32.825 -096.679
75229 +32.894 -096.867
75230 +32.903 -096.793
75231 +32.873 -096.748
75232 +32.659 -096.840
75233 +32.704 -096.872
75234 +32.925 -096.888
75235 +32.833 -096.849
75236 +32.689 -096.936
75237 +32.665 -096.872
75238 +32.879 -096.708
75240 +32.930 -096.793
75241 +32.667 -096.759
75243 +32.913 -096.737
75244 +32.925 -096.836
75246 +32.792 -096.773
75247 +32.814 -096.878
75248 +32.970 -096.797
75249 +32.636 -096.965
75251 +32.919 -096.775
75252 +32.997 -096.788
75253 +32.674 -096.609
75254 +32.944 -096.800
75261 +32.903 -097.053
75270 +32.781 -096.802
75287 +32.999 -096.842
75390 +32.814 -096.843
75401 +33.189 -096.109
75402 +33.068 -096.088
75407 +33.156 -096.480
75409 +33.355 -096.516
75410 +32.792 -095.637
75411 +33.868 -095.638
75412 +33.801 -095.135
75413 +33.436 -096.165
75414 +33.624 -096.428
75415 +33.456 -095.724
75416 +33.598 -095.328
75417 +33.440 -095.140
75418 +33.572 -096.171
75420 +33.065 -095.718
75421 +33.661 -095.731
75422 +33.139 -095.924
75423 +33.292 -096.200
75424 +33.305 -096.389
75426 +33.648 -095.012
75428 +33.275 -095.918
75429 +33.279 -095.892
75431 +33.014 -095.461
75432 +33.386 -095.673
75433 +33.098 -095.803
75434 +33.416 -095.344
75435 +33.501 -095.290
75436 +33.742 -095.256
75437 +33.257 -095.465
75438 +33.616 -096.072
75439 +33.554 -096.283
75440 +32.873 -095.754
75441 +33.428 -095.643
75442 +33.176 -096.346
75446 +33.615 -095.900
75447 +33.772 -096.124
75448 +33.316 -095.789
75449 +33.423 -095.949
75450 +33.398 -095.462
75451 +32.959 -095.125
75452 +33.402 -096.239
75453 +33.010 -095.933
75454 +33.283 -096.561
75455 +33.217 -094.983
75457 +33.176 -095.210
75459 +33.529 -096.682
75460 +33.662 -095.605
75462 +33.624 -095.492
75468 +33.507 -095.404
75469 +33.400 -095.823
75470 +33.587 -095.802
75471 +33.057 -095.374
75472 +32.884 -095.870
75473 +33.816 -095.488
75474 +32.924 -096.109
75475 +33.486 -096.258
75476 +33.708 -096.241
75477 +33.530 -095.738
75478 +33.173 -095.349
75479 +33.630 -096.330
75480 +33.015 -095.196
75481 +33.320 -095.374
75482 +33.168 -095.608
75486 +33.745 -095.744
75487 +33.339 -095.160
75488 +33.779 -095.997
75489 +33.520 -096.485
75490 +33.438 -096.308
75491 +33.486 -096.396
75492 +33.597 -095.992
75493 +33.142 -095.114
75494 +32.917 -095.260
75495 +33.439 -096.547
75496 +33.364 -096.065
75497 +32.922 -095.576
75501 +33.372 -094.140
75503 +33.518 -094.137
75550 +33.498 -094.891
75551 +33.119 -094.220
75554 +33.579 -094.780
75555 +32.939 -094.142
75556 +33.155 -094.062
75558 +33.256 -094.850
75559 +33.504 -094.650
75560 +33.202 -094.366
75561 +33.517 -094.282
75562 +32.936 -094.253
75563 +33.028 -094.393
75564 +32.888 -094.250
75565 +32.950 -094.074
75566 +33.153 -094.490
75567 +33.316 -094.321
75568 +33.193 -094.587
75569 +33.441 -094.123
75570 +33.464 -094.437
75571 +33.207 -094.774
75572 +33.226 -094.128
75573 +33.348 -094.229
75574 +33.325 -094.551
75601 +32.509 -094.724
75602 +32.437 -094.643
75603 +32.403 -094.711
75604 +32.514 -094.828
75605 +32.585 -094.710
75630 +32.853 -094.573
75631 +32.262 -094.450
75633 +32.138 -094.274
75638 +33.020 -094.730
75639 +32.279 -094.169
75640 +32.708 -094.683
75641 +32.385 -094.576
75642 +32.358 -094.178
75643 +32.006 -094.362
75644 +32.791 -095.000
75645 +32.679 -094.880
75647 +32.517 -094.963
75650 +32.513 -094.549
75651 +32.669 -094.524
75652 +32.239 -094.728
75654 +32.091 -094.834
75656 +33.011 -094.572
75657 +32.795 -094.310
75658 +32.172 -094.899
75659 +32.507 -094.092
75661 +32.638 -094.153
75662 +32.380 -094.874
75667 +31.988 -094.844
75668 +32.907 -094.679
75669 +32.032 -094.555
75670 +32.559 -094.422
75671 +32.489 -094.315
75672 +32.468 -094.299
75680 +32.010 -094.718
75681 +31.954 -094.684
75682 +32.262 -094.954
75683 +32.827 -094.737
75684 +32.277 -094.937
75686 +32.967 -094.944
75687 +32.106 -094.963
75689 +32.187 -094.962
75691 +32.312 -094.552
75692 +32.471 -094.118
75693 +32.534 -094.861
75694 +32.638 -094.344
75701 +32.323 -095.296
75702 +32.364 -095.312
75703 +32.235 -095.321
75704 +32.402 -095.449
75705 +32.375 -095.077
75706 +32.472 -095.294
75707 +32.304 -095.169
75708 +32.413 -095.209
75709 +32.312 -095.386
75711 +32.337 -095.284
75750 +32.268 -095.078
75751 +32.070 -095.921
75752 +32.252 -095.800
75754 +32.413 -095.649
75755 +32.642 -095.076
75756 +32.293 -095.579
75757 +32.110 -095.348
75758 +32.271 -095.521
75759 +32.036 -095.416
75760 +31.810 -094.863
75762 +32.218 -095.413
75763 +32.043 -095.523
75764 +31.895 -095.144
75765 +32.642 -095.235
75766 +31.946 -095.252
75770 +32.159 -095.644
75771 +32.533 -095.427
75773 +32.681 -095.448
75778 +32.301 -095.710
75779 +31.863 -095.485
75780 +31.989 -095.091
75782 +32.069 -095.588
75783 +32.816 -095.425
75784 +31.872 -094.966
75785 +31.758 -095.176
75788 +31.823 -094.916
75789 +32.110 -095.094
75790 +32.527 -095.643
75791 +32.222 -095.221
75792 +32.469 -095.106
75801 +31.742 -095.551
75803 +31.882 -095.679
75831 +31.474 -096.009
75833 +31.269 -095.844
75835 +31.285 -095.491
75838 +31.479 -096.230
75839 +31.618 -095.559
75840 +31.783 -096.094
75844 +31.525 -095.423
75845 +31.088 -095.077
75846 +31.347 -096.179
75847 +31.342 -095.120
75848 +31.773 -096.334
75849 +31.397 -095.476
75850 +31.136 -095.935
75851 +31.092 -095.500
75852 +31.000 -095.700
75853 +31.947 -095.814
75855 +31.557 -095.864
75856 +31.201 -095.254
75858 +31.381 -095.137
75859 +31.888 -096.254
75860 +31.623 -096.245
75861 +31.852 -095.888
75862 +30.965 -095.326
75865 +31.058 -094.962
75884 +31.789 -095.893
75886 +31.778 -095.916
75901 +31.302 -094.641
75903 +31.374 -094.748
75904 +31.327 -094.840
75925 +31.615 -095.062
75926 +31.244 -094.959
75928 +30.671 -093.711
75929 +31.227 -094.192
75930 +31.340 -094.035
75931 +31.096 -093.995
75932 +31.056 -093.616
75933 +30.554 -093.813
75934 +30.895 -094.759
75935 +31.720 -094.199
75936 +30.951 -094.589
75937 +31.482 -094.396
75938 +30.941 -094.354
75939 +31.017 -094.801
75941 +31.187 -094.759
75942 +30.826 -094.416
75943 +31.658 -094.894
75944 +31.354 -094.388
75946 +31.814 -094.515
75948 +31.275 -093.722
75949 +31.230 -094.509
75951 +30.934 -094.060
75954 +31.904 -094.048
75956 +30.676 -093.983
75959 +31.512 -093.839
75960 +30.911 -094.855
75961 +31.558 -094.505
75962 +31.620 -094.648
75964 +31.630 -094.777
75965 +31.729 -094.627
75966 +30.828 -093.714
75968 +31.252 -093.954
75969 +31.446 -094.888
75972 +31.502 -094.122
75973 +31.711 -093.943
75974 +31.958 -094.240
75975 +31.891 -094.419
75976 +31.519 -094.950
75977 +31.065 -093.787
75979 +30.749 -094.389
75980 +31.094 -094.350
76001 +32.631 -097.156
76002 +32.622 -097.094
76005 +32.801 -097.076
76006 +32.787 -097.103
76008 +32.682 -097.627
76009 +32.416 -097.202
76010 +32.723 -097.081
76011 +32.752 -097.083
76012 +32.755 -097.139
76013 +32.719 -097.155
76014 +32.692 -097.087
76015 +32.692 -097.136
76016 +32.689 -097.189
76017 +32.663 -097.164
76018 +32.662 -097.090
76020 +32.900 -097.561
76021 +32.853 -097.130
76022 +32.831 -097.145
76023 +33.042 -097.597
76028 +32.533 -097.307
76031 +32.346 -097.328
76033 +32.292 -097.517
76034 +32.891 -097.150
76035 +32.566 -097.646
76036 +32.571 -097.421
76039 +32.860 -097.086
76040 +32.820 -097.103
76041 +32.238 -096.842
76043 +32.198 -097.761
76044 +32.426 -097.540
76048 +32.408 -097.801
76049 +32.460 -097.707
76050 +32.267 -097.156
76051 +32.942 -097.080
76052 +32.979 -097.371
76053 +32.816 -097.181
76054 +32.857 -097.179
76055 +32.160 -097.148
76058 +32.472 -097.427
76059 +32.394 -097.331
76060 +32.640 -097.217
76061 +32.503 -097.198
76063 +32.571 -097.145
76064 +32.309 -097.037
76065 +32.469 -096.991
76066 +32.696 -097.999
76067 +32.802 -098.143
76070 +32.217 -097.659
76071 +33.011 -097.474
76073 +33.096 -097.721
76077 +32.282 -097.714
76078 +33.093 -097.463
76082 +32.970 -097.734
76084 +32.432 -097.088
76085 +32.861 -097.692
76086 +32.752 -097.789
76087 +32.668 -097.791
76088 +32.851 -097.903
76092 +32.954 -097.149
76093 +32.210 -097.406
76102 +32.758 -097.329
76103 +32.749 -097.273
76104 +32.728 -097.318
76105 +32.723 -097.270
76106 +32.817 -097.360
76107 +32.742 -097.382
76108 +32.788 -097.523
76109 +32.701 -097.387
76110 +32.708 -097.338
76111 +32.780 -097.301
76112 +32.747 -097.218
76114 +32.775 -097.407
76115 +32.678 -097.331
76116 +32.721 -097.447
76117 +32.803 -097.267
76118 +32.794 -097.194
76119 +32.691 -097.262
76120 +32.767 -097.181
76123 +32.623 -097.403
76126 +32.649 -097.515
76127 +32.777 -097.431
76129 +32.709 -097.363
76131 +32.882 -097.346
76132 +32.668 -097.416
76133 +32.653 -097.380
76134 +32.644 -097.330
76135 +32.836 -097.470
76137 +32.860 -097.292
76140 +32.620 -097.278
76148 +32.868 -097.252
76155 +32.824 -097.049
76164 +32.781 -097.354
76177 +32.967 -097.304
76179 +32.910 -097.434
76180 +32.841 -097.224
76182 +32.886 -097.208
76201 +33.221 -097.146
76203 +33.212 -097.152
76205 +33.193 -097.129
76207 +33.222 -097.176
76208 +33.209 -097.055
76209 +33.231 -097.110
76210 +33.149 -097.096
76225 +33.374 -097.668
76226 +33.105 -097.178
76227 +33.273 -096.990
76228 +33.618 -098.063
76230 +33.524 -097.932
76233 +33.543 -096.895
76234 +33.276 -097.514
76238 +33.479 -097.352
76239 +33.512 -097.577
76240 +33.662 -097.176
76241 +33.645 -097.176
76244 +32.928 -097.277
76245 +33.824 -096.863
76247 +33.094 -097.329
76248 +32.929 -097.226
76249 +33.279 -097.302
76250 +33.630 -097.242
76251 +33.659 -097.685
76252 +33.671 -097.378
76253 +33.625 -097.314
76255 +33.811 -097.719
76258 +33.371 -096.932
76259 +33.199 -097.312
76261 +33.793 -097.964
76262 +33.010 -097.220
76263 +33.504 -097.437
76264 +33.749 -096.837
76265 +33.720 -097.541
76266 +33.373 -097.213
76267 +33.369 -097.397
76268 +33.628 -096.765
76270 +33.461 -097.759
76271 +33.469 -096.914
76272 +33.456 -097.127
76273 +33.744 -096.936
76301 +33.905 -098.480
76302 +33.866 -098.485
76305 +34.006 -098.388
76306 +33.950 -098.527
76308 +33.855 -098.537
76309 +33.896 -098.544
76310 +33.805 -098.528
76311 +33.973 -098.508
76351 +33.558 -098.695
76354 +34.090 -098.625
76357 +34.079 -098.185
76360 +33.883 -098.883
76363 +33.513 -099.524
76364 +34.143 -099.011
76365 +33.757 -098.208
76366 +33.715 -098.775
76367 +33.971 -098.715
76370 +33.456 -098.896
76371 +33.483 -099.655
76372 +33.236 -098.933
76373 +34.159 -099.128
76374 +33.344 -098.763
76377 +34.008 -098.259
76379 +33.668 -098.489
76380 +33.603 -099.214
76384 +34.141 -099.319
76388 +33.323 -099.642
76389 +33.513 -098.481
76401 +32.271 -098.206
76402 +32.217 -098.216
76424 +32.801 -098.887
76426 +33.160 -097.840
76427 +33.131 -098.396
76429 +32.759 -098.666
76430 +32.804 -099.223
76431 +33.303 -097.868
76432 +31.837 -098.784
76433 +32.306 -098.010
76435 +32.225 -098.856
76436 +31.868 -098.218
76437 +32.382 -099.024
76439 +32.618 -097.927
76442 +31.891 -098.613
76443 +32.113 -099.211
76444 +32.124 -098.577
76445 +32.305 -098.542
76446 +32.075 -098.360
76448 +32.393 -098.791
76449 +32.902 -098.316
76450 +33.060 -098.653
76452 +31.760 -098.397
76453 +32.584 -098.336
76454 +32.227 -098.700
76455 +31.821 -098.367
76457 +31.945 -098.028
76458 +33.216 -098.192
76459 +33.275 -098.390
76460 +33.306 -098.500
76462 +32.521 -098.030
76463 +32.455 -098.418
76464 +32.579 -099.156
76466 +32.429 -098.733
76469 +32.336 -099.202
76470 +32.503 -098.675
76471 +32.107 -098.983
76472 +32.608 -098.180
76474 +31.959 -098.775
76475 +32.673 -098.486
76476 +32.363 -097.924
76481 +32.996 -098.698
76483 +33.160 -099.283
76484 +32.740 -098.302
76486 +33.015 -098.053
76487 +32.972 -097.905
76490 +32.962 -098.044
76491 +33.057 -099.039
76501 +31.075 -097.252
76502 +31.104 -097.412
76504 +31.142 -097.375
76511 +30.798 -097.419
76513 +31.057 -097.503
76518 +30.852 -097.138
76519 +30.995 -097.033
76520 +30.873 -096.917
76522 +31.219 -097.968
76523 +30.803 -097.272
76524 +31.269 -097.202
76525 +31.474 -098.182
76527 +30.836 -097.796
76528 +31.441 -097.775
76530 +30.712 -097.425
76531 +31.687 -098.187
76534 +30.884 -097.378
76537 +30.817 -097.603
76538 +31.629 -097.922
76539 +31.091 -097.996
76541 +31.114 -097.729
76542 +30.989 -097.703
76543 +31.125 -097.644
76544 +31.330 -097.690
76548 +31.055 -097.642
76549 +31.017 -097.833
76550 +31.103 -098.260
76554 +30.968 -097.377
76556 +30.697 -096.845
76557 +31.294 -097.400
76559 +31.083 -097.614
76561 +31.429 -097.543
76565 +31.645 -098.349
76566 +31.514 -098.000
76567 +30.631 -097.028
76569 +30.939 -097.217
76570 +31.082 -096.954
76571 +30.949 -097.604
76573 +30.819 -097.502
76574 +30.579 -097.389
76577 +30.613 -097.184
76578 +30.535 -097.237
76579 +31.197 -097.242
76596 +31.476 -097.727
76597 +31.484 -097.710
76598 +31.475 -097.735
76599 +31.464 -097.738
76621 +31.874 -097.087
76622 +31.816 -097.243
76623 +32.227 -096.800
76624 +31.661 -096.955
76626 +32.123 -096.723
76627 +32.102 -097.389
76628 +32.038 -096.970
76629 +31.150 -096.652
76630 +31.350 -097.223
76631 +31.987 -096.966
76632 +31.307 -097.066
76633 +31.695 -097.329
76634 +31.805 -097.571
76635 +31.716 -096.661
76636 +32.170 -097.290
76637 +31.775 -097.756
76638 +31.558 -097.445
76639 +31.867 -096.656
76640 +31.697 -097.074
76641 +32.045 -096.787
76642 +31.498 -096.525
76643 +31.449 -097.198
76645 +32.012 -097.127
76648 +31.849 -096.807
76649 +32.002 -097.883
76650 +31.980 -096.864
76651 +32.185 -096.868
76652 +32.118 -097.576
76653 +31.295 -096.607
76654 +31.727 -097.013
76655 +31.392 -097.174
76656 +31.178 -097.064
76657 +31.438 -097.400
76660 +31.936 -096.893
76661 +31.307 -096.840
76664 +31.561 -096.803
76665 +31.925 -097.715
76666 +32.040 -096.895
76667 +31.657 -096.465
76670 +32.136 -096.989
76671 +31.988 -097.531
76673 +31.751 -096.892
76676 +31.876 -096.959
76678 +31.651 -096.749
76679 +31.955 -096.577
76680 +31.191 -096.801
76681 +31.916 -096.436
76682 +31.453 -096.913
76685 +31.339 -097.008
76686 +31.743 -096.540
76687 +31.369 -096.486
76689 +31.662 -097.506
76690 +32.104 -097.795
76691 +31.770 -097.098
76692 +31.960 -097.330
76693 +31.811 -096.445
76701 +31.552 -097.138
76704 +31.575 -097.124
76705 +31.627 -097.084
76706 +31.456 -097.084
76707 +31.554 -097.159
76708 +31.627 -097.216
76710 +31.540 -097.195
76711 +31.514 -097.153
76712 +31.527 -097.261
76798 +31.546 -097.121
76801 +31.744 -099.056
76802 +31.716 -098.895
76820 +30.784 -099.041
76821 +31.738 -099.951
76823 +31.687 -099.168
76824 +30.937 -098.467
76825 +31.099 -099.394
76827 +31.527 -099.137
76828 +32.006 -099.292
76831 +30.758 -098.958
76832 +30.963 -098.747
76834 +31.882 -099.480
76836 +31.422 -099.588
76837 +31.207 -099.893
76841 +30.854 -100.137
76842 +30.923 -099.102
76844 +31.451 -098.502
76845 +31.538 -099.488
76848 +30.839 -099.564
76849 +30.472 -099.822
76852 +31.358 -099.457
76853 +31.268 -098.372
76854 +30.556 -099.528
76856 +30.691 -099.273
76857 +31.931 -098.927
76858 +31.207 -099.615
76859 +30.885 -099.859
76861 +31.596 -100.202
76862 +31.415 -099.705
76864 +31.558 -098.749
76865 +31.850 -100.154
76866 +31.440 -099.928
76869 +30.910 -098.976
76870 +31.604 -098.530
76871 +31.270 -098.986
76872 +31.336 -099.148
76873 +31.506 -099.370
76874 +30.477 -100.123
76875 +31.601 -100.016
76877 +31.157 -098.764
76878 +31.658 -099.293
76880 +31.445 -098.315
76882 +31.800 -099.711
76884 +31.691 -099.569
76885 +30.859 -098.861
76887 +31.032 -099.158
76888 +31.610 -099.640
76890 +31.694 -098.766
76901 +31.509 -100.649
76902 +31.544 -100.725
76903 +31.482 -100.438
76904 +31.287 -100.424
76905 +31.500 -100.316
76908 +31.432 -100.403
76909 +31.441 -100.466
76930 +31.111 -101.120
76932 +31.192 -101.564
76933 +31.881 -100.284
76934 +31.615 -100.677
76935 +31.072 -100.425
76936 +30.892 -100.655
76937 +31.391 -100.150
76939 +31.269 -100.590
76940 +31.437 -100.127
76941 +31.245 -100.861
76943 +30.470 -101.322
76945 +31.873 -100.605
76950 +30.436 -100.565
76951 +31.803 -101.056
76953 +31.728 -100.320
76955 +31.299 -100.139
76957 +31.372 -100.305
76958 +31.645 -100.755
77002 +29.757 -095.366
77003 +29.751 -095.346
77004 +29.724 -095.364
77005 +29.718 -095.424
77006 +29.741 -095.391
77007 +29.772 -095.409
77008 +29.798 -095.417
77009 +29.795 -095.368
77010 +29.754 -095.360
77011 +29.743 -095.307
77012 +29.719 -095.274
77013 +29.795 -095.234
77014 +29.986 -095.465
77015 +29.765 -095.171
77016 +29.862 -095.298
77017 +29.692 -095.250
77018 +29.827 -095.426
77019 +29.753 -095.413
77020 +29.768 -095.309
77021 +29.698 -095.357
77022 +29.832 -095.380
77023 +29.722 -095.318
77024 +29.767 -095.506
77025 +29.686 -095.435
77026 +29.800 -095.329
77027 +29.739 -095.446
77028 +29.825 -095.286
77029 +29.759 -095.257
77030 +29.706 -095.402
77031 +29.652 -095.546
77032 +29.986 -095.346
77033 +29.668 -095.339
77034 +29.615 -095.193
77035 +29.656 -095.472
77036 +29.699 -095.537
77037 +29.891 -095.391
77038 +29.919 -095.441
77039 +29.908 -095.350
77040 +29.877 -095.532
77041 +29.858 -095.586
77042 +29.741 -095.560
77043 +29.811 -095.585
77044 +29.906 -095.181
77045 +29.647 -095.431
77046 +29.734 -095.433
77047 +29.611 -095.387
77048 +29.623 -095.328
77049 +29.833 -095.149
77050 +29.903 -095.269
77051 +29.656 -095.379
77053 +29.586 -095.461
77054 +29.680 -095.405
77055 +29.797 -095.493
77056 +29.748 -095.469
77057 +29.744 -095.489
77058 +29.562 -095.100
77059 +29.614 -095.119
77060 +29.936 -095.398
77061 +29.647 -095.276
77062 +29.576 -095.134
77063 +29.736 -095.522
77064 +29.924 -095.542
77065 +29.926 -095.604
77066 +29.957 -095.503
77067 +29.953 -095.447
77068 +30.007 -095.488
77069 +29.988 -095.523
77070 +29.979 -095.573
77071 +29.652 -095.520
77072 +29.700 -095.585
77073 +30.000 -095.400
77074 +29.688 -095.516
77075 +29.621 -095.269
77076 +29.860 -095.382
77077 +29.754 -095.642
77078 +29.854 -095.245
77079 +29.778 -095.603
77080 +29.818 -095.522
77081 +29.713 -095.479
77082 +29.724 -095.640
77083 +29.694 -095.648
77084 +29.827 -095.660
77085 +29.621 -095.485
77086 +29.919 -095.492
77087 +29.687 -095.304
77088 +29.881 -095.453
77089 +29.587 -095.226
77090 +30.009 -095.440
77091 +29.853 -095.436
77092 +29.832 -095.475
77093 +29.863 -095.342
77094 +29.771 -095.699
77095 +29.910 -095.659
77096 +29.675 -095.479
77098 +29.735 -095.416
77099 +29.671 -095.586
77204 +29.721 -095.344
77301 +30.308 -095.430
77302 +30.222 -095.345
77303 +30.378 -095.377
77304 +30.328 -095.516
77306 +30.286 -095.312
77316 +30.306 -095.686
77318 +30.445 -095.552
77320 +30.808 -095.558
77326 +30.504 -094.818
77327 +30.348 -094.931
77328 +30.405 -095.192
77331 +30.618 -095.184
77334 +30.782 -095.373
77335 +30.592 -094.921
77336 +30.070 -095.107
77338 +30.014 -095.283
77339 +30.047 -095.221
77340 +30.657 -095.531
77341 +30.698 -095.559
77342 +30.739 -095.559
77345 +30.053 -095.158
77346 +29.992 -095.177
77350 +30.808 -094.912
77351 +30.718 -094.817
77354 +30.208 -095.643
77355 +30.156 -095.749
77356 +30.466 -095.730
77357 +30.157 -095.181
77358 +30.543 -095.443
77359 +30.774 -095.300
77360 +30.846 -095.118
77362 +30.157 -095.671
77363 +30.316 -095.850
77364 +30.773 -095.215
77365 +30.113 -095.275
77367 +30.848 -095.390
77368 +30.451 -094.841
77369 +30.422 -094.735
77371 +30.494 -094.981
77372 +30.268 -095.201
77373 +30.062 -095.384
77374 +30.392 -094.644
77375 +30.095 -095.586
77376 +30.444 -094.675
77377 +30.060 -095.672
77378 +30.478 -095.385
77379 +30.039 -095.534
77380 +30.137 -095.468
77381 +30.177 -095.502
77382 +30.195 -095.548
77384 +30.234 -095.496
77385 +30.187 -095.429
77386 +30.100 -095.356
77388 +30.062 -095.466
77389 +30.123 -095.517
77396 +29.943 -095.262
77401 +29.704 -095.461
77406 +29.646 -095.795
77407 +29.670 -095.708
77412 +29.561 -096.458
77414 +28.905 -095.888
77415 +28.937 -095.707
77417 +29.461 -095.956
77418 +29.987 -096.253
77419 +28.872 -096.252
77420 +29.233 -095.919
77422 +28.970 -095.582
77423 +29.833 -095.987
77426 +30.122 -096.258
77428 +28.673 -096.157
77429 +29.996 -095.665
77430 +29.260 -095.668
77431 +29.133 -095.819
77432 +29.036 -096.228
77433 +29.945 -095.741
77434 +29.524 -096.318
77435 +29.516 -096.121
77436 +29.365 -096.253
77437 +29.204 -096.273
77440 +28.890 -096.145
77441 +29.697 -095.910
77442 +29.438 -096.495
77443 +29.359 -096.181
77444 +29.286 -095.778
77445 +30.097 -096.064
77446 +30.087 -095.990
77447 +30.055 -095.825
77448 +29.416 -096.085
77449 +29.838 -095.734
77450 +29.748 -095.736
77451 +29.463 -096.025
77453 +29.232 -096.019
77454 +29.545 -096.239
77455 +29.132 -096.445
77456 +28.927 -096.090
77457 +28.700 -095.945
77458 +28.963 -096.250
77459 +29.526 -095.534
77460 +29.397 -096.385
77461 +29.393 -095.775
77464 +29.621 -095.939
77465 +28.712 -096.226
77466 +29.793 -096.012
77467 +29.234 -096.182
77468 +29.137 -095.851
77469 +29.491 -095.702
77470 +29.534 -096.533
77471 +29.549 -095.862
77473 +29.795 -096.104
77474 +29.774 -096.190
77475 +29.511 -096.673
77476 +29.677 -095.973
77477 +29.624 -095.568
77478 +29.618 -095.608
77479 +29.565 -095.635
77480 +29.091 -095.770
77481 +29.471 -095.571
77482 +29.093 -095.903
77483 +28.781 -095.872
77484 +30.084 -095.928
77485 +29.641 -096.063
77486 +29.160 -095.692
77488 +29.296 -096.095
77489 +29.600 -095.516
77493 +29.853 -095.831
77494 +29.745 -095.816
77498 +29.641 -095.656
77502 +29.680 -095.200
77503 +29.691 -095.157
77504 +29.648 -095.190
77505 +29.648 -095.141
77506 +29.718 -095.191
77507 +29.624 -095.063
77510 +29.349 -095.092
77511 +29.381 -095.245
77514 +29.688 -094.626
77515 +29.173 -095.452
77517 +29.360 -095.141
77518 +29.505 -094.987
77519 +30.218 -094.575
77520 +29.737 -095.001
77521 +29.812 -094.963
77523 +29.766 -094.866
77530 +29.789 -095.114
77531 +29.039 -095.402
77532 +29.933 -095.057
77533 +30.087 -094.600
77534 +29.215 -095.311
77535 +30.055 -094.922
77536 +29.692 -095.117
77538 +29.974 -094.523
77539 +29.453 -095.028
77541 +29.016 -095.326
77545 +29.537 -095.473
77546 +29.511 -095.193
77547 +29.740 -095.239
77550 +29.308 -094.769
77551 +29.279 -094.834
77554 +29.235 -094.924
77555 +29.311 -094.776
77560 +29.867 -094.587
77561 +30.135 -094.736
77562 +29.830 -095.055
77563 +29.304 -095.032
77564 +30.232 -094.656
77565 +29.538 -095.033
77566 +29.053 -095.474
77568 +29.366 -094.988
77571 +29.688 -095.057
77573 +29.504 -095.087
77575 +30.081 -094.753
77577 +29.260 -095.265
77578 +29.485 -095.362
77580 +29.857 -094.878
77581 +29.562 -095.280
77582 +30.014 -094.662
77583 +29.374 -095.454
77584 +29.545 -095.351
77585 +30.331 -094.534
77586 +29.582 -095.039
77587 +29.661 -095.228
77590 +29.379 -094.917
77591 +29.399 -094.999
77597 +29.828 -094.696
77598 +29.539 -095.135
77611 +30.014 -093.828
77612 +30.402 -093.935
77613 +30.028 -094.359
77614 +30.306 -093.748
77615 +30.357 -094.066
77616 +30.567 -094.209
77617 +29.531 -094.470
77619 +29.946 -093.917
77622 +29.862 -094.286
77623 +29.561 -094.414
77624 +30.679 -094.271
77625 +30.368 -094.391
77627 +29.990 -094.007
77629 +29.977 -094.433
77630 +30.066 -093.870
77632 +30.202 -093.805
77640 +29.881 -093.941
77642 +29.958 -093.892
77650 +29.439 -094.664
77651 +29.981 -093.948
77655 +29.710 -093.939
77656 +30.424 -094.169
77657 +30.227 -094.189
77659 +30.171 -094.432
77660 +30.645 -094.140
77661 +29.780 -094.369
77662 +30.178 -094.018
77663 +30.513 -094.407
77664 +30.585 -094.396
77665 +29.790 -094.406
77701 +30.073 -094.105
77702 +30.086 -094.128
77703 +30.114 -094.109
77705 +29.908 -094.175
77706 +30.100 -094.167
77707 +30.053 -094.166
77708 +30.150 -094.153
77713 +30.069 -094.260
77801 +30.639 -096.362
77802 +30.661 -096.322
77803 +30.678 -096.387
77807 +30.678 -096.484
77808 +30.798 -096.312
77830 +30.532 -095.998
77831 +30.732 -095.907
77833 +30.206 -096.410
77835 +30.194 -096.588
77836 +30.538 -096.681
77837 +31.014 -096.678
77840 +30.612 -096.323
77843 +30.615 -096.340
77845 +30.561 -096.275
77852 +30.428 -096.758
77853 +30.355 -096.841
77855 +31.155 -096.103
77856 +31.092 -096.412
77857 +30.791 -096.755
77859 +30.880 -096.516
77861 +30.722 -096.109
77863 +30.391 -096.559
77864 +30.960 -095.894
77865 +31.212 -096.203
77866 +30.495 -096.215
77867 +30.743 -096.571
77868 +30.366 -096.046
77871 +31.057 -096.111
77872 +30.885 -096.090
77873 +30.583 -095.801
77875 +30.579 -095.942
77876 +30.598 -095.857
77878 +30.491 -096.434
77879 +30.417 -096.466
77880 +30.287 -096.189
77882 +30.911 -096.379
77901 +28.806 -096.985
77904 +28.918 -097.012
77905 +28.737 -097.060
77950 +28.246 -096.897
77951 +28.636 -096.911
77954 +29.096 -097.296
77957 +29.036 -096.716
77960 +28.654 -097.252
77961 +28.846 -096.377
77962 +29.031 -096.503
77963 +28.652 -097.406
77964 +29.379 -096.835
77968 +28.916 -096.854
77969 +28.783 -096.654
77970 +28.846 -096.434
77971 +28.833 -096.522
77973 +28.532 -096.964
77974 +28.898 -097.289
77975 +29.576 -097.082
77976 +28.941 -097.134
77977 +28.681 -096.802
77978 +28.690 -096.578
77979 +28.610 -096.619
77982 +28.445 -096.492
77983 +28.376 -096.697
77984 +29.466 -097.194
77986 +29.477 -096.796
77987 +29.346 -097.080
77988 +28.837 -096.885
77990 +28.485 -096.925
77991 +28.785 -096.596
77993 +28.856 -097.420
77994 +29.178 -097.472
77995 +29.200 -097.092
78001 +28.232 -099.222
78002 +29.284 -098.738
78003 +29.708 -099.104
78004 +29.858 -098.538
78005 +28.936 -098.833
78006 +29.859 -098.703
78007 +28.476 -098.408
78008 +28.728 -098.260
78009 +29.368 -098.890
78010 +29.911 -099.047
78011 +28.813 -098.726
78012 +28.772 -098.454
78013 +29.977 -098.905
78014 +28.395 -099.114
78015 +29.743 -098.651
78016 +29.181 -098.952
78017 +28.742 -099.208
78019 +28.024 -099.271
78021 +28.437 -098.831
78022 +28.238 -098.169
78023 +29.622 -098.756
78024 +29.995 -099.486
78025 +30.078 -099.285
78026 +28.747 -098.559
78027 +29.981 -098.529
78028 +30.036 -099.165
78029 +29.900 -099.187
78039 +29.312 -098.835
78040 +27.513 -099.502
78041 +27.560 -099.463
78043 +27.570 -099.304
78044 +27.733 -099.230
78045 +27.834 -099.681
78046 +27.386 -099.389
78050 +29.089 -098.502
78052 +29.210 -098.775
78055 +29.830 -099.331
78056 +29.541 -098.943
78057 +29.043 -099.016
78058 +30.106 -099.601
78059 +29.189 -098.841
78061 +28.902 -099.127
78062 +28.749 -098.203
78063 +29.690 -098.911
78064 +28.925 -098.429
78065 +29.080 -098.642
78066 +29.493 -098.892
78067 +27.104 -099.363
78069 +29.188 -098.672
78070 +29.892 -098.408
78071 +28.474 -098.199
78072 +28.325 -098.586
78073 +29.244 -098.622
78074 +29.942 -098.792
78075 +28.590 -098.271
78076 +26.934 -099.131
78101 +29.354 -098.238
78102 +28.415 -097.714
78104 +28.524 -097.762
78107 +28.568 -097.579
78108 +29.570 -098.218
78109 +29.478 -098.293
78111 +29.035 -097.737
78112 +29.187 -098.393
78113 +28.945 -098.132
78114 +29.127 -098.198
78116 +29.102 -097.744
78117 +28.938 -097.924
78118 +28.875 -097.937
78119 +28.721 -097.914
78121 +29.351 -098.089
78122 +29.457 -097.708
78123 +29.605 -098.039
78124 +29.557 -098.147
78125 +28.532 -097.967
78130 +29.694 -098.069
78132 +29.759 -098.191
78133 +29.884 -098.252
78140 +29.307 -097.763
78141 +28.908 -097.619
78142 +28.536 -097.813
78143 +29.259 -097.851
78144 +28.951 -097.893
78145 +28.645 -097.992
78146 +28.604 -097.840
78147 +29.073 -098.080
78148 +29.543 -098.296
78150 +29.538 -098.282
78151 +28.870 -097.713
78152 +29.429 -098.205
78154 +29.547 -098.263
78155 +29.537 -097.937
78159 +29.226 -097.585
78160 +29.245 -097.909
78161 +29.286 -098.050
78162 +28.578 -097.794
78163 +29.769 -098.441
78164 +28.980 -097.521
78201 +29.468 -098.529
78202 +29.428 -098.461
78203 +29.415 -098.459
78204 +29.404 -098.505
78205 +29.424 -098.486
78207 +29.422 -098.526
78208 +29.440 -098.458
78209 +29.489 -098.456
78210 +29.396 -098.464
78211 +29.343 -098.570
78212 +29.465 -098.494
78213 +29.516 -098.523
78214 +29.350 -098.477
78215 +29.440 -098.480
78216 +29.539 -098.491
78217 +29.540 -098.420
78218 +29.495 -098.397
78219 +29.440 -098.384
78220 +29.412 -098.398
78221 +29.299 -098.483
78222 +29.356 -098.386
78223 +29.310 -098.388
78224 +29.310 -098.546
78225 +29.388 -098.526
78226 +29.384 -098.570
78227 +29.390 -098.639
78228 +29.461 -098.571
78229 +29.506 -098.577
78230 +29.547 -098.557
78231 +29.581 -098.543
78232 +29.590 -098.476
78233 +29.555 -098.364
78234 +29.461 -098.438
78235 +29.344 -098.439
78236 +29.386 -098.623
78237 +29.421 -098.566
78238 +29.472 -098.618
78239 +29.516 -098.362
78240 +29.525 -098.604
78242 +29.350 -098.607
78243 +29.371 -098.593
78244 +29.478 -098.351
78245 +29.393 -098.741
78247 +29.581 -098.409
78248 +29.590 -098.525
78249 +29.567 -098.616
78250 +29.503 -098.665
78251 +29.462 -098.677
78252 +29.336 -098.691
78253 +29.470 -098.788
78254 +29.531 -098.727
78255 +29.649 -098.666
78256 +29.622 -098.626
78257 +29.647 -098.581
78258 +29.634 -098.490
78259 +29.625 -098.422
78260 +29.699 -098.493
78261 +29.690 -098.402
78263 +29.329 -098.313
78264 +29.201 -098.509
78266 +29.650 -098.338
78330 +27.756 -097.926
78332 +27.724 -098.134
78336 +27.928 -097.171
78338 +26.856 -097.732
78339 +27.800 -097.796
78340 +28.121 -097.197
78341 +27.575 -098.471
78342 +27.660 -098.076
78343 +27.626 -097.766
78344 +27.560 -098.855
78347 +27.573 -097.486
78349 +27.373 -098.285
78351 +27.668 -097.753
78352 +27.982 -097.690
78353 +26.883 -098.241
78355 +27.189 -098.206
78357 +27.934 -098.567
78358 +28.068 -097.042
78359 +27.930 -097.301
78360 +26.861 -098.832
78361 +27.053 -098.748
78362 +27.854 -097.196
78363 +27.437 -097.854
78368 +28.114 -097.802
78369 +27.429 -099.086
78370 +27.935 -097.606
78371 +27.513 -099.074
78372 +28.010 -098.099
78373 +27.776 -097.130
78374 +27.885 -097.300
78375 +27.396 -098.171
78376 +27.367 -098.483
78377 +28.322 -097.162
78379 +27.307 -097.780
78380 +27.776 -097.742
78382 +28.113 -097.046
78383 +28.073 -097.944
78384 +27.735 -098.472
78385 +27.122 -097.836
78387 +28.081 -097.549
78389 +28.246 -097.651
78390 +28.008 -097.350
78391 +28.180 -097.708
78393 +28.185 -097.354
78401 +27.797 -097.399
78402 +27.852 -097.439
78404 +27.768 -097.399
78405 +27.774 -097.439
78406 +27.772 -097.515
78407 +27.808 -097.448
78408 +27.800 -097.444
78409 +27.828 -097.510
78410 +27.838 -097.593
78411 +27.729 -097.385
78412 +27.704 -097.345
78413 +27.686 -097.406
78414 +27.662 -097.372
78415 +27.659 -097.495
78416 +27.749 -097.438
78417 +27.738 -097.468
78418 +27.389 -097.329
78419 +27.697 -097.269
78501 +26.216 -098.240
78503 +26.162 -098.249
78504 +26.278 -098.237
78516 +26.145 -098.121
78520 +25.961 -097.549
78521 +25.944 -097.318
78526 +25.996 -097.451
78535 +26.250 -097.731
78536 +26.643 -098.444
78537 +26.173 -098.058
78538 +26.367 -097.974
78539 +26.281 -098.183
78540 +26.549 -097.992
78541 +26.452 -098.277
78542 +26.433 -098.090
78543 +26.301 -098.005
78545 +26.586 -099.135
78547 +26.304 -098.696
78548 +26.277 -098.655
78549 +26.489 -098.030
78550 +26.256 -097.663
78552 +26.194 -097.751
78557 +26.109 -098.253
78558 +26.293 -098.024
78559 +26.146 -097.826
78560 +26.265 -098.486
78561 +26.469 -097.916
78562 +26.284 -097.891
78563 +26.672 -098.255
78564 +26.671 -099.131
78565 +26.244 -098.561
78566 +26.137 -097.389
78567 +26.044 -097.738
78569 +26.379 -097.747
78570 +26.172 -097.911
78572 +26.201 -098.357
78573 +26.296 -098.300
78574 +26.311 -098.373
78575 +26.033 -097.550
78576 +26.317 -098.464
78577 +26.163 -098.194
78578 +26.044 -097.307
78579 +26.089 -097.946
78580 +26.501 -097.748
78582 +26.531 -098.740
78583 +26.286 -097.472
78584 +26.570 -098.992
78585 +26.484 -099.081
78586 +26.110 -097.645
78588 +26.740 -098.399
78589 +26.151 -098.159
78590 +26.502 -097.635
78591 +26.639 -098.552
78592 +26.062 -097.847
78593 +26.276 -097.824
78594 +26.346 -097.806
78595 +26.315 -098.540
78596 +26.097 -098.000
78597 +26.273 -097.276
78598 +26.542 -097.420
78599 +26.217 -097.988
78602 +30.133 -097.330
78605 +30.773 -098.045
78606 +30.086 -098.458
78607 +30.819 -098.488
78608 +30.931 -097.937
78609 +30.747 -098.451
78610 +30.079 -097.841
78611 +30.801 -098.283
78612 +30.094 -097.495
78613 +30.507 -097.819
78614 +29.410 -097.587
78615 +30.463 -097.393
78616 +29.927 -097.554
78617 +30.148 -097.604
78618 +30.488 -099.174
78619 +30.112 -098.031
78620 +30.226 -098.136
78621 +30.337 -097.360
78622 +29.783 -097.779
78623 +29.955 -098.217
78624 +30.292 -098.871
78626 +30.658 -097.618
78628 +30.665 -097.779
78629 +29.477 -097.449
78631 +30.340 -099.307
78632 +29.686 -097.471
78633 +30.735 -097.755
78634 +30.560 -097.544
78635 +30.202 -098.542
78636 +30.317 -098.425
78638 +29.660 -097.785
78639 +30.656 -098.456
78640 +29.995 -097.821
78641 +30.558 -097.914
78642 +30.696 -097.940
78643 +30.680 -098.715
78644 +29.873 -097.674
78645 +30.450 -097.972
78648 +29.694 -097.638
78650 +30.304 -097.219
78652 +30.135 -097.861
78653 +30.338 -097.521
78654 +30.572 -098.210
78655 +29.816 -097.835
78656 +29.905 -097.807
78657 +30.533 -098.378
78658 +29.596 -097.623
78659 +30.207 -097.125
78660 +30.440 -097.595
78661 +29.722 -097.759
78662 +29.945 -097.444
78663 +30.416 -098.312
78664 +30.505 -097.647
78665 +30.549 -097.636
78666 +29.882 -097.985
78669 +30.442 -098.123
78670 +29.765 -097.849
78671 +30.219 -098.630
78672 +30.882 -098.489
78674 +30.671 -097.598
78675 +30.435 -098.707
78676 +30.039 -098.160
78677 +29.348 -097.590
78681 +30.542 -097.717
78701 +30.271 -097.743
78702 +30.263 -097.714
78703 +30.293 -097.766
78704 +30.243 -097.765
78705 +30.295 -097.739
78712 +30.284 -097.733
78717 +30.490 -097.754
78719 +30.140 -097.673
78721 +30.271 -097.683
78722 +30.290 -097.715
78723 +30.304 -097.686
78724 +30.293 -097.618
78725 +30.230 -097.609
78726 +30.431 -097.840
78727 +30.429 -097.718
78728 +30.454 -097.687
78729 +30.457 -097.756
78730 +30.364 -097.840
78731 +30.348 -097.768
78732 +30.380 -097.892
78733 +30.321 -097.885
78734 +30.380 -097.948
78735 +30.269 -097.869
78736 +30.248 -097.950
78737 +30.177 -097.957
78738 +30.307 -097.989
78739 +30.176 -097.891
78741 +30.230 -097.714
78742 +30.242 -097.659
78744 +30.178 -097.725
78745 +30.207 -097.798
78746 +30.297 -097.810
78747 +30.125 -097.741
78748 +30.160 -097.823
78749 +30.216 -097.856
78750 +30.441 -097.787
78751 +30.311 -097.723
78752 +30.331 -097.704
78753 +30.384 -097.673
78754 +30.357 -097.639
78756 +30.322 -097.740
78757 +30.352 -097.733
78758 +30.388 -097.707
78759 +30.403 -097.761
78801 +29.363 -099.898
78802 +29.146 -099.921
78827 +28.431 -099.724
78828 +29.844 -100.009
78829 +28.891 -099.584
78830 +28.519 -099.477
78832 +29.410 -100.391
78833 +29.695 -099.972
78834 +28.545 -099.868
78836 +28.316 -099.634
78837 +29.931 -101.285
78838 +29.535 -099.707
78839 +28.714 -099.740
78840 +29.730 -100.926
78841 +29.843 -101.474
78842 +29.640 -101.005
78843 +29.344 -100.789
78850 +29.285 -099.329
78851 +30.216 -101.925
78852 +28.944 -100.227
78860 +28.401 -100.231
78861 +29.415 -099.156
78870 +29.274 -099.608
78871 +29.901 -101.620
78872 +28.907 -099.881
78873 +29.815 -099.727
78877 +28.953 -100.607
78879 +29.647 -099.711
78880 +29.951 -100.276
78881 +29.382 -099.496
78883 +29.674 -099.317
78884 +29.637 -099.507
78885 +29.835 -099.558
78886 +29.155 -099.186
78931 +30.038 -096.441
78932 +30.164 -096.718
78933 +29.801 -096.368
78934 +29.703 -096.567
78935 +29.695 -096.424
78938 +29.814 -096.708
78940 +29.940 -096.659
78941 +29.728 -097.158
78942 +30.155 -096.938
78943 +29.699 -096.596
78944 +30.001 -096.487
78945 +29.917 -096.889
78946 +30.188 -096.779
78947 +30.443 -097.064
78948 +30.321 -096.977
78949 +29.848 -097.080
78950 +29.905 -096.483
78951 +29.621 -096.837
78953 +29.844 -097.358
78954 +30.043 -096.699
78956 +29.686 -096.934
78957 +30.014 -097.182
78959 +29.701 -097.301
78962 +29.674 -096.734
78963 +29.917 -097.029
79001 +35.291 -102.805
79002 +35.204 -100.770
79003 +35.640 -100.083
79005 +36.386 -100.516
79007 +35.668 -101.412
79008 +35.698 -101.424
79009 +34.529 -102.883
79010 +35.452 -102.141
79011 +35.635 -100.207
79012 +35.117 -102.107
79013 +36.041 -101.996
79014 +35.924 -100.333
79015 +34.947 -101.901
79016 +34.983 -101.915
79018 +35.706 -102.344
79019 +34.980 -101.389
79021 +33.984 -101.993
79022 +36.098 -102.607
79024 +36.440 -100.369
79025 +34.949 -102.201
79027 +34.498 -102.338
79029 +35.902 -102.026
79031 +34.244 -102.450
79032 +34.288 -101.895
79033 +36.307 -100.977
79034 +36.380 -100.165
79035 +34.682 -102.782
79036 +35.593 -101.544
79039 +35.239 -101.133
79040 +36.296 -101.587
79041 +34.043 -101.932
79042 +34.741 -101.894
79043 +34.368 -102.135
79044 +35.863 -102.367
79045 +34.900 -102.515
79046 +36.139 -100.107
79051 +36.444 -102.224
79052 +34.358 -101.765
79053 +34.408 -102.579
79054 +35.430 -100.784
79056 +36.217 -100.221
79057 +35.198 -100.621
79058 +35.595 -101.951
79059 +35.799 -100.734
79061 +35.524 -100.452
79062 +35.989 -101.530
79063 +34.517 -102.115
79064 +34.181 -102.119
79065 +35.517 -100.900
79066 +35.499 -101.034
79068 +35.328 -101.444
79070 +36.237 -100.787
79072 +34.172 -101.745
79073 +33.956 -101.949
79078 +35.699 -101.550
79079 +35.207 -100.249
79080 +35.702 -101.213
79081 +36.219 -101.205
79082 +34.219 -102.286
79083 +35.870 -101.512
79084 +36.260 -102.027
79085 +34.740 -102.509
79086 +36.125 -101.784
79087 +36.321 -102.917
79088 +34.575 -101.692
79091 +34.871 -102.100
79092 +35.314 -102.510
79093 +36.266 -101.030
79094 +34.840 -101.510
79095 +34.884 -100.196
79096 +35.458 -100.200
79097 +35.431 -101.174
79098 +35.152 -102.216
79101 +35.206 -101.840
79102 +35.201 -101.849
79103 +35.182 -101.800
79104 +35.201 -101.790
79106 +35.203 -101.892
79107 +35.232 -101.794
79108 +35.301 -101.676
79109 +35.166 -101.886
79110 +35.151 -101.870
79111 +35.220 -101.708
79118 +35.106 -101.740
79119 +35.109 -102.018
79121 +35.174 -101.929
79124 +35.259 -102.047
79201 +34.405 -100.341
79220 +33.767 -100.764
79223 +34.232 -100.481
79225 +34.250 -099.507
79226 +34.918 -100.997
79227 +33.872 -099.747
79229 +33.667 -100.744
79230 +34.710 -100.054
79231 +33.942 -101.066
79233 +34.498 -100.494
79234 +34.217 -100.926
79235 +33.942 -101.263
79236 +33.603 -100.300
79237 +34.858 -100.673
79239 +34.656 -100.764
79240 +34.884 -100.761
79241 +34.180 -101.388
79243 +33.768 -101.025
79244 +34.058 -100.793
79245 +34.681 -100.476
79247 +34.397 -099.381
79248 +33.943 -100.224
79250 +33.894 -101.599
79251 +34.943 -100.452
79252 +34.307 -099.797
79255 +34.350 -101.051
79256 +33.882 -100.831
79257 +34.447 -101.299
79258 +34.243 -101.296
79259 +34.358 -100.454
79261 +34.450 -100.873
79311 +33.858 -101.882
79312 +34.023 -102.307
79313 +33.813 -102.161
79314 +33.630 -103.030
79316 +33.134 -102.305
79322 +33.661 -101.209
79323 +32.933 -102.905
79324 +33.888 -102.735
79325 +34.414 -102.934
79326 +34.099 -102.214
79329 +33.716 -101.692
79330 +33.018 -101.262
79331 +32.671 -101.973
79336 +33.600 -102.400
79339 +33.887 -102.355
79342 +32.903 -102.332
79343 +33.646 -101.553
79344 +33.857 -103.014
79345 +33.338 -102.331
79346 +33.645 -102.826
79347 +34.186 -102.798
79350 +33.731 -101.826
79351 +32.938 -101.777
79353 +33.784 -102.591
79355 +33.166 -102.895
79356 +33.285 -101.342
79357 +33.646 -101.406
79358 +33.422 -102.191
79359 +32.924 -102.544
79360 +32.690 -102.724
79363 +33.708 -102.045
79364 +33.445 -101.632
79366 +33.530 -101.685
79367 +33.589 -102.168
79369 +33.943 -102.159
79370 +33.445 -100.930
79371 +33.980 -102.697
79372 +33.425 -102.501
79373 +33.159 -101.839
79376 +33.248 -102.637
79377 +32.930 -102.134
79378 +33.028 -102.447
79379 +33.495 -102.653
79380 +33.739 -102.328
79381 +33.313 -101.771
79382 +33.469 -102.018
79383 +33.324 -101.908
79401 +33.587 -101.852
79402 +33.581 -101.842
79403 +33.644 -101.758
79404 +33.528 -101.794
79406 +33.586 -101.878
79407 +33.561 -102.086
79410 +33.570 -101.891
79411 +33.570 -101.858
79412 +33.546 -101.857
79413 +33.546 -101.890
79414 +33.548 -101.920
79415 +33.701 -101.897
79416 +33.600 -101.983
79423 +33.440 -101.855
79424 +33.465 -101.935
79501 +32.741 -099.890
79502 +33.182 -100.264
79503 +32.887 -099.696
79504 +32.310 -099.354
79505 +33.560 -099.844
79506 +32.117 -100.330
79508 +32.270 -099.830
79510 +32.266 -099.519
79511 +32.434 -101.269
79512 +32.323 -100.932
79517 +32.880 -101.247
79518 +33.308 -100.746
79519 +32.044 -099.700
79520 +32.877 -100.128
79521 +33.120 -099.632
79525 +32.660 -099.827
79526 +32.650 -100.756
79527 +32.595 -101.099
79528 +33.165 -100.578
79529 +33.435 -099.829
79530 +32.104 -099.780
79532 +32.408 -100.714
79533 +32.849 -099.547
79534 +32.753 -100.225
79535 +32.223 -100.480
79536 +32.474 -100.025
79537 +32.276 -100.220
79538 +31.976 -099.702
79539 +33.360 -099.889
79540 +33.151 -100.071
79541 +32.148 -099.810
79543 +32.721 -100.380
79544 +33.293 -099.858
79545 +32.415 -100.574
79546 +32.880 -100.488
79547 +33.198 -099.905
79548 +33.071 -099.913
79549 +32.899 -100.932
79553 +32.941 -099.851
79556 +32.485 -100.392
79560 +32.665 -100.213
79561 +32.513 -100.177
79562 +32.236 -099.866
79563 +32.416 -099.906
79565 +32.379 -101.103
79566 +32.157 -100.112
79567 +31.989 -099.977
79601 +32.573 -099.642
79602 +32.336 -099.667
79603 +32.334 -099.928
79605 +32.435 -099.782
79606 +32.363 -099.817
79607 +32.423 -099.839
79699 +32.462 -099.715
79701 +31.992 -102.081
79703 +31.980 -102.132
79705 +32.104 -102.060
79706 +31.847 -101.969
79707 +32.037 -102.195
79713 +32.496 -101.748
79714 +32.312 -102.640
79718 +30.994 -103.735
79719 +31.461 -103.404
79720 +32.200 -101.505
79721 +32.225 -101.527
79730 +31.193 -103.052
79731 +31.436 -102.582
79733 +32.110 -101.367
79734 +30.682 -103.981
79735 +30.786 -102.851
79738 +32.752 -101.475
79739 +31.769 -101.506
79741 +32.008 -102.648
79742 +31.360 -102.853
79743 +31.237 -102.789
79744 +30.891 -101.913
79745 +31.833 -103.055
79748 +32.390 -101.664
79749 +32.255 -101.834
79752 +31.113 -102.191
79754 +31.820 -103.488
79755 +31.525 -101.998
79756 +31.535 -102.877
79758 +32.013 -102.327
79759 +31.799 -102.633
79761 +31.856 -102.348
79762 +31.925 -102.358
79763 +31.813 -102.455
79764 +31.877 -102.473
79765 +31.897 -102.263
79766 +31.716 -102.376
79769 +31.683 -102.625
79770 +31.855 -103.912
79772 +31.400 -103.584
79776 +31.775 -102.556
79777 +31.485 -103.161
79778 +31.259 -101.974
79780 +31.039 -103.658
79781 +30.615 -101.766
79782 +32.189 -101.883
79783 +32.332 -102.050
79785 +31.321 -103.940
79788 +31.603 -102.984
79789 +31.775 -103.270
79821 +31.977 -106.599
79830 +30.212 -103.627
79832 +30.363 -103.649
79834 +29.183 -103.262
79835 +31.936 -106.596
79836 +31.570 -106.212
79837 +32.095 -105.162
79838 +31.486 -106.161
79839 +31.421 -105.642
79842 +30.013 -103.028
79843 +29.870 -104.412
79845 +29.653 -104.397
79846 +29.388 -103.990
79847 +31.747 -105.175
79848 +30.120 -102.398
79849 +31.567 -106.258
79851 +31.280 -105.258
79852 +29.365 -103.615
79853 +31.434 -106.063
79854 +30.625 -104.610
79855 +30.931 -104.861
79901 +31.759 -106.480
79902 +31.785 -106.497
79903 +31.786 -106.442
79904 +31.849 -106.465
79905 +31.766 -106.426
79906 +31.809 -106.420
79907 +31.707 -106.327
79908 +31.833 -106.365
79911 +31.936 -106.536
79912 +31.849 -106.534
79915 +31.746 -106.371
79916 +31.867 -106.387
79918 +31.847 -106.369
79920 +31.823 -106.460
79922 +31.810 -106.556
79924 +31.902 -106.414
79925 +31.805 -106.369
79927 +31.645 -106.275
79928 +31.679 -106.115
79930 +31.810 -106.469
79932 +31.875 -106.608
79934 +31.951 -106.434
79935 +31.768 -106.330
79936 +31.774 -106.295
79938 +31.846 -106.020
80002 +39.794 -105.108
80003 +39.825 -105.064
80004 +39.814 -105.122
80005 +39.852 -105.131
80007 +39.867 -105.198
80010 +39.739 -104.862
80011 +39.744 -104.790
80012 +39.700 -104.838
80013 +39.661 -104.766
80014 +39.664 -104.838
80015 +39.628 -104.793
80016 +39.593 -104.722
80017 +39.699 -104.775
80018 +39.702 -104.687
80019 +39.779 -104.685
80020 +39.931 -105.074
80021 +39.891 -105.114
80022 +39.861 -104.789
80023 +39.976 -105.009
80024 +39.844 -104.918
80025 +39.926 -105.299
80026 +40.012 -105.100
80027 +39.952 -105.158
80030 +39.831 -105.037
80031 +39.874 -105.039
80033 +39.773 -105.105
80045 +39.747 -104.837
80101 +39.407 -103.944
80102 +39.734 -104.439
80103 +39.791 -104.094
80104 +39.302 -104.820
80105 +39.637 -103.966
80106 +39.186 -104.516
80107 +39.412 -104.572
80108 +39.444 -104.853
80109 +39.372 -104.912
80110 +39.646 -105.011
80111 +39.612 -104.883
80112 +39.573 -104.865
80113 +39.644 -104.965
80116 +39.320 -104.710
80117 +39.396 -104.390
80118 +39.190 -104.882
80120 +39.594 -105.011
80121 +39.610 -104.954
80122 +39.580 -104.955
80123 +39.616 -105.069
80124 +39.533 -104.891
80125 +39.485 -105.063
80126 +39.542 -104.963
80127 +39.531 -105.164
80128 +39.561 -105.080
80129 +39.547 -105.012
80130 +39.528 -104.924
80131 +39.476 -105.009
80132 +39.087 -104.858
80133 +39.113 -104.900
80134 +39.483 -104.780
80135 +39.255 -105.157
80136 +39.792 -104.280
80137 +39.712 -104.594
80138 +39.518 -104.671
80202 +39.752 -104.998
80203 +39.731 -104.983
80204 +39.735 -105.021
80205 +39.759 -104.965
80206 +39.730 -104.953
80207 +39.761 -104.917
80209 +39.707 -104.966
80210 +39.677 -104.962
80211 +39.767 -105.020
80212 +39.772 -105.048
80214 +39.743 -105.069
80215 +39.745 -105.116
80216 +39.788 -104.961
80218 +39.731 -104.971
80219 +39.695 -105.036
80220 +39.734 -104.916
80221 +39.816 -105.012
80222 +39.671 -104.928
80223 +39.696 -105.004
80224 +39.688 -104.912
80226 +39.710 -105.092
80227 +39.665 -105.102
80228 +39.695 -105.173
80229 +39.854 -104.958
80230 +39.720 -104.889
80231 +39.671 -104.888
80232 +39.688 -105.089
80233 +39.898 -104.944
80234 +39.910 -105.003
80235 +39.648 -105.089
80236 +39.652 -105.040
80237 +39.640 -104.902
80238 +39.777 -104.880
80239 +39.789 -104.834
80241 +39.929 -104.954
80246 +39.705 -104.931
80247 +39.698 -104.879
80249 +39.855 -104.696
80260 +39.867 -105.001
80264 +39.742 -104.985
80266 +39.790 -104.900
80290 +39.744 -104.987
80293 +39.746 -104.990
80294 +39.750 -104.990
80301 +40.046 -105.201
80302 +40.025 -105.349
80303 +39.973 -105.209
80304 +40.045 -105.288
80305 +39.977 -105.249
80310 +40.004 -105.261
80401 +39.719 -105.235
80403 +39.829 -105.317
80419 +39.728 -105.202
80420 +39.324 -106.116
80421 +39.461 -105.501
80422 +39.862 -105.540
80423 +39.846 -106.555
80424 +39.473 -106.004
80425 +39.350 -105.206
80426 +39.875 -106.991
80427 +39.794 -105.524
80428 +40.844 -106.925
80430 +40.519 -106.416
80432 +39.230 -105.838
80433 +39.498 -105.303
80434 +40.903 -106.285
80435 +39.574 -105.935
80436 +39.781 -105.640
80438 +39.744 -105.796
80439 +39.634 -105.440
80440 +39.132 -106.055
80442 +39.925 -105.888
80443 +39.503 -106.174
80444 +39.632 -105.735
80446 +40.164 -105.935
80447 +40.296 -105.822
80448 +39.477 -105.834
80449 +38.930 -105.790
80451 +40.040 -106.045
80452 +39.712 -105.597
80453 +39.665 -105.243
80454 +39.630 -105.247
80455 +40.095 -105.398
80456 +39.310 -105.689
80457 +39.651 -105.300
80459 +40.155 -106.414
80461 +39.242 -106.288
80463 +39.982 -106.758
80465 +39.609 -105.206
80466 +39.988 -105.544
80467 +40.208 -106.826
80468 +39.915 -106.111
80469 +40.214 -106.968
80470 +39.380 -105.324
80471 +39.935 -105.421
80473 +40.449 -106.160
80474 +39.923 -105.569
80475 +39.411 -105.608
80476 +39.671 -105.834
80478 +40.022 -105.857
80479 +39.993 -106.847
80480 +40.673 -106.342
80481 +40.101 -105.577
80482 +39.902 -105.786
80483 +40.092 -106.936
80487 +40.581 -106.886
80498 +39.747 -106.271
80501 +40.165 -105.102
80503 +40.169 -105.210
80504 +40.166 -105.029
80510 +40.212 -105.607
80512 +40.631 -105.574
80513 +40.299 -105.119
80514 +40.071 -104.955
80515 +40.462 -105.382
80516 +40.053 -105.021
80517 +40.398 -105.615
80520 +40.114 -104.933
80521 +40.593 -105.127
80524 +40.647 -105.030
80525 +40.527 -105.041
80526 +40.522 -105.129
80528 +40.499 -105.005
80530 +40.102 -104.923
80532 +40.484 -105.466
80534 +40.332 -104.937
80535 +40.736 -105.191
80536 +40.879 -105.381
80537 +40.383 -105.200
80538 +40.545 -105.245
80540 +40.225 -105.400
80542 +40.234 -104.999
80543 +40.350 -104.857
80544 +40.103 -105.171
80545 +40.842 -105.703
80546 +40.527 -104.850
80547 +40.527 -104.965
80549 +40.858 -105.044
80550 +40.489 -104.900
80601 +39.962 -104.808
80602 +39.966 -104.909
80603 +39.951 -104.660
80610 +40.674 -104.591
80611 +40.625 -104.249
80612 +40.879 -104.824
80615 +40.546 -104.646
80620 +40.376 -104.714
80621 +40.107 -104.801
80622 +40.539 -104.442
80623 +40.285 -104.783
80624 +40.435 -104.423
80631 +40.445 -104.679
80634 +40.401 -104.792
80640 +39.888 -104.881
80642 +40.051 -104.612
80643 +40.113 -104.489
80644 +40.335 -104.430
80645 +40.283 -104.649
80646 +40.475 -104.698
80648 +40.763 -104.731
80649 +40.401 -104.186
80650 +40.649 -104.781
80651 +40.240 -104.815
80652 +40.139 -104.275
80653 +40.446 -103.978
80654 +40.136 -104.082
80701 +40.125 -103.818
80705 +40.271 -103.834
80720 +40.073 -103.187
80721 +40.688 -102.153
80722 +40.476 -103.200
80723 +40.194 -103.543
80726 +40.923 -102.777
80727 +40.024 -102.511
80728 +40.640 -102.873
80729 +40.876 -104.227
80731 +40.588 -102.598
80732 +40.988 -104.305
80733 +40.357 -103.475
80734 +40.520 -102.292
80735 +39.710 -102.244
80736 +40.812 -103.027
80737 +40.895 -102.199
80740 +39.744 -103.385
80741 +40.567 -103.477
80742 +40.756 -103.835
80743 +40.215 -102.956
80744 +40.874 -102.392
80745 +40.895 -103.413
80746 +40.607 -102.457
80747 +40.934 -103.181
80749 +40.867 -102.547
80750 +40.415 -103.605
80751 +40.652 -103.241
80754 +40.665 -103.636
80755 +39.897 -102.346
80757 +39.791 -103.583
80758 +40.139 -102.193
80759 +40.111 -102.691
80801 +39.732 -103.101
80802 +38.828 -102.150
80804 +39.347 -103.248
80805 +39.297 -102.437
80807 +39.321 -102.223
80808 +39.008 -104.304
80809 +38.852 -105.009
80810 +38.822 -102.429
80812 +39.633 -102.831
80813 +38.754 -105.120
80814 +38.945 -105.190
80815 +39.389 -103.099
80816 +38.858 -105.316
80817 +38.588 -104.678
80818 +39.422 -103.465
80819 +38.947 -104.998
80820 +38.777 -105.567
80821 +39.000 -103.447
80822 +39.678 -102.679
80823 +38.663 -103.419
80824 +39.672 -102.500
80825 +38.833 -102.828
80826 +39.219 -103.691
80827 +39.056 -105.467
80828 +39.264 -103.705
80829 +38.829 -104.933
80830 +39.114 -103.913
80831 +38.981 -104.500
80832 +38.897 -103.767
80833 +38.763 -103.965
80834 +39.297 -102.881
80835 +39.219 -104.023
80836 +39.303 -102.583
80840 +39.000 -104.864
80860 +38.700 -105.097
80861 +39.324 -102.771
80862 +38.922 -103.058
80863 +39.033 -105.054
80864 +38.699 -104.188
80902 +38.684 -104.822
80903 +38.833 -104.814
80904 +38.863 -104.870
80905 +38.819 -104.838
80906 +38.753 -104.878
80907 +38.879 -104.821
80908 +39.048 -104.691
80909 +38.853 -104.774
80910 +38.812 -104.775
80911 +38.753 -104.720
80913 +38.687 -104.749
80914 +38.824 -104.705
80915 +38.850 -104.717
80916 +38.802 -104.709
80917 +38.887 -104.740
80918 +38.910 -104.780
80919 +38.928 -104.880
80920 +38.956 -104.772
80921 +39.061 -104.819
80922 +38.890 -104.701
80923 +38.927 -104.714
80924 +38.967 -104.723
80925 +38.770 -104.644
80926 +38.635 -104.903
80927 +38.928 -104.659
80928 +38.630 -104.402
80929 +38.825 -104.608
80930 +38.805 -104.506
80938 +38.907 -104.657
80939 +38.873 -104.676
80951 +38.879 -104.658
81001 +38.295 -104.537
81003 +38.278 -104.656
81004 +38.044 -104.714
81005 +38.212 -104.832
81006 +38.240 -104.478
81007 +38.386 -104.796
81008 +38.406 -104.579
81019 +37.942 -104.836
81020 +37.465 -104.610
81021 +38.419 -103.376
81022 +38.025 -104.435
81023 +38.066 -104.926
81024 +37.229 -104.712
81025 +38.455 -104.355
81027 +37.247 -103.723
81029 +37.083 -102.509
81030 +38.105 -103.511
81033 +38.196 -103.856
81036 +38.415 -102.793
81039 +37.939 -104.085
81040 +37.783 -105.227
81041 +37.852 -102.398
81043 +38.120 -102.223
81044 +37.860 -102.948
81045 +38.565 -103.154
81046 +37.296 -104.369
81047 +38.010 -102.191
81049 +37.304 -103.390
81050 +37.856 -103.472
81052 +37.974 -102.639
81054 +37.912 -103.190
81055 +37.384 -105.119
81057 +38.123 -102.902
81058 +38.109 -103.887
81059 +37.563 -104.001
81062 +38.297 -103.964
81063 +38.431 -103.771
81064 +37.225 -102.999
81067 +38.016 -103.725
81069 +37.892 -104.889
81071 +38.433 -102.261
81073 +37.425 -102.705
81076 +38.343 -103.602
81077 +38.019 -103.613
81081 +37.065 -104.156
81082 +37.185 -104.414
81084 +37.564 -102.428
81087 +37.392 -102.413
81089 +37.630 -104.675
81090 +37.366 -102.230
81091 +37.149 -104.965
81092 +38.215 -102.908
81101 +37.469 -105.853
81120 +37.195 -106.349
81121 +37.017 -107.420
81122 +37.302 -107.537
81123 +37.411 -105.566
81124 +37.285 -106.107
81125 +37.819 -106.070
81126 +37.161 -105.347
81128 +37.080 -106.621
81129 +37.105 -106.022
81130 +37.702 -107.097
81131 +37.865 -105.679
81132 +37.714 -106.416
81133 +37.450 -105.328
81136 +37.720 -105.813
81137 +37.052 -107.614
81138 +37.023 -105.627
81140 +37.299 -106.161
81141 +37.161 -105.894
81143 +38.158 -105.850
81144 +37.554 -106.139
81146 +37.646 -105.668
81147 +37.287 -107.085
81148 +37.172 -105.985
81149 +38.100 -106.346
81151 +37.239 -105.712
81152 +37.135 -105.396
81154 +37.634 -106.668
81155 +38.286 -106.066
81201 +38.555 -106.107
81210 +38.809 -106.678
81211 +38.973 -106.381
81212 +38.542 -105.423
81220 +38.298 -107.478
81221 +38.362 -105.142
81222 +38.355 -105.816
81223 +38.365 -105.613
81224 +38.880 -106.933
81225 +38.962 -107.016
81226 +38.338 -105.089
81227 +38.549 -106.290
81228 +39.032 -106.277
81230 +38.395 -106.954
81232 +38.275 -105.609
81233 +38.492 -105.814
81235 +37.965 -107.405
81236 +38.676 -106.264
81237 +38.616 -106.621
81239 +38.537 -106.608
81240 +38.500 -105.034
81241 +38.638 -106.491
81242 +38.472 -106.073
81243 +38.266 -107.192
81244 +38.364 -105.165
81248 +38.419 -106.500
81251 +39.143 -106.438
81252 +38.111 -105.428
81253 +38.169 -105.066
81301 +37.529 -107.822
81303 +37.124 -107.855
81320 +37.720 -108.735
81321 +37.313 -108.735
81323 +37.703 -108.127
81324 +37.642 -109.010
81325 +37.919 -108.713
81326 +37.146 -108.117
81327 +37.517 -108.656
81328 +37.271 -108.330
81330 +37.235 -108.478
81331 +37.446 -108.907
81332 +37.700 -107.991
81334 +37.146 -108.613
81335 +37.544 -108.720
81401 +38.515 -107.766
81403 +38.315 -107.928
81410 +38.810 -107.976
81411 +38.252 -108.979
81413 +38.976 -107.899
81415 +38.626 -107.628
81416 +38.640 -108.255
81418 +38.899 -108.058
81419 +38.883 -107.748
81422 +38.320 -108.708
81423 +38.009 -108.427
81424 +38.345 -108.502
81425 +38.458 -108.119
81426 +37.866 -107.821
81427 +38.026 -107.610
81428 +38.963 -107.600
81429 +38.379 -108.883
81430 +38.054 -108.067
81431 +38.144 -108.514
81432 +38.130 -107.745
81433 +37.722 -107.579
81434 +38.982 -107.431
81435 +37.869 -107.925
81501 +39.072 -108.546
81503 +39.034 -108.487
81504 +39.120 -108.489
81505 +39.214 -108.588
81506 +39.125 -108.559
81507 +39.010 -108.652
81520 +39.111 -108.434
81521 +39.157 -108.879
81522 +38.685 -108.921
81523 +38.925 -108.889
81524 +39.291 -108.733
81525 +39.260 -108.967
81526 +39.083 -108.346
81527 +38.798 -108.470
81601 +39.588 -107.339
81610 +40.289 -108.843
81611 +39.158 -106.669
81612 +39.051 -106.845
81615 +39.213 -106.943
81620 +39.613 -106.503
81621 +39.378 -106.876
81623 +39.246 -107.163
81624 +39.159 -107.745
81625 +40.705 -107.736
81630 +39.458 -108.564
81631 +39.626 -106.771
81632 +39.623 -106.607
81633 +40.387 -108.469
81635 +39.535 -108.067
81637 +39.778 -107.106
81638 +40.300 -107.643
81639 +40.565 -107.247
81640 +40.668 -108.514
81641 +40.109 -107.818
81642 +39.313 -106.568
81643 +39.124 -108.149
81645 +39.456 -106.458
81646 +39.104 -108.005
81647 +39.579 -107.533
81648 +39.904 -108.792
81649 +39.484 -106.292
81650 +39.751 -108.114
81652 +39.466 -107.673
81653 +40.896 -107.242
81654 +39.206 -107.046
81655 +39.753 -106.686
81656 +39.279 -106.787
81657 +39.649 -106.326
82001 +41.100 -104.925
82005 +41.146 -104.868
82007 +41.084 -104.683
82009 +41.383 -104.853
82050 +41.447 -104.266
82051 +41.603 -105.649
82052 +41.120 -105.347
82053 +41.241 -104.340
82054 +41.064 -104.361
82055 +41.371 -106.256
82058 +42.153 -105.609
82059 +41.053 -105.179
82060 +41.288 -104.498
82061 +41.492 -105.143
82063 +40.770 -105.971
82070 +41.220 -105.844
82072 +41.427 -105.550
82073 +41.175 -105.438
82081 +41.534 -104.481
82082 +41.265 -104.090
82083 +41.725 -105.991
82084 +41.051 -105.516
82190 +44.520 -110.649
82201 +42.002 -105.130
82210 +41.712 -104.758
82212 +42.261 -104.536
82213 +42.495 -105.004
82214 +42.264 -104.751
82215 +42.467 -104.701
82217 +41.760 -104.140
82218 +41.936 -104.140
82219 +42.478 -104.483
82221 +41.638 -104.328
82222 +43.168 -104.647
82223 +42.124 -104.390
82224 +42.816 -104.920
82225 +42.961 -104.319
82227 +42.718 -104.731
82229 +42.878 -104.986
82240 +42.159 -104.132
82242 +42.647 -104.136
82243 +41.992 -104.410
82244 +41.898 -104.439
82301 +41.983 -107.479
82310 +42.446 -107.878
82321 +41.093 -107.654
82322 +42.246 -107.548
82323 +41.030 -107.521
82324 +41.661 -106.430
82325 +41.152 -106.785
82327 +42.142 -106.630
82329 +42.043 -106.106
82331 +41.400 -106.819
82332 +41.064 -107.302
82334 +41.954 -106.977
82335 +41.762 -106.826
82336 +41.698 -108.208
82401 +44.011 -108.170
82410 +44.352 -108.155
82411 +44.450 -108.477
82412 +44.790 -108.553
82414 +44.404 -109.607
82420 +44.919 -108.465
82421 +44.887 -108.602
82422 +44.498 -108.379
82423 +44.987 -108.588
82426 +44.517 -108.036
82428 +44.299 -107.590
82430 +43.804 -108.179
82431 +44.872 -108.158
82432 +44.215 -107.848
82433 +44.062 -109.105
82434 +44.346 -108.295
82435 +44.820 -109.051
82440 +44.718 -108.868
82441 +44.552 -107.611
82442 +43.914 -107.333
82443 +43.717 -108.475
82450 +44.504 -109.434
82501 +43.028 -108.238
82510 +42.999 -108.609
82512 +43.030 -109.245
82513 +43.628 -109.629
82514 +43.067 -109.023
82515 +42.897 -108.567
82516 +43.213 -108.828
82520 +42.661 -108.638
82523 +43.411 -108.854
82601 +43.070 -106.342
82604 +42.915 -106.707
82609 +42.772 -106.186
82620 +42.539 -107.065
82630 +43.330 -107.307
82633 +43.022 -105.392
82635 +43.422 -106.218
82636 +42.829 -106.158
82637 +42.760 -105.857
82638 +43.059 -107.254
82639 +43.738 -106.696
82640 +43.565 -106.129
82642 +43.279 -107.661
82643 +43.422 -106.279
82644 +42.843 -106.374
82646 +42.978 -106.768
82648 +43.098 -106.916
82649 +43.279 -108.013
82701 +43.694 -104.459
82710 +44.693 -104.307
82711 +44.711 -104.481
82712 +44.526 -104.124
82714 +44.552 -104.680
82716 +44.535 -105.643
82718 +43.922 -105.609
82720 +44.796 -104.671
82721 +44.456 -104.898
82723 +43.992 -104.431
82725 +44.877 -105.703
82727 +44.335 -105.201
82729 +44.371 -104.360
82730 +44.045 -104.714
82731 +44.801 -105.224
82732 +43.724 -105.583
82801 +44.832 -106.896
82831 +44.669 -106.042
82832 +44.606 -106.764
82833 +44.605 -107.163
82834 +44.261 -106.731
82835 +44.756 -106.359
82836 +44.823 -107.609
82837 +44.727 -106.278
82838 +44.918 -107.463
82839 +44.961 -107.171
82842 +44.571 -106.940
82844 +44.806 -107.196
82845 +44.758 -106.731
82901 +41.379 -108.978
82922 +43.142 -110.457
82923 +42.615 -109.407
82925 +43.168 -109.784
82929 +41.549 -109.885
82930 +40.958 -110.607
82932 +42.124 -109.385
82933 +41.269 -110.498
82934 +41.613 -109.996
82935 +41.678 -109.660
82936 +41.054 -110.180
82937 +41.347 -110.265
82938 +41.094 -109.897
82939 +41.219 -110.346
82941 +42.934 -109.691
82942 +41.700 -108.765
82943 +41.702 -109.184
82944 +41.130 -110.496
82945 +41.720 -108.939
83001 +43.395 -110.630
83011 +43.590 -110.532
83012 +43.716 -110.807
83013 +44.049 -110.426
83014 +43.449 -110.967
83025 +43.594 -110.847
83101 +41.976 -110.547
83110 +42.726 -110.849
83111 +42.819 -111.011
83112 +42.875 -110.849
83113 +42.554 -110.268
83114 +42.100 -110.960
83115 +42.912 -110.239
83116 +41.759 -110.549
83118 +43.048 -110.928
83119 +42.644 -110.988
83120 +43.109 -111.139
83121 +41.850 -110.540
83122 +42.822 -110.958
83123 +42.237 -110.268
83124 +41.759 -110.316
83126 +42.581 -110.904
83127 +42.919 -110.998
83128 +43.040 -110.722
83201 +42.906 -112.374
83202 +42.968 -112.365
83203 +43.025 -112.428
83204 +42.805 -112.524
83209 +42.858 -112.426
83210 +43.020 -112.869
83211 +42.655 -113.076
83212 +42.506 -112.548
83213 +43.444 -113.364
83214 +42.540 -112.308
83215 +43.443 -112.812
83217 +42.769 -111.927
83218 +43.318 -112.165
83220 +42.345 -111.383
83221 +43.295 -112.513
83223 +42.183 -111.404
83226 +44.372 -114.009
83227 +44.159 -114.496
83228 +42.234 -112.060
83232 +42.135 -111.971
83233 +42.135 -111.238
83234 +42.423 -112.101
83235 +44.618 -114.053
83236 +43.191 -111.872
83237 +42.027 -111.779
83238 +42.381 -111.100
83239 +42.530 -111.358
83241 +42.515 -111.765
83243 +42.233 -112.665
83244 +43.902 -112.951
83245 +42.873 -112.185
83246 +42.606 -112.031
83250 +42.693 -112.213
83251 +43.945 -113.945
83252 +42.174 -112.407
83253 +44.536 -113.755
83254 +42.355 -111.240
83255 +43.712 -113.459
83261 +42.220 -111.405
83262 +43.217 -112.844
83263 +42.181 -111.753
83271 +42.442 -112.913
83272 +42.095 -111.382
83274 +43.349 -112.098
83276 +42.755 -111.436
83277 +43.075 -112.681
83278 +44.336 -114.814
83281 +42.309 -111.959
83283 +42.358 -111.668
83285 +43.072 -111.303
83286 +42.063 -112.016
83287 +42.022 -111.457
83301 +42.401 -114.525
83302 +42.064 -114.734
83311 +42.408 -113.561
83312 +42.113 -113.636
83313 +43.348 -114.199
83314 +42.972 -114.949
83316 +42.626 -114.883
83318 +42.439 -113.821
83320 +43.404 -113.889
83321 +42.346 -114.847
83322 +43.317 -114.967
83323 +42.475 -113.449
83324 +42.872 -114.262
83325 +42.590 -114.236
83327 +43.503 -114.772
83328 +42.570 -114.616
83330 +42.942 -114.694
83332 +42.798 -114.929
83333 +43.572 -114.241
83334 +42.421 -114.293
83335 +42.583 -114.074
83336 +42.565 -113.825
83337 +43.224 -115.152
83338 +42.729 -114.432
83340 +43.736 -114.582
83341 +42.436 -114.375
83342 +42.145 -113.245
83344 +42.411 -114.133
83346 +42.196 -113.903
83347 +42.655 -113.794
83348 +43.280 -114.126
83349 +43.111 -114.196
83350 +42.711 -113.602
83352 +43.051 -114.413
83353 +43.692 -114.325
83354 +43.670 -114.322
83355 +42.757 -114.722
83401 +43.542 -111.878
83402 +43.526 -112.182
83404 +43.427 -112.016
83406 +43.439 -111.934
83414 +43.861 -110.936
83420 +44.059 -111.325
83421 +44.002 -111.547
83422 +43.689 -111.301
83423 +44.284 -112.302
83424 +43.902 -111.198
83425 +43.932 -112.225
83427 +43.358 -111.754
83428 +43.393 -111.120
83429 +44.482 -111.375
83431 +43.688 -112.033
83433 +44.493 -111.318
83434 +43.756 -112.007
83435 +43.979 -112.586
83436 +43.867 -111.455
83438 +43.960 -111.759
83440 +43.809 -111.809
83442 +43.629 -111.834
83443 +43.531 -111.546
83444 +43.719 -112.302
83445 +44.038 -111.745
83446 +44.365 -112.213
83448 +43.850 -111.712
83449 +43.426 -111.357
83450 +43.845 -112.396
83451 +43.867 -111.633
83452 +43.770 -111.329
83454 +43.595 -111.957
83455 +43.605 -111.135
83460 +43.816 -111.783
83462 +45.301 -113.818
83463 +45.570 -113.975
83464 +44.481 -113.199
83465 +44.793 -113.672
83466 +45.418 -114.036
83467 +45.043 -113.857
83468 +44.922 -113.592
83469 +45.070 -114.408
83501 +46.252 -116.925
83520 +46.544 -116.326
83522 +45.913 -116.474
83523 +46.227 -116.468
83524 +46.352 -116.642
83525 +45.740 -115.393
83526 +46.148 -116.412
83530 +45.918 -116.022
83533 +46.116 -116.241
83535 +46.535 -116.736
83536 +46.213 -116.023
83537 +46.633 -116.529
83539 +46.257 -114.847
83540 +46.345 -116.783
83541 +46.496 -116.501
83542 +45.561 -116.325
83543 +46.273 -116.233
83544 +46.491 -116.153
83545 +46.426 -116.422
83546 +46.573 -115.792
83547 +45.308 -116.345
83548 +46.337 -116.508
83549 +45.362 -116.267
83552 +45.984 -115.923
83553 +46.393 -115.897
83554 +45.688 -116.269
83555 +46.077 -116.716
83602 +44.091 -116.146
83604 +42.747 -115.681
83605 +43.664 -116.652
83607 +43.710 -116.738
83610 +44.743 -116.774
83611 +45.344 -115.052
83612 +44.850 -116.534
83615 +44.706 -116.042
83616 +43.776 -116.395
83617 +43.937 -116.505
83619 +43.969 -116.912
83622 +44.101 -115.885
83623 +43.042 -115.400
83624 +42.925 -116.149
83626 +43.668 -116.825
83627 +42.914 -115.537
83628 +43.578 -116.965
83629 +43.912 -116.130
83631 +43.885 -115.777
83632 +44.527 -116.408
83633 +43.045 -115.199
83634 +43.446 -116.328
83636 +43.907 -116.660
83637 +44.104 -115.155
83638 +45.124 -115.715
83639 +43.400 -116.899
83641 +43.350 -116.636
83642 +43.574 -116.401
83643 +44.629 -116.456
83644 +43.747 -116.584
83645 +44.338 -116.576
83646 +43.650 -116.432
83647 +43.401 -115.523
83648 +43.049 -115.866
83650 +42.896 -116.664
83651 +43.586 -116.627
83654 +45.234 -116.245
83655 +43.951 -116.788
83656 +43.725 -116.795
83657 +44.236 -116.302
83660 +43.802 -116.928
83661 +44.106 -116.705
83666 +43.962 -115.974
83669 +43.725 -116.489
83670 +44.019 -116.313
83672 +44.374 -116.957
83676 +43.656 -116.908
83677 +45.040 -115.258
83686 +43.499 -116.604
83687 +43.610 -116.529
83702 +43.665 -116.144
83703 +43.664 -116.241
83704 +43.627 -116.288
83705 +43.555 -116.221
83706 +43.591 -116.194
83709 +43.548 -116.285
83712 +43.617 -116.093
83713 +43.639 -116.337
83714 +43.707 -116.277
83716 +43.876 -115.160
83720 +43.618 -116.200
83725 +43.605 -116.206
83801 +47.959 -116.646
83802 +47.278 -115.619
83803 +48.021 -116.373
83804 +48.045 -116.971
83805 +48.833 -116.499
83806 +46.878 -116.374
83808 +47.321 -116.064
83809 +48.062 -116.581
83810 +47.542 -116.451
83811 +48.111 -116.159
83812 +47.019 -116.284
83813 +48.115 -116.676
83814 +47.691 -116.655
83815 +47.726 -116.790
83821 +48.523 -116.847
83822 +48.171 -117.000
83823 +46.821 -116.541
83824 +47.109 -116.943
83825 +48.248 -116.608
83826 +48.984 -116.152
83827 +46.778 -116.174
83830 +47.079 -116.353
83832 +46.552 -116.910
83833 +47.525 -116.744
83834 +47.009 -116.727
83835 +47.797 -116.660
83836 +48.244 -116.192
83837 +47.529 -116.091
83839 +47.623 -116.181
83840 +48.313 -116.515
83841 +48.200 -116.770
83842 +47.445 -116.547
83843 +46.722 -116.940
83844 +46.729 -117.020
83845 +48.743 -116.096
83846 +47.485 -115.735
83847 +48.579 -116.430
83848 +48.723 -116.915
83849 +47.538 -115.992
83850 +47.444 -116.207
83851 +47.296 -116.900
83852 +48.318 -116.534
83854 +47.726 -116.976
83855 +46.995 -116.888
83856 +48.332 -116.899
83857 +46.887 -116.811
83858 +47.855 -116.904
83860 +48.181 -116.536
83861 +47.249 -116.587
83864 +48.435 -116.504
83866 +47.143 -116.440
83867 +47.506 -115.947
83868 +47.516 -116.183
83869 +47.982 -116.892
83870 +47.139 -116.854
83871 +46.742 -116.743
83872 +46.852 -116.973
83873 +47.583 -115.844
83874 +47.643 -115.805
83876 +47.456 -116.949
84001 +40.345 -110.273
84002 +40.431 -110.288
84003 +40.472 -111.681
84004 +40.489 -111.728
84005 +40.323 -111.999
84006 +40.597 -112.124
84007 +40.345 -110.203
84008 +40.033 -109.194
84009 +40.553 -112.018
84010 +40.873 -111.835
84013 +40.296 -112.094
84014 +40.937 -111.833
84015 +41.120 -112.061
84017 +40.956 -111.214
84018 +41.222 -111.448
84020 +40.498 -111.866
84021 +40.108 -110.534
84022 +40.350 -112.640
84023 +40.903 -109.217
84024 +41.008 -111.447
84025 +40.976 -111.899
84026 +40.294 -109.845
84027 +40.155 -110.778
84028 +41.937 -111.390
84029 +40.573 -112.953
84031 +40.650 -110.657
84032 +40.369 -111.187
84033 +40.980 -111.491
84034 +39.992 -113.879
84035 +40.409 -109.292
84036 +40.699 -111.020
84037 +41.022 -111.949
84038 +41.892 -111.264
84039 +40.440 -109.813
84040 +41.092 -111.897
84041 +41.070 -111.981
84042 +40.341 -111.725
84043 +40.412 -111.874
84044 +40.736 -112.121
84045 +40.292 -111.929
84046 +40.953 -109.796
84047 +40.615 -111.892
84049 +40.504 -111.513
84050 +41.024 -111.664
84051 +40.389 -110.427
84052 +40.167 -109.998
84053 +40.435 -109.987
84054 +40.839 -111.918
84055 +40.745 -111.149
84056 +41.129 -111.992
84057 +40.314 -111.709
84058 +40.275 -111.715
84059 +40.304 -111.749
84060 +40.644 -111.507
84061 +40.764 -111.319
84062 +40.384 -111.682
84063 +40.212 -109.694
84064 +41.683 -111.112
84065 +40.494 -111.944
84066 +40.346 -110.067
84067 +41.172 -112.048
84069 +40.365 -112.485
84070 +40.577 -111.889
84071 +40.354 -112.268
84072 +40.364 -110.633
84073 +40.346 -110.416
84074 +40.582 -112.304
84075 +41.057 -112.070
84076 +40.447 -109.840
84078 +40.466 -109.511
84080 +40.033 -112.452
84081 +40.603 -112.038
84082 +40.340 -111.362
84083 +40.818 -113.740
84084 +40.621 -111.966
84085 +40.579 -109.925
84086 +41.418 -111.201
84087 +40.889 -111.928
84088 +40.595 -111.961
84092 +40.552 -111.715
84093 +40.595 -111.829
84094 +40.572 -111.862
84095 +40.559 -111.942
84096 +40.487 -112.100
84097 +40.305 -111.673
84098 +40.747 -111.533
84101 +40.756 -111.900
84102 +40.760 -111.864
84103 +40.803 -111.847
84104 +40.749 -111.982
84105 +40.738 -111.860
84106 +40.707 -111.856
84107 +40.658 -111.885
84108 +40.809 -111.728
84109 +40.706 -111.705
84111 +40.756 -111.884
84112 +40.765 -111.841
84113 +40.763 -111.833
84114 +40.778 -111.888
84115 +40.715 -111.893
84116 +40.867 -112.025
84117 +40.662 -111.836
84118 +40.656 -112.038
84119 +40.700 -111.946
84120 +40.697 -112.002
84121 +40.617 -111.687
84123 +40.658 -111.922
84124 +40.678 -111.798
84128 +40.705 -112.043
84129 +40.654 -111.962
84138 +40.767 -111.887
84150 +40.772 -111.891
84180 +40.770 -111.901
84301 +41.614 -112.127
84302 +41.585 -112.052
84304 +41.822 -111.979
84305 +41.944 -112.064
84306 +41.785 -112.054
84307 +41.480 -112.537
84308 +41.966 -111.968
84309 +41.714 -112.099
84310 +41.335 -111.847
84311 +41.820 -112.111
84312 +41.777 -112.156
84313 +41.368 -113.682
84314 +41.649 -112.093
84315 +41.168 -112.138
84316 +41.779 -112.448
84317 +41.308 -111.620
84318 +41.802 -111.804
84319 +41.593 -111.660
84320 +41.953 -111.852
84321 +41.775 -111.713
84322 +41.758 -111.813
84324 +41.494 -111.941
84325 +41.737 -111.998
84326 +41.672 -111.818
84327 +41.866 -111.997
84328 +41.539 -111.844
84329 +41.804 -113.476
84330 +41.906 -112.170
84331 +41.944 -112.359
84332 +41.703 -111.812
84333 +41.910 -111.799
84334 +41.790 -112.152
84335 +41.824 -111.883
84336 +41.877 -112.858
84337 +41.691 -112.283
84338 +41.914 -111.936
84339 +41.625 -111.939
84340 +41.403 -112.179
84341 +41.771 -111.812
84401 +41.219 -112.033
84403 +41.215 -111.890
84404 +41.270 -112.118
84405 +41.150 -111.957
84408 +41.193 -111.939
84414 +41.327 -111.965
84501 +39.531 -110.811
84511 +37.527 -109.412
84512 +37.170 -109.566
84513 +39.258 -111.008
84515 +38.911 -109.352
84516 +39.128 -111.067
84518 +39.389 -110.877
84520 +39.531 -110.418
84521 +39.417 -110.762
84522 +38.860 -111.223
84523 +39.058 -111.220
84525 +39.073 -110.223
84526 +39.682 -110.965
84528 +39.402 -111.076
84529 +39.712 -110.773
84530 +38.244 -109.404
84531 +37.060 -109.833
84532 +38.518 -109.385
84533 +37.405 -110.537
84534 +37.216 -109.266
84535 +37.850 -109.296
84536 +37.130 -110.219
84537 +39.300 -111.173
84539 +39.576 -110.401
84540 +39.217 -109.520
84542 +39.743 -110.488
84601 +40.227 -111.696
84602 +40.254 -111.650
84604 +40.319 -111.577
84606 +40.215 -111.626
84620 +38.922 -111.924
84621 +39.051 -111.835
84622 +39.098 -111.814
84623 +39.454 -111.588
84624 +39.383 -112.594
84626 +39.936 -111.985
84627 +39.355 -111.586
84628 +39.936 -112.134
84629 +39.766 -111.453
84630 +39.311 -111.834
84631 +38.998 -112.397
84632 +39.645 -111.647
84633 +39.940 -111.891
84634 +39.178 -111.834
84635 +39.391 -112.722
84636 +39.140 -112.339
84637 +38.722 -112.487
84638 +39.502 -112.258
84639 +39.507 -111.900
84640 +39.465 -112.392
84642 +39.257 -111.552
84643 +39.129 -111.685
84644 +38.849 -112.332
84645 +39.861 -111.840
84646 +39.541 -111.609
84647 +39.527 -111.407
84648 +39.687 -111.868
84649 +39.347 -112.330
84651 +39.958 -111.694
84652 +39.017 -111.876
84653 +40.048 -111.668
84654 +38.864 -111.679
84655 +39.971 -111.807
84656 +39.235 -112.109
84657 +38.819 -111.939
84660 +40.041 -111.419
84662 +39.440 -111.486
84663 +40.193 -111.489
84664 +40.126 -111.577
84665 +39.192 -111.616
84667 +39.500 -111.665
84701 +38.591 -111.800
84710 +37.469 -112.511
84711 +38.726 -112.049
84712 +38.137 -111.976
84713 +38.333 -112.517
84714 +37.838 -113.766
84715 +38.332 -111.603
84716 +37.944 -111.442
84718 +37.580 -112.083
84719 +37.661 -112.781
84720 +37.593 -113.292
84721 +37.769 -113.134
84722 +37.485 -113.556
84723 +38.175 -112.249
84724 +38.674 -112.150
84725 +37.540 -113.780
84726 +37.753 -111.580
84728 +39.333 -113.912
84729 +37.383 -112.660
84730 +38.736 -112.019
84731 +38.186 -112.763
84732 +38.445 -111.904
84733 +37.297 -113.806
84734 +38.363 -110.577
84735 +37.645 -112.450
84736 +37.663 -111.788
84737 +37.029 -113.246
84738 +37.216 -113.699
84739 +38.642 -112.223
84740 +38.284 -112.264
84741 +37.188 -112.249
84742 +37.518 -113.159
84743 +38.208 -112.186
84744 +38.626 -111.919
84745 +37.208 -113.263
84746 +37.239 -113.351
84747 +38.446 -111.638
84749 +38.354 -111.499
84750 +38.439 -112.192
84751 +38.370 -112.921
84752 +38.251 -112.887
84753 +37.965 -113.858
84754 +38.611 -112.117
84755 +37.227 -112.785
84756 +37.742 -113.548
84757 +37.465 -113.269
84758 +37.327 -112.781
84759 +37.926 -112.390
84760 +37.950 -112.662
84761 +37.852 -112.866
84762 +37.497 -112.737
84763 +37.147 -113.070
84764 +37.785 -111.932
84765 +37.338 -114.018
84766 +38.599 -112.346
84767 +37.201 -112.986
84770 +37.138 -113.630
84772 +37.793 -112.948
84773 +38.251 -111.470
84774 +37.243 -113.281
84775 +38.290 -111.033
84776 +37.630 -112.082
84779 +37.335 -113.122
84780 +37.133 -113.474
84781 +37.397 -113.475
84782 +37.380 -113.668
84783 +37.264 -113.683
84784 +37.019 -112.969
84790 +37.046 -113.557
85003 +33.451 -112.078
85004 +33.452 -112.070
85006 +33.465 -112.049
85007 +33.447 -112.090
85008 +33.464 -111.988
85009 +33.445 -112.129
85012 +33.508 -112.071
85013 +33.511 -112.085
85014 +33.507 -112.058
85015 +33.509 -112.102
85016 +33.510 -112.032
85017 +33.509 -112.123
85018 +33.520 -111.994
85019 +33.512 -112.143
85020 +33.566 -112.056
85021 +33.561 -112.095
85022 +33.627 -112.049
85023 +33.634 -112.093
85024 +33.690 -112.045
85026 +33.449 -111.974
85027 +33.677 -112.102
85028 +33.582 -112.008
85029 +33.595 -112.110
85031 +33.494 -112.167
85032 +33.626 -112.003
85033 +33.494 -112.214
85034 +33.430 -112.015
85035 +33.472 -112.195
85037 +33.487 -112.268
85040 +33.406 -112.025
85041 +33.387 -112.110
85042 +33.356 -112.052
85043 +33.433 -112.197
85044 +33.340 -112.006
85045 +33.299 -112.106
85048 +33.302 -112.029
85050 +33.687 -111.999
85051 +33.559 -112.132
85053 +33.630 -112.132
85054 +33.681 -111.945
85083 +33.745 -112.175
85085 +33.753 -112.090
85086 +33.823 -112.130
85087 +33.925 -112.149
85118 +33.357 -111.363
85119 +33.387 -111.508
85120 +33.387 -111.562
85121 +33.137 -111.914
85122 +32.917 -111.748
85123 +32.713 -111.678
85128 +32.963 -111.510
85131 +32.654 -111.577
85132 +32.927 -111.214
85135 +32.995 -110.780
85137 +33.136 -111.023
85138 +33.018 -111.991
85139 +32.924 -112.207
85140 +33.248 -111.489
85141 +32.642 -111.435
85142 +33.192 -111.666
85143 +33.156 -111.520
85145 +32.541 -111.391
85147 +33.098 -111.725
85172 +32.905 -111.955
85173 +33.268 -111.136
85191 +32.985 -111.447
85192 +32.963 -110.679
85193 +32.813 -111.840
85194 +32.901 -111.628
85201 +33.434 -111.850
85202 +33.380 -111.875
85203 +33.450 -111.803
85204 +33.396 -111.787
85205 +33.433 -111.714
85206 +33.397 -111.716
85207 +33.453 -111.637
85208 +33.402 -111.632
85209 +33.378 -111.634
85210 +33.390 -111.844
85212 +33.321 -111.631
85213 +33.448 -111.766
85215 +33.512 -111.579
85224 +33.324 -111.876
85225 +33.318 -111.831
85226 +33.275 -111.925
85233 +33.352 -111.813
85234 +33.366 -111.740
85236 +33.323 -111.720
85248 +33.215 -111.866
85249 +33.227 -111.800
85250 +33.527 -111.889
85251 +33.494 -111.921
85253 +33.544 -111.959
85254 +33.615 -111.950
85255 +33.668 -111.823
85256 +33.501 -111.835
85257 +33.463 -111.914
85258 +33.558 -111.893
85259 +33.601 -111.809
85260 +33.608 -111.889
85262 +33.858 -111.805
85263 +33.933 -111.560
85264 +33.688 -111.487
85266 +33.762 -111.919
85268 +33.607 -111.737
85281 +33.427 -111.934
85282 +33.394 -111.933
85283 +33.365 -111.932
85284 +33.338 -111.934
85286 +33.272 -111.834
85295 +33.305 -111.736
85296 +33.332 -111.750
85297 +33.281 -111.733
85298 +33.240 -111.728
85301 +33.534 -112.179
85302 +33.568 -112.178
85303 +33.534 -112.221
85304 +33.595 -112.180
85305 +33.530 -112.256
85306 +33.624 -112.175
85307 +33.530 -112.310
85308 +33.660 -112.185
85309 +33.536 -112.376
85310 +33.701 -112.158
85320 +33.836 -113.232
85321 +32.362 -112.585
85322 +33.159 -112.872
85323 +33.419 -112.327
85324 +34.122 -112.038
85325 +33.963 -113.869
85326 +33.229 -112.583
85328 +33.253 -114.620
85329 +33.432 -112.296
85331 +33.884 -111.940
85332 +34.207 -112.921
85333 +32.976 -113.310
85334 +33.594 -114.363
85335 +33.585 -112.327
85336 +32.509 -114.744
85337 +32.976 -112.866
85338 +33.373 -112.411
85339 +33.241 -112.143
85340 +33.516 -112.424
85341 +31.973 -112.720
85342 +33.945 -112.451
85343 +33.338 -112.691
85344 +33.911 -114.257
85345 +33.572 -112.248
85346 +33.610 -114.158
85347 +32.786 -113.807
85348 +33.699 -113.664
85349 +32.476 -114.684
85350 +32.564 -114.705
85351 +33.606 -112.284
85352 +32.691 -113.896
85353 +33.418 -112.277
85354 +33.409 -113.070
85355 +33.575 -112.453
85356 +32.689 -114.185
85357 +34.021 -113.451
85360 +34.549 -113.574
85361 +33.752 -112.629
85362 +34.285 -112.843
85363 +33.585 -112.305
85364 +32.705 -114.656
85365 +33.018 -114.111
85367 +32.661 -114.394
85371 +33.967 -114.390
85373 +33.669 -112.300
85374 +33.645 -112.395
85375 +33.671 -112.357
85377 +33.823 -111.913
85378 +33.645 -112.320
85379 +33.602 -112.374
85381 +33.609 -112.230
85382 +33.656 -112.248
85383 +33.798 -112.305
85387 +33.709 -112.447
85388 +33.602 -112.432
85390 +33.904 -112.876
85392 +33.477 -112.309
85395 +33.485 -112.406
85396 +33.537 -112.702
85501 +33.559 -110.769
85530 +33.086 -110.267
85531 +32.871 -109.781
85532 +33.410 -110.842
85533 +33.287 -109.380
85534 +32.722 -109.153
85535 +32.986 -109.913
85536 +33.148 -109.989
85539 +33.336 -110.930
85540 +33.004 -109.381
85541 +34.223 -111.347
85542 +33.325 -110.311
85543 +32.954 -109.899
85544 +34.384 -111.477
85545 +33.565 -111.140
85546 +32.700 -109.589
85550 +33.548 -110.509
85551 +32.738 -109.562
85552 +32.819 -109.786
85553 +33.794 -111.223
85554 +33.996 -110.999
85601 +31.584 -111.331
85602 +32.167 -110.412
85603 +31.433 -109.919
85605 +32.308 -109.471
85606 +32.005 -109.930
85607 +31.490 -109.337
85608 +31.457 -109.581
85609 +32.069 -110.097
85610 +31.741 -109.672
85611 +31.644 -110.512
85613 +31.536 -110.414
85614 +31.811 -110.931
85615 +31.398 -110.211
85616 +31.702 -110.323
85617 +31.577 -109.719
85618 +32.776 -110.694
85619 +32.396 -110.737
85620 +31.338 -109.945
85621 +31.388 -110.900
85622 +31.803 -111.091
85623 +32.654 -110.784
85624 +31.520 -110.723
85625 +31.876 -109.664
85626 +31.359 -109.568
85627 +32.008 -110.236
85629 +31.960 -111.109
85630 +31.887 -110.180
85631 +32.581 -110.563
85632 +32.058 -109.184
85633 +31.607 -111.530
85634 +32.012 -112.021
85635 +31.553 -110.171
85637 +31.719 -110.691
85638 +31.666 -110.060
85639 +31.772 -111.682
85640 +31.569 -111.045
85641 +32.021 -110.646
85643 +32.461 -110.000
85645 +31.698 -111.143
85646 +31.621 -111.050
85648 +31.496 -111.001
85650 +31.499 -110.201
85653 +32.399 -111.386
85654 +32.415 -111.155
85658 +32.516 -111.153
85701 +32.217 -110.971
85704 +32.339 -110.985
85705 +32.271 -110.992
85706 +32.148 -110.935
85707 +32.180 -110.890
85708 +32.176 -110.860
85709 +32.141 -110.990
85710 +32.214 -110.824
85711 +32.215 -110.883
85712 +32.253 -110.887
85713 +32.195 -111.015
85714 +32.170 -110.947
85715 +32.247 -110.836
85716 +32.242 -110.924
85718 +32.313 -110.922
85719 +32.246 -110.949
85721 +32.231 -110.950
85723 +32.182 -110.965
85724 +32.241 -110.946
85726 +32.204 -110.945
85730 +32.190 -110.720
85734 +32.068 -110.867
85735 +32.104 -111.335
85736 +31.871 -111.367
85737 +32.415 -110.947
85739 +32.612 -111.009
85741 +32.335 -111.042
85742 +32.386 -111.055
85743 +32.302 -111.182
85745 +32.249 -111.061
85746 +32.070 -111.090
85747 +32.093 -110.772
85748 +32.219 -110.752
85749 +32.282 -110.732
85750 +32.298 -110.845
85755 +32.468 -110.982
85756 +32.070 -110.906
85757 +32.128 -111.122
85901 +34.315 -110.024
85902 +34.156 -110.159
85911 +34.092 -110.420
85912 +34.415 -109.910
85920 +33.859 -109.178
85922 +33.511 -109.129
85923 +34.323 -110.340
85924 +34.567 -109.672
85925 +34.019 -109.352
85926 +33.769 -109.979
85927 +33.991 -109.479
85928 +34.518 -110.557
85929 +34.171 -109.965
85930 +34.035 -109.771
85931 +34.370 -110.916
85932 +33.969 -109.181
85933 +34.357 -110.509
85934 +34.302 -110.244
85935 +34.159 -109.927
85936 +34.592 -109.290
85937 +34.570 -110.014
85938 +34.163 -109.414
85939 +34.431 -110.085
85940 +34.253 -109.702
85941 +33.892 -110.063
85942 +34.774 -110.034
86001 +35.358 -111.771
86003 +35.243 -111.202
86004 +35.381 -111.373
86005 +35.088 -111.619
86011 +35.190 -111.655
86015 +35.223 -111.814
86016 +35.752 -111.641
86017 +34.941 -111.681
86018 +35.239 -111.970
86020 +35.993 -111.498
86021 +36.940 -113.146
86022 +36.771 -112.558
86023 +36.050 -112.013
86024 +34.671 -111.191
86025 +34.892 -110.066
86028 +35.032 -109.816
86029 +34.971 -110.013
86030 +35.854 -110.799
86031 +35.363 -110.067
86032 +35.079 -110.284
86033 +36.677 -110.256
86034 +35.771 -110.138
86035 +35.402 -111.032
86036 +36.789 -111.815
86038 +34.911 -111.489
86039 +35.972 -110.569
86040 +36.660 -111.386
86042 +35.862 -110.384
86043 +35.810 -110.533
86044 +36.736 -110.803
86045 +36.142 -111.124
86046 +35.437 -112.176
86047 +35.181 -110.621
86052 +36.287 -112.143
86053 +36.758 -111.056
86054 +36.675 -110.618
86301 +34.598 -112.420
86303 +34.497 -112.433
86305 +34.770 -112.757
86313 +34.554 -112.453
86314 +34.598 -112.331
86315 +34.674 -112.289
86320 +35.375 -112.624
86321 +34.554 -113.089
86322 +34.472 -111.808
86323 +34.766 -112.404
86324 +34.820 -112.108
86325 +34.733 -111.899
86326 +34.699 -112.014
86327 +34.557 -112.111
86329 +34.486 -112.277
86331 +34.760 -112.117
86332 +34.304 -112.618
86333 +34.323 -112.082
86334 +34.948 -112.540
86335 +34.648 -111.663
86336 +34.879 -111.858
86337 +35.241 -113.051
86338 +34.573 -112.758
86343 +34.193 -112.320
86351 +34.778 -111.785
86401 +35.114 -113.738
86403 +34.477 -114.344
86404 +34.590 -114.308
86406 +34.382 -114.081
86409 +35.461 -114.018
86411 +35.448 -113.744
86413 +35.170 -114.257
86426 +35.013 -114.550
86429 +35.283 -114.478
86431 +35.425 -114.247
86432 +36.799 -113.724
86433 +34.929 -114.359
86434 +35.656 -113.593
86435 +36.005 -112.945
86436 +34.739 -114.417
86437 +35.395 -113.598
86438 +34.683 -113.988
86440 +34.890 -114.542
86441 +35.565 -114.300
86442 +35.090 -114.561
86443 +35.949 -114.445
86444 +35.905 -114.061
86445 +35.687 -114.556
86502 +35.143 -109.609
86503 +36.217 -109.682
86504 +35.860 -109.139
86505 +35.624 -109.707
86506 +35.354 -109.259
86507 +36.424 -109.283
86508 +35.352 -109.087
86510 +36.227 -110.272
86511 +35.740 -109.369
86512 +35.095 -109.243
86514 +36.906 -109.326
86515 +35.707 -108.984
86520 +36.044 -109.971
86535 +36.823 -109.866
86538 +36.421 -109.634
86540 +35.941 -109.444
86544 +36.544 -109.142
86545 +36.718 -109.541
86547 +36.549 -109.474
86556 +36.228 -109.220
87001 +35.414 -106.383
87002 +34.636 -106.829
87004 +35.369 -106.597
87005 +35.266 -108.003
87006 +34.484 -106.843
87007 +34.965 -107.430
87008 +35.149 -106.402
87010 +35.400 -106.139
87011 +34.082 -105.972
87012 +36.127 -106.652
87013 +35.894 -107.336
87014 +35.173 -107.407
87015 +35.076 -106.183
87016 +34.755 -106.016
87017 +36.310 -106.734
87018 +36.108 -107.531
87020 +35.014 -107.925
87021 +35.192 -107.879
87022 +34.910 -106.695
87023 +34.600 -106.767
87024 +35.674 -106.749
87025 +35.834 -106.617
87026 +34.981 -107.208
87027 +36.127 -106.947
87028 +34.354 -106.783
87029 +36.419 -107.043
87031 +34.779 -106.726
87032 +34.868 -106.042
87034 +34.922 -107.634
87035 +34.952 -105.909
87036 +34.372 -106.239
87037 +36.188 -107.780
87038 +35.088 -107.412
87040 +35.138 -107.413
87041 +35.602 -106.321
87042 +34.828 -106.686
87043 +35.279 -106.431
87044 +35.712 -106.657
87045 +35.397 -108.015
87046 +36.286 -106.915
87047 +35.251 -106.289
87048 +35.240 -106.627
87049 +35.132 -107.629
87051 +35.036 -107.853
87052 +35.528 -106.371
87053 +35.575 -106.883
87056 +35.162 -105.885
87059 +34.997 -106.301
87060 +34.739 -106.737
87061 +34.705 -106.382
87062 +34.462 -106.697
87063 +34.555 -105.891
87064 +36.184 -106.539
87068 +34.892 -106.646
87070 +35.023 -105.740
87072 +35.608 -106.395
87083 +35.645 -106.364
87101 +35.097 -106.643
87102 +35.082 -106.647
87104 +35.103 -106.674
87105 +34.994 -106.685
87106 +35.007 -106.610
87107 +35.138 -106.643
87108 +35.072 -106.578
87109 +35.152 -106.575
87110 +35.108 -106.578
87111 +35.141 -106.515
87112 +35.101 -106.516
87113 +35.196 -106.573
87114 +35.197 -106.682
87116 +35.049 -106.561
87117 +34.998 -106.521
87120 +35.141 -106.761
87121 +35.017 -106.888
87122 +35.189 -106.494
87123 +35.061 -106.471
87124 +35.270 -106.796
87144 +35.330 -106.710
87151 +35.008 -106.860
87301 +35.522 -108.763
87305 +35.403 -108.731
87310 +35.747 -108.596
87311 +35.607 -108.500
87312 +35.429 -108.345
87313 +35.798 -108.221
87315 +34.663 -108.551
87316 +35.489 -108.526
87317 +35.580 -108.752
87319 +35.477 -108.940
87320 +35.808 -108.871
87321 +35.065 -108.405
87322 +35.485 -108.662
87323 +35.457 -108.186
87325 +35.984 -108.572
87326 +35.277 -108.883
87327 +35.072 -108.789
87328 +36.030 -109.032
87347 +35.385 -108.458
87357 +34.829 -108.409
87364 +36.134 -108.712
87365 +35.536 -108.138
87375 +35.671 -108.789
87401 +36.738 -108.183
87402 +36.797 -108.152
87410 +36.858 -107.895
87412 +36.645 -107.547
87413 +36.461 -107.964
87415 +36.827 -108.097
87416 +36.585 -108.452
87417 +36.750 -108.352
87418 +36.951 -108.150
87419 +36.919 -107.640
87420 +36.863 -108.936
87421 +36.777 -108.527
87455 +36.273 -108.714
87461 +36.452 -108.925
87499 +36.316 -108.244
87501 +35.708 -105.851
87505 +35.620 -105.867
87506 +35.825 -105.955
87507 +35.622 -106.109
87508 +35.521 -105.946
87510 +36.362 -106.476
87511 +36.089 -105.975
87512 +36.923 -105.344
87513 +36.584 -105.701
87514 +36.530 -105.601
87515 +36.557 -106.377
87516 +36.178 -106.466
87517 +36.390 -105.793
87518 +36.520 -106.547
87519 +36.765 -105.635
87520 +36.875 -106.627
87521 +36.018 -105.612
87522 +35.964 -105.843
87523 +36.011 -105.863
87524 +36.970 -105.537
87525 +36.598 -105.498
87527 +36.151 -105.838
87528 +36.785 -106.879
87529 +36.446 -105.666
87530 +36.341 -106.202
87531 +36.228 -105.902
87532 +35.990 -106.126
87535 +35.567 -105.747
87537 +36.142 -106.260
87538 +35.493 -105.538
87539 +36.386 -105.980
87540 +35.407 -105.873
87543 +36.104 -105.658
87544 +35.767 -106.295
87547 +35.811 -106.208
87548 +36.176 -106.185
87549 +36.293 -105.965
87551 +36.699 -106.661
87552 +35.670 -105.614
87553 +36.220 -105.734
87554 +36.549 -106.070
87556 +36.812 -105.557
87557 +36.296 -105.635
87558 +36.674 -105.456
87560 +35.237 -105.526
87562 +35.407 -105.655
87564 +36.616 -105.618
87565 +35.516 -105.473
87566 +36.068 -106.077
87567 +35.994 -106.019
87569 +35.350 -105.305
87571 +36.352 -105.437
87573 +35.772 -105.707
87575 +36.643 -106.595
87577 +36.640 -106.003
87578 +36.047 -105.770
87579 +36.086 -105.532
87580 +36.560 -105.575
87581 +36.505 -106.153
87582 +36.179 -105.994
87583 +35.282 -105.352
87701 +35.542 -104.933
87710 +36.382 -105.230
87711 +35.238 -105.139
87712 +35.883 -105.166
87713 +36.171 -105.361
87714 +36.464 -105.059
87715 +36.011 -105.423
87718 +36.598 -105.240
87722 +36.146 -105.276
87723 +36.059 -105.376
87724 +35.172 -104.985
87728 +36.604 -104.595
87729 +36.303 -104.818
87730 +36.109 -104.232
87731 +35.701 -105.399
87732 +35.976 -105.466
87733 +35.753 -103.855
87734 +36.169 -105.091
87735 +36.049 -105.120
87736 +35.978 -105.181
87740 +36.767 -104.364
87742 +35.872 -105.444
87743 +35.974 -104.020
87745 +35.791 -105.267
87746 +35.655 -104.111
87747 +36.354 -104.436
87749 +36.578 -105.127
87750 +35.825 -104.927
87752 +35.994 -104.657
87753 +35.863 -104.954
87801 +33.933 -107.074
87820 +33.938 -108.587
87821 +33.950 -108.072
87823 +34.183 -106.959
87824 +33.829 -108.982
87825 +33.949 -107.655
87827 +34.362 -108.137
87828 +34.206 -106.921
87829 +34.237 -108.658
87830 +33.708 -108.733
87831 +34.283 -106.887
87832 +33.842 -106.835
87901 +33.161 -107.017
87930 +32.827 -107.352
87931 +32.924 -107.344
87933 +32.791 -107.279
87935 +33.255 -107.229
87936 +32.753 -107.260
87937 +32.591 -107.195
87939 +33.373 -107.337
87940 +32.642 -107.007
87941 +32.707 -107.215
87942 +33.061 -107.349
87943 +33.450 -107.691
88001 +32.290 -106.753
88002 +32.382 -106.457
88003 +32.279 -106.746
88004 +32.250 -106.949
88005 +32.223 -106.988
88007 +32.389 -106.975
88008 +31.819 -106.757
88009 +31.913 -108.536
88011 +32.377 -106.576
88012 +32.589 -106.771
88020 +31.781 -108.827
88021 +31.988 -106.804
88022 +32.803 -108.188
88023 +32.723 -108.088
88024 +32.065 -106.618
88025 +33.109 -108.726
88026 +32.752 -108.163
88027 +32.036 -106.681
88028 +32.967 -108.671
88029 +31.845 -107.695
88030 +32.173 -107.727
88034 +32.592 -107.965
88038 +33.126 -108.358
88039 +33.293 -108.575
88040 +31.597 -108.355
88041 +32.810 -107.882
88042 +32.812 -107.566
88043 +32.603 -108.116
88044 +31.981 -107.101
88045 +32.331 -108.700
88046 +32.268 -106.797
88047 +32.214 -106.716
88048 +32.145 -106.655
88049 +33.051 -108.055
88051 +33.000 -108.920
88052 +32.450 -106.602
88053 +32.896 -108.214
88055 +32.728 -108.741
88056 +31.841 -109.003
88061 +32.629 -108.406
88063 +31.799 -106.550
88065 +32.714 -108.302
88072 +32.138 -106.616
88081 +32.219 -106.294
88101 +34.499 -103.258
88103 +34.382 -103.317
88112 +34.923 -103.134
88113 +33.804 -103.089
88114 +33.488 -103.417
88115 +33.932 -103.345
88116 +33.895 -103.819
88118 +34.229 -103.659
88119 +34.359 -104.369
88120 +34.899 -103.425
88121 +34.680 -103.977
88124 +34.536 -103.652
88125 +33.706 -103.225
88126 +33.811 -103.372
88130 +34.132 -103.327
88132 +33.907 -103.167
88134 +34.372 -104.017
88135 +34.560 -103.078
88136 +34.244 -104.816
88201 +33.669 -104.497
88203 +33.291 -104.067
88210 +32.775 -104.224
88220 +32.315 -104.420
88230 +33.219 -104.398
88231 +32.424 -103.261
88232 +33.058 -104.146
88240 +32.675 -103.447
88242 +32.813 -103.162
88244 +32.764 -103.225
88250 +32.702 -104.956
88252 +32.155 -103.378
88253 +32.984 -104.551
88254 +32.628 -104.405
88255 +32.811 -103.999
88256 +32.193 -103.889
88260 +32.993 -103.383
88262 +33.126 -103.404
88263 +32.107 -104.097
88264 +32.863 -103.710
88265 +32.584 -103.346
88267 +33.297 -103.392
88268 +32.176 -104.379
88301 +33.749 -105.852
88310 +32.735 -106.040
88311 +32.812 -105.991
88312 +33.432 -105.644
88314 +33.110 -105.867
88316 +33.771 -105.371
88317 +32.861 -105.721
88318 +34.229 -105.513
88321 +34.780 -105.446
88323 +33.485 -105.565
88324 +33.423 -105.527
88325 +32.856 -105.853
88330 +32.867 -106.097
88336 +33.331 -105.276
88337 +32.996 -105.884
88338 +33.537 -105.385
88339 +32.958 -105.323
88340 +33.176 -105.583
88341 +33.473 -105.846
88342 +32.389 -106.109
88343 +33.235 -105.068
88344 +32.509 -105.218
88345 +33.352 -105.671
88346 +33.348 -105.541
88347 +32.755 -105.677
88348 +33.415 -105.402
88349 +32.801 -105.810
88350 +32.614 -105.653
88351 +33.472 -105.098
88352 +33.166 -105.994
88353 +34.499 -105.103
88354 +32.739 -105.495
88355 +33.363 -105.669
88401 +35.075 -103.780
88410 +35.896 -103.316
88411 +35.247 -103.176
88414 +36.780 -104.026
88415 +36.363 -103.343
88416 +35.477 -104.209
88417 +34.931 -104.244
88418 +36.751 -103.642
88419 +36.899 -103.542
88421 +35.327 -104.497
88422 +36.345 -103.991
88424 +36.440 -103.664
88426 +35.518 -103.448
88427 +34.782 -103.764
88430 +35.670 -103.209
88431 +35.212 -104.337
88434 +35.120 -103.336
88435 +34.886 -104.825
88436 +36.159 -103.159
88439 +35.494 -104.378
89001 +37.338 -115.302
89002 +35.998 -114.962
89003 +36.946 -116.764
89004 +36.042 -115.413
89005 +36.000 -114.852
89007 +36.667 -114.227
89008 +37.286 -114.513
89010 +37.825 -118.079
89011 +36.085 -114.963
89012 +36.012 -115.043
89013 +37.369 -117.262
89014 +36.062 -115.058
89015 +36.039 -114.928
89017 +37.702 -115.334
89018 +36.571 -115.668
89019 +35.769 -115.516
89020 +36.563 -116.420
89021 +36.640 -114.471
89022 +38.518 -117.015
89025 +36.683 -114.790
89026 +35.749 -115.285
89027 +36.815 -114.093
89029 +35.130 -114.656
89030 +36.212 -115.123
89031 +36.258 -115.171
89032 +36.222 -115.174
89034 +36.809 -114.150
89039 +35.266 -114.872
89040 +36.349 -114.522
89042 +37.798 -114.359
89043 +38.277 -114.407
89044 +35.940 -115.056
89045 +38.873 -117.098
89046 +35.514 -114.811
89047 +37.758 -117.639
89048 +36.164 -115.987
89049 +38.391 -116.399
89052 +35.980 -115.108
89054 +35.921 -115.191
89060 +36.392 -116.058
89061 +36.070 -115.906
89070 +36.501 -115.640
89074 +36.036 -115.081
89081 +36.258 -115.107
89084 +36.297 -115.157
89085 +36.310 -115.198
89086 +36.284 -115.110
89101 +36.173 -115.122
89102 +36.145 -115.187
89103 +36.112 -115.212
89104 +36.151 -115.109
89106 +36.182 -115.162
89107 +36.171 -115.209
89108 +36.205 -115.224
89109 +36.132 -115.170
89110 +36.174 -115.055
89113 +36.060 -115.262
89115 +36.254 -115.043
89117 +36.141 -115.281
89118 +36.078 -115.213
89119 +36.085 -115.146
89120 +36.081 -115.096
89121 +36.121 -115.091
89122 +36.104 -115.038
89123 +36.035 -115.149
89124 +36.392 -115.683
89128 +36.197 -115.264
89129 +36.233 -115.290
89130 +36.253 -115.227
89131 +36.306 -115.243
89134 +36.203 -115.308
89135 +36.095 -115.372
89138 +36.202 -115.365
89139 +36.034 -115.211
89141 +35.988 -115.207
89142 +36.148 -115.031
89143 +36.322 -115.293
89144 +36.177 -115.319
89145 +36.167 -115.276
89146 +36.143 -115.227
89147 +36.113 -115.280
89148 +36.063 -115.297
89149 +36.271 -115.295
89156 +36.159 -114.982
89158 +36.105 -115.177
89161 +36.037 -115.508
89166 +36.337 -115.469
89169 +36.124 -115.142
89178 +35.988 -115.295
89179 +35.892 -115.328
89183 +35.996 -115.158
89191 +36.247 -115.004
89301 +39.531 -114.767
89310 +39.474 -117.140
89311 +39.236 -114.141
89314 +38.863 -115.642
89315 +39.185 -114.845
89316 +39.671 -116.014
89317 +38.905 -115.016
89318 +39.439 -114.817
89319 +39.279 -114.987
89402 +39.230 -120.002
89403 +39.227 -119.474
89404 +41.842 -118.879
89405 +40.450 -119.469
89406 +39.359 -117.947
89408 +39.671 -119.006
89409 +38.727 -117.950
89410 +38.783 -119.559
89411 +39.018 -119.853
89412 +41.121 -119.705
89413 +39.073 -119.923
89414 +41.061 -117.221
89415 +38.517 -118.789
89418 +40.574 -118.041
89419 +40.343 -118.288
89420 +38.508 -118.181
89421 +42.045 -117.947
89422 +38.430 -118.181
89423 +38.997 -119.735
89424 +40.108 -119.448
89425 +41.658 -117.882
89426 +41.478 -117.617
89427 +38.900 -118.646
89428 +39.257 -119.631
89429 +39.357 -119.270
89430 +38.796 -119.318
89431 +39.538 -119.750
89433 +39.598 -119.778
89434 +39.541 -119.544
89436 +39.617 -119.704
89437 +39.501 -119.469
89438 +40.804 -117.127
89439 +39.523 -119.990
89440 +39.296 -119.662
89441 +39.681 -119.688
89442 +39.693 -119.345
89444 +38.740 -119.383
89445 +41.121 -118.009
89446 +40.879 -117.953
89447 +38.830 -119.115
89448 +38.996 -119.917
89449 +38.955 -119.911
89450 +39.241 -119.938
89451 +39.269 -119.946
89460 +38.902 -119.792
89496 +39.199 -118.571
89501 +39.526 -119.813
89502 +39.494 -119.742
89503 +39.541 -119.840
89506 +39.699 -119.826
89508 +39.781 -119.914
89509 +39.497 -119.827
89510 +39.926 -119.711
89511 +39.425 -119.872
89512 +39.551 -119.801
89519 +39.479 -119.857
89521 +39.372 -119.676
89523 +39.527 -119.916
89557 +39.542 -119.816
89701 +39.129 -119.725
89703 +39.137 -119.870
89704 +39.275 -119.787
89705 +39.090 -119.837
89706 +39.223 -119.702
89801 +41.165 -115.757
89815 +40.565 -115.597
89820 +40.429 -116.961
89821 +40.556 -116.416
89822 +40.492 -116.189
89823 +40.950 -115.161
89825 +41.904 -114.710
89826 +41.931 -115.411
89828 +40.735 -115.343
89830 +41.322 -114.177
89831 +41.716 -116.098
89832 +41.979 -116.192
89833 +40.483 -115.332
89834 +41.408 -116.228
89835 +41.276 -114.874
89883 +40.849 -114.158
90001 +33.974 -118.249
90002 +33.949 -118.247
90003 +33.964 -118.274
90004 +34.076 -118.311
90005 +34.059 -118.309
90006 +34.048 -118.294
90007 +34.028 -118.285
90008 +34.011 -118.343
90010 +34.061 -118.300
90011 +34.007 -118.259
90012 +34.066 -118.239
90013 +34.045 -118.240
90014 +34.043 -118.252
90015 +34.039 -118.266
90016 +34.028 -118.354
90017 +34.053 -118.265
90018 +34.029 -118.317
90019 +34.050 -118.338
90020 +34.066 -118.310
90021 +34.029 -118.238
90022 +34.024 -118.156
90023 +34.023 -118.200
90024 +34.066 -118.435
90025 +34.045 -118.446
90026 +34.079 -118.264
90027 +34.128 -118.296
90028 +34.100 -118.327
90029 +34.090 -118.295
90031 +34.084 -118.209
90032 +34.078 -118.186
90033 +34.050 -118.212
90034 +34.031 -118.400
90035 +34.051 -118.386
90036 +34.070 -118.349
90037 +34.003 -118.288
90038 +34.088 -118.327
90039 +34.112 -118.261
90040 +33.995 -118.150
90041 +34.137 -118.208
90042 +34.115 -118.192
90043 +33.989 -118.336
90044 +33.953 -118.292
90045 +33.942 -118.416
90046 +34.108 -118.362
90047 +33.955 -118.310
90048 +34.073 -118.373
90049 +34.093 -118.491
90052 +33.978 -118.259
90056 +33.994 -118.369
90057 +34.062 -118.277
90058 +34.003 -118.216
90059 +33.927 -118.249
90061 +33.921 -118.274
90062 +34.003 -118.309
90063 +34.045 -118.186
90064 +34.035 -118.426
90065 +34.110 -118.229
90066 +34.002 -118.431
90067 +34.056 -118.414
90068 +34.124 -118.327
90069 +34.094 -118.382
90071 +34.052 -118.255
90073 +34.057 -118.460
90077 +34.108 -118.457
90079 +34.041 -118.255
90089 +34.022 -118.286
90094 +33.975 -118.419
90095 +34.071 -118.443
90201 +33.970 -118.171
90210 +34.101 -118.415
90211 +34.065 -118.383
90212 +34.062 -118.402
90220 +33.880 -118.230
90221 +33.886 -118.206
90222 +33.912 -118.238
90230 +33.998 -118.394
90232 +34.019 -118.392
90240 +33.956 -118.118
90241 +33.941 -118.129
90242 +33.922 -118.141
90245 +33.917 -118.402
90247 +33.892 -118.297
90248 +33.878 -118.284
90249 +33.901 -118.316
90250 +33.914 -118.351
90254 +33.864 -118.399
90255 +33.979 -118.217
90260 +33.889 -118.350
90262 +33.924 -118.201
90263 +34.039 -118.708
90265 +34.070 -118.851
90266 +33.892 -118.403
90270 +33.989 -118.188
90272 +34.093 -118.534
90274 +33.780 -118.372
90275 +33.753 -118.368
90277 +33.830 -118.387
90278 +33.874 -118.370
90280 +33.944 -118.193
90290 +34.108 -118.616
90291 +33.993 -118.465
90292 +33.976 -118.452
90293 +33.947 -118.440
90301 +33.956 -118.359
90302 +33.975 -118.356
90303 +33.936 -118.333
90304 +33.937 -118.359
90305 +33.958 -118.331
90401 +34.016 -118.492
90402 +34.035 -118.504
90403 +34.031 -118.492
90404 +34.027 -118.474
90405 +34.011 -118.472
90501 +33.834 -118.314
90502 +33.833 -118.292
90503 +33.839 -118.354
90504 +33.867 -118.332
90505 +33.808 -118.348
90506 +33.885 -118.330
90601 +34.008 -118.030
90602 +33.974 -118.022
90603 +33.945 -117.992
90604 +33.928 -118.014
90605 +33.952 -118.021
90606 +33.977 -118.066
90620 +33.845 -118.015
90621 +33.874 -117.993
90623 +33.851 -118.040
90630 +33.818 -118.038
90631 +33.943 -117.952
90638 +33.902 -118.009
90639 +33.906 -118.015
90640 +34.015 -118.111
90650 +33.908 -118.082
90660 +33.990 -118.089
90670 +33.934 -118.063
90680 +33.801 -117.995
90701 +33.868 -118.081
90703 +33.868 -118.069
90704 +33.399 -118.435
90706 +33.888 -118.127
90710 +33.799 -118.300
90712 +33.849 -118.148
90713 +33.848 -118.113
90715 +33.841 -118.079
90716 +33.830 -118.073
90717 +33.793 -118.317
90720 +33.795 -118.063
90723 +33.899 -118.167
90731 +33.732 -118.278
90732 +33.737 -118.313
90740 +33.754 -118.073
90742 +33.721 -118.076
90743 +33.730 -118.092
90744 +33.777 -118.260
90745 +33.820 -118.264
90746 +33.859 -118.252
90747 +33.864 -118.251
90755 +33.803 -118.167
90802 +33.751 -118.207
90803 +33.754 -118.132
90804 +33.782 -118.148
90805 +33.865 -118.181
90806 +33.809 -118.178
90807 +33.830 -118.181
90808 +33.824 -118.111
90810 +33.820 -118.222
90813 +33.782 -118.197
90814 +33.772 -118.143
90815 +33.795 -118.116
90822 +33.778 -118.119
90831 +33.768 -118.201
90840 +33.785 -118.121
91001 +34.194 -118.138
91006 +34.135 -118.027
91007 +34.128 -118.048
91008 +34.153 -117.969
91010 +34.141 -117.959
91011 +34.218 -118.202
91016 +34.153 -118.000
91020 +34.211 -118.231
91024 +34.175 -118.046
91030 +34.109 -118.157
91040 +34.258 -118.338
91042 +34.316 -118.265
91046 +34.212 -118.241
91101 +34.147 -118.139
91103 +34.167 -118.164
91104 +34.165 -118.124
91105 +34.139 -118.167
91106 +34.139 -118.129
91107 +34.159 -118.087
91108 +34.122 -118.114
91125 +34.138 -118.125
91201 +34.171 -118.289
91202 +34.183 -118.264
91203 +34.153 -118.263
91204 +34.136 -118.261
91205 +34.137 -118.246
91206 +34.160 -118.214
91207 +34.168 -118.244
91208 +34.186 -118.239
91210 +34.145 -118.258
91214 +34.236 -118.247
91301 +34.123 -118.759
91302 +34.123 -118.670
91303 +34.198 -118.602
91304 +34.228 -118.645
91306 +34.210 -118.578
91307 +34.200 -118.665
91311 +34.292 -118.602
91316 +34.159 -118.517
91320 +34.173 -118.948
91321 +34.364 -118.487
91324 +34.238 -118.550
91325 +34.238 -118.518
91326 +34.282 -118.556
91330 +34.245 -118.527
91331 +34.255 -118.420
91335 +34.200 -118.541
91340 +34.287 -118.435
91342 +34.327 -118.382
91343 +34.239 -118.482
91344 +34.289 -118.505
91345 +34.266 -118.457
91350 +34.431 -118.503
91351 +34.434 -118.458
91352 +34.231 -118.366
91354 +34.458 -118.554
91355 +34.402 -118.570
91356 +34.155 -118.548
91360 +34.213 -118.874
91361 +34.137 -118.882
91362 +34.192 -118.819
91364 +34.155 -118.595
91367 +34.177 -118.616
91371 +34.185 -118.576
91377 +34.185 -118.767
91381 +34.373 -118.608
91384 +34.520 -118.668
91387 +34.403 -118.363
91390 +34.577 -118.493
91401 +34.178 -118.432
91402 +34.223 -118.445
91403 +34.148 -118.465
91405 +34.202 -118.448
91406 +34.197 -118.489
91411 +34.179 -118.460
91423 +34.149 -118.432
91436 +34.150 -118.490
91501 +34.194 -118.294
91502 +34.177 -118.309
91504 +34.213 -118.318
91505 +34.176 -118.348
91506 +34.170 -118.324
91601 +34.168 -118.372
91602 +34.151 -118.368
91604 +34.140 -118.395
91605 +34.207 -118.401
91606 +34.186 -118.388
91607 +34.166 -118.400
91608 +34.139 -118.351
91701 +34.138 -117.600
91702 +34.282 -117.800
91706 +34.097 -117.968
91708 +33.952 -117.640
91709 +33.943 -117.726
91710 +34.005 -117.683
91711 +34.128 -117.715
91722 +34.097 -117.907
91723 +34.085 -117.887
91724 +34.079 -117.854
91730 +34.100 -117.581
91731 +34.079 -118.043
91732 +34.072 -118.015
91733 +34.046 -118.054
91737 +34.155 -117.578
91739 +34.156 -117.517
91740 +34.119 -117.855
91741 +34.163 -117.834
91744 +34.031 -117.937
91745 +33.999 -117.972
91746 +34.043 -117.987
91748 +33.978 -117.902
91750 +34.148 -117.767
91752 +33.996 -117.531
91754 +34.053 -118.143
91755 +34.051 -118.114
91759 +34.264 -117.700
91761 +34.036 -117.592
91762 +34.059 -117.669
91763 +34.072 -117.698
91764 +34.074 -117.606
91765 +33.985 -117.812
91766 +34.042 -117.756
91767 +34.083 -117.738
91768 +34.064 -117.791
91770 +34.065 -118.083
91773 +34.107 -117.809
91775 +34.115 -118.088
91776 +34.089 -118.094
91780 +34.102 -118.056
91784 +34.141 -117.656
91786 +34.105 -117.662
91789 +34.018 -117.855
91790 +34.067 -117.937
91791 +34.062 -117.892
91792 +34.023 -117.902
91801 +34.091 -118.128
91803 +34.075 -118.146
91901 +32.814 -116.727
91902 +32.673 -117.006
91905 +32.679 -116.307
91906 +32.658 -116.476
91910 +32.637 -117.062
91911 +32.607 -117.050
91913 +32.623 -116.987
91914 +32.666 -116.954
91915 +32.624 -116.950
91916 +32.911 -116.632
91917 +32.642 -116.754
91931 +32.838 -116.580
91932 +32.565 -117.115
91934 +32.649 -116.153
91935 +32.694 -116.776
91941 +32.759 -116.997
91942 +32.777 -117.021
91945 +32.733 -117.034
91948 +32.865 -116.473
91950 +32.669 -117.093
91962 +32.847 -116.520
91963 +32.648 -116.596
91977 +32.726 -116.994
91978 +32.699 -116.931
91980 +32.585 -116.633
92003 +33.285 -117.198
92004 +33.198 -116.167
92007 +33.023 -117.276
92008 +33.142 -117.313
92009 +33.095 -117.246
92010 +33.165 -117.281
92011 +33.107 -117.296
92014 +32.963 -117.250
92019 +32.779 -116.871
92020 +32.796 -116.970
92021 +32.836 -116.875
92024 +33.057 -117.258
92025 +33.078 -117.033
92026 +33.211 -117.125
92027 +33.132 -116.977
92028 +33.386 -117.225
92029 +33.086 -117.124
92036 +33.032 -116.265
92037 +32.855 -117.252
92040 +32.909 -116.892
92054 +33.193 -117.360
92055 +33.411 -117.433
92056 +33.200 -117.299
92057 +33.255 -117.283
92058 +33.264 -117.345
92059 +33.383 -117.052
92060 +33.350 -116.864
92061 +33.300 -116.931
92064 +32.984 -117.014
92065 +33.040 -116.830
92066 +33.215 -116.536
92067 +33.021 -117.190
92069 +33.175 -117.158
92070 +33.189 -116.743
92071 +32.851 -116.995
92075 +32.997 -117.261
92078 +33.117 -117.181
92081 +33.165 -117.241
92082 +33.252 -117.003
92083 +33.198 -117.248
92084 +33.227 -117.200
92086 +33.314 -116.630
92091 +33.052 -117.183
92092 +32.876 -117.236
92093 +32.882 -117.237
92096 +33.128 -117.156
92101 +32.718 -117.172
92102 +32.716 -117.117
92103 +32.748 -117.167
92104 +32.742 -117.128
92105 +32.740 -117.090
92106 +32.710 -117.238
92107 +32.739 -117.245
92108 +32.774 -117.143
92109 +32.787 -117.234
92110 +32.765 -117.200
92111 +32.806 -117.169
92113 +32.695 -117.120
92114 +32.708 -117.055
92115 +32.762 -117.072
92116 +32.765 -117.123
92117 +32.825 -117.200
92118 +32.699 -117.209
92119 +32.818 -117.032
92120 +32.794 -117.074
92121 +32.897 -117.202
92122 +32.857 -117.210
92123 +32.810 -117.134
92124 +32.828 -117.085
92126 +32.912 -117.143
92127 +33.019 -117.124
92128 +32.997 -117.073
92129 +32.964 -117.126
92130 +32.948 -117.206
92131 +32.900 -117.047
92132 +32.714 -117.172
92134 +32.725 -117.145
92135 +32.695 -117.194
92136 +32.683 -117.123
92139 +32.680 -117.049
92140 +32.741 -117.198
92145 +32.868 -117.143
92147 +32.725 -117.219
92154 +32.579 -116.967
92155 +32.658 -117.157
92161 +32.874 -117.232
92173 +32.556 -117.051
92179 +32.584 -116.933
92182 +32.775 -117.074
92201 +33.709 -116.237
92203 +33.752 -116.241
92210 +33.700 -116.330
92211 +33.765 -116.334
92220 +33.940 -116.839
92222 +32.783 -114.550
92223 +33.938 -116.981
92225 +33.717 -114.660
92227 +32.990 -115.337
92230 +33.909 -116.769
92231 +32.688 -115.564
92233 +33.147 -115.500
92234 +33.814 -116.466
92236 +33.703 -116.072
92239 +33.768 -115.217
92240 +33.952 -116.520
92241 +33.846 -116.283
92242 +34.189 -114.306
92243 +32.770 -115.599
92249 +32.726 -115.482
92250 +32.777 -115.128
92251 +32.869 -115.714
92252 +34.148 -116.284
92253 +33.657 -116.292
92254 +33.544 -115.998
92256 +34.072 -116.618
92257 +33.336 -115.526
92258 +33.922 -116.560
92259 +32.735 -115.946
92260 +33.697 -116.406
92262 +33.863 -116.557
92264 +33.713 -116.497
92266 +33.199 -114.915
92267 +34.297 -114.207
92268 +34.161 -116.550
92270 +33.764 -116.430
92273 +32.803 -115.698
92274 +33.470 -116.114
92275 +33.208 -115.881
92276 +33.832 -116.386
92277 +34.128 -115.690
92278 +34.235 -116.058
92280 +34.129 -114.985
92281 +33.050 -115.613
92282 +33.963 -116.658
92283 +32.892 -114.773
92284 +34.160 -116.425
92285 +34.338 -116.514
92301 +34.652 -117.526
92304 +34.549 -115.691
92305 +34.144 -116.868
92307 +34.571 -117.133
92308 +34.420 -117.156
92309 +35.249 -116.156
92310 +35.334 -116.763
92311 +34.966 -117.002
92313 +34.031 -117.315
92314 +34.254 -116.796
92315 +34.217 -116.942
92316 +34.057 -117.391
92317 +34.245 -117.209
92320 +33.987 -117.050
92321 +34.250 -117.147
92322 +34.254 -117.323
92324 +34.025 -117.289
92325 +34.247 -117.276
92327 +34.868 -116.835
92328 +36.372 -116.980
92332 +34.907 -115.364
92333 +34.261 -116.982
92335 +34.087 -117.465
92336 +34.137 -117.460
92337 +34.050 -117.471
92338 +34.788 -116.251
92339 +34.084 -116.837
92341 +34.237 -117.063
92342 +34.760 -117.336
92344 +34.392 -117.407
92345 +34.361 -117.313
92346 +34.124 -117.178
92347 +34.950 -117.258
92350 +34.053 -117.262
92352 +34.268 -117.187
92354 +34.051 -117.250
92356 +34.496 -116.893
92358 +34.246 -117.568
92359 +34.085 -117.076
92363 +34.711 -114.582
92364 +35.360 -115.439
92365 +34.897 -116.560
92368 +34.664 -117.315
92369 +34.139 -117.220
92371 +34.438 -117.543
92372 +34.449 -117.635
92373 +34.012 -117.160
92374 +34.069 -117.175
92376 +34.111 -117.380
92377 +34.152 -117.404
92378 +34.232 -117.225
92382 +34.206 -117.112
92384 +36.043 -116.119
92385 +34.213 -117.231
92386 +34.237 -116.825
92389 +35.825 -116.275
92391 +34.240 -117.237
92392 +34.479 -117.409
92394 +34.563 -117.354
92395 +34.505 -117.299
92397 +34.354 -117.754
92398 +34.983 -116.852
92399 +34.032 -117.011
92401 +34.106 -117.292
92404 +34.179 -117.239
92405 +34.146 -117.302
92407 +34.225 -117.388
92408 +34.084 -117.268
92410 +34.112 -117.264
92411 +34.123 -117.326
92415 +34.105 -117.287
92501 +33.997 -117.374
92503 +33.883 -117.452
92504 +33.908 -117.401
92505 +33.927 -117.493
92506 +33.935 -117.367
92507 +33.991 -117.307
92508 +33.890 -117.328
92509 +34.003 -117.442
92518 +33.896 -117.277
92521 +33.967 -117.326
92530 +33.633 -117.370
92532 +33.691 -117.302
92536 +33.492 -116.817
92539 +33.528 -116.648
92543 +33.699 -116.979
92544 +33.646 -116.882
92545 +33.731 -117.036
92548 +33.764 -117.109
92549 +33.804 -116.679
92551 +33.883 -117.225
92553 +33.923 -117.245
92555 +33.911 -117.114
92557 +33.973 -117.258
92561 +33.630 -116.582
92562 +33.531 -117.344
92563 +33.580 -117.147
92567 +33.826 -117.084
92570 +33.780 -117.323
92571 +33.842 -117.195
92582 +33.808 -117.015
92583 +33.797 -116.931
92584 +33.661 -117.182
92585 +33.742 -117.167
92586 +33.708 -117.200
92587 +33.694 -117.251
92590 +33.483 -117.226
92591 +33.534 -117.109
92592 +33.511 -117.022
92595 +33.616 -117.260
92596 +33.669 -117.047
92602 +33.736 -117.735
92603 +33.629 -117.794
92604 +33.691 -117.789
92606 +33.693 -117.831
92610 +33.683 -117.654
92612 +33.660 -117.824
92614 +33.678 -117.835
92617 +33.642 -117.841
92618 +33.667 -117.734
92620 +33.707 -117.757
92624 +33.457 -117.667
92625 +33.602 -117.864
92626 +33.680 -117.909
92627 +33.648 -117.921
92629 +33.475 -117.706
92630 +33.645 -117.684
92637 +33.608 -117.726
92646 +33.661 -117.968
92647 +33.723 -118.009
92648 +33.679 -118.013
92649 +33.720 -118.045
92651 +33.571 -117.773
92653 +33.594 -117.701
92655 +33.746 -117.988
92656 +33.575 -117.730
92657 +33.595 -117.829
92660 +33.635 -117.875
92661 +33.604 -117.913
92662 +33.605 -117.892
92663 +33.625 -117.929
92672 +33.373 -117.521
92673 +33.467 -117.614
92675 +33.500 -117.654
92676 +33.749 -117.616
92677 +33.529 -117.701
92678 +33.652 -117.507
92679 +33.649 -117.561
92683 +33.752 -117.994
92688 +33.619 -117.611
92691 +33.612 -117.666
92692 +33.612 -117.640
92694 +33.515 -117.581
92697 +33.650 -117.849
92701 +33.749 -117.859
92703 +33.749 -117.906
92704 +33.721 -117.905
92705 +33.766 -117.787
92706 +33.766 -117.882
92707 +33.710 -117.870
92708 +33.711 -117.951
92780 +33.737 -117.820
92782 +33.728 -117.797
92801 +33.845 -117.952
92802 +33.808 -117.924
92804 +33.818 -117.975
92805 +33.830 -117.906
92806 +33.838 -117.870
92807 +33.849 -117.788
92808 +33.856 -117.740
92821 +33.932 -117.855
92823 +33.929 -117.796
92831 +33.880 -117.896
92832 +33.869 -117.929
92833 +33.881 -117.961
92835 +33.901 -117.915
92840 +33.787 -117.932
92841 +33.787 -117.982
92843 +33.764 -117.932
92844 +33.766 -117.970
92845 +33.783 -118.026
92860 +33.926 -117.548
92861 +33.818 -117.811
92865 +33.826 -117.851
92866 +33.785 -117.845
92867 +33.816 -117.799
92868 +33.788 -117.876
92869 +33.795 -117.765
92870 +33.881 -117.855
92879 +33.883 -117.528
92880 +33.925 -117.607
92881 +33.824 -117.570
92882 +33.863 -117.600
92883 +33.758 -117.480
92886 +33.895 -117.801
92887 +33.887 -117.734
93001 +34.362 -119.351
93003 +34.284 -119.223
93004 +34.278 -119.165
93010 +34.228 -119.080
93012 +34.203 -118.991
93013 +34.440 -119.503
93015 +34.409 -118.870
93021 +34.305 -118.884
93022 +34.403 -119.298
93023 +34.509 -119.252
93030 +34.205 -119.175
93033 +34.160 -119.136
93035 +34.186 -119.229
93036 +34.248 -119.153
93040 +34.602 -119.020
93041 +34.163 -119.187
93042 +33.256 -119.504
93043 +34.170 -119.203
93060 +34.372 -119.097
93063 +34.308 -118.687
93064 +34.245 -118.700
93065 +34.262 -118.772
93066 +34.298 -119.015
93067 +34.423 -119.596
93101 +34.419 -119.708
93103 +34.437 -119.679
93105 +34.529 -119.768
93106 +34.417 -119.851
93108 +34.449 -119.605
93109 +34.406 -119.727
93110 +34.440 -119.768
93111 +34.449 -119.805
93117 +34.479 -120.084
93201 +35.857 -119.508
93202 +36.319 -119.708
93203 +35.120 -118.846
93204 +35.913 -120.082
93205 +35.573 -118.486
93206 +35.444 -119.479
93207 +35.895 -118.596
93208 +36.130 -118.640
93210 +36.167 -120.439
93212 +36.014 -119.563
93215 +35.779 -119.192
93218 +35.857 -119.045
93219 +35.888 -119.295
93220 +35.379 -118.782
93221 +36.296 -119.030
93222 +34.886 -119.220
93223 +36.301 -119.208
93224 +35.255 -119.625
93225 +34.787 -119.030
93226 +35.736 -118.738
93227 +36.344 -119.419
93230 +36.292 -119.623
93234 +36.196 -120.085
93235 +36.385 -119.223
93237 +36.474 -118.904
93238 +35.851 -118.498
93239 +36.033 -119.986
93240 +35.618 -118.452
93241 +35.245 -118.905
93242 +36.441 -119.730
93243 +34.840 -118.815
93244 +36.386 -118.990
93245 +36.286 -119.834
93246 +36.318 -119.927
93247 +36.202 -119.083
93249 +35.622 -119.888
93250 +35.669 -119.202
93251 +35.371 -119.697
93252 +34.803 -119.359
93254 +34.946 -119.803
93255 +35.677 -118.101
93256 +35.972 -119.314
93257 +35.981 -118.889
93258 +36.058 -119.152
93260 +35.819 -118.661
93261 +35.811 -119.117
93262 +36.437 -118.672
93263 +35.487 -119.278
93265 +36.218 -118.694
93266 +36.172 -119.856
93267 +36.144 -119.074
93268 +35.168 -119.410
93270 +35.942 -119.058
93271 +36.440 -118.880
93272 +36.047 -119.344
93274 +36.178 -119.380
93276 +35.318 -119.409
93277 +36.301 -119.373
93280 +35.652 -119.446
93283 +35.592 -118.298
93285 +35.749 -118.493
93286 +36.463 -119.093
93287 +35.724 -118.921
93291 +36.392 -119.373
93292 +36.366 -119.212
93301 +35.384 -119.021
93304 +35.339 -119.024
93305 +35.390 -118.985
93306 +35.468 -118.780
93307 +35.245 -118.941
93308 +35.547 -118.947
93309 +35.343 -119.065
93311 +35.154 -119.168
93312 +35.392 -119.120
93313 +35.165 -119.044
93314 +35.394 -119.245
93401 +35.236 -120.616
93402 +35.295 -120.835
93405 +35.300 -120.735
93407 +35.307 -120.669
93408 +35.321 -120.719
93409 +35.324 -120.697
93410 +35.304 -120.657
93420 +35.176 -120.477
93422 +35.465 -120.689
93424 +35.199 -120.786
93426 +35.840 -120.975
93427 +34.643 -120.239
93428 +35.585 -121.041
93429 +34.868 -120.540
93430 +35.485 -120.944
93432 +35.479 -120.481
93433 +35.121 -120.620
93434 +34.940 -120.620
93436 +34.600 -120.377
93437 +34.761 -120.509
93440 +34.769 -120.258
93441 +34.733 -120.095
93442 +35.401 -120.800
93444 +35.036 -120.503
93445 +35.044 -120.621
93446 +35.659 -120.718
93449 +35.161 -120.653
93450 +36.085 -120.819
93451 +35.933 -120.561
93452 +35.746 -121.223
93453 +35.241 -120.219
93454 +34.923 -120.259
93455 +34.848 -120.483
93458 +34.953 -120.492
93460 +34.673 -119.744
93461 +35.633 -120.268
93463 +34.606 -120.135
93465 +35.543 -120.734
93501 +35.066 -118.222
93505 +35.109 -117.956
93510 +34.451 -118.228
93512 +37.892 -118.555
93513 +37.036 -118.336
93514 +37.492 -118.390
93516 +35.008 -117.643
93517 +38.278 -119.275
93518 +35.385 -118.491
93519 +35.314 -117.961
93522 +36.316 -117.592
93523 +34.995 -117.884
93524 +34.908 -117.828
93526 +36.857 -118.258
93527 +35.923 -118.079
93528 +35.372 -117.642
93529 +37.778 -119.188
93530 +36.494 -117.890
93531 +35.232 -118.613
93532 +34.690 -118.534
93534 +34.718 -118.152
93535 +34.698 -117.890
93536 +34.738 -118.387
93541 +38.019 -119.060
93543 +34.475 -117.970
93544 +34.488 -117.757
93545 +36.611 -118.026
93546 +37.549 -118.840
93549 +36.293 -117.865
93550 +34.410 -118.060
93551 +34.590 -118.227
93552 +34.584 -118.027
93553 +34.445 -117.895
93554 +35.369 -117.759
93555 +35.582 -117.684
93558 +35.339 -117.585
93560 +34.879 -118.318
93561 +35.099 -118.517
93562 +35.701 -117.308
93563 +34.371 -117.813
93581 +35.113 -118.571
93591 +34.598 -117.816
93601 +37.391 -119.732
93602 +37.067 -119.389
93603 +36.489 -118.998
93604 +37.348 -119.530
93605 +37.176 -119.250
93606 +36.799 -120.016
93608 +36.505 -120.339
93609 +36.526 -119.864
93610 +37.087 -120.289
93611 +36.827 -119.681
93612 +36.815 -119.712
93614 +37.218 -119.731
93615 +36.504 -119.284
93616 +36.655 -119.594
93618 +36.522 -119.387
93619 +36.914 -119.594
93620 +37.043 -120.621
93621 +36.747 -119.101
93622 +36.786 -120.625
93623 +37.477 -119.674
93624 +36.379 -120.130
93625 +36.624 -119.672
93626 +37.043 -119.691
93627 +36.511 -120.106
93628 +36.771 -118.848
93630 +36.717 -120.127
93631 +36.480 -119.517
93633 +36.729 -118.956
93634 +37.224 -119.001
93635 +37.020 -120.882
93636 +36.985 -119.878
93637 +36.918 -120.186
93638 +37.043 -120.034
93640 +36.673 -120.440
93641 +36.705 -119.040
93643 +37.205 -119.518
93644 +37.418 -119.593
93645 +37.152 -119.620
93646 +36.632 -119.289
93647 +36.601 -119.175
93648 +36.621 -119.521
93650 +36.840 -119.800
93651 +37.002 -119.515
93652 +36.595 -119.905
93653 +37.256 -119.909
93654 +36.659 -119.401
93656 +36.451 -119.937
93657 +36.817 -119.459
93660 +36.609 -120.165
93662 +36.537 -119.639
93664 +37.050 -119.191
93665 +36.963 -120.650
93666 +36.546 -119.336
93667 +36.966 -119.317
93668 +36.658 -120.293
93669 +37.291 -119.548
93670 +36.486 -119.254
93673 +36.452 -119.482
93675 +36.725 -119.193
93701 +36.750 -119.788
93702 +36.739 -119.754
93703 +36.769 -119.762
93704 +36.800 -119.801
93705 +36.787 -119.827
93706 +36.656 -119.920
93710 +36.824 -119.763
93711 +36.837 -119.834
93720 +36.862 -119.761
93721 +36.733 -119.784
93722 +36.800 -119.878
93723 +36.790 -119.953
93725 +36.627 -119.732
93726 +36.794 -119.760
93727 +36.752 -119.695
93728 +36.757 -119.818
93730 +36.906 -119.751
93737 +36.754 -119.646
93740 +36.816 -119.746
93741 +36.767 -119.796
93901 +36.648 -121.630
93905 +36.685 -121.606
93906 +36.723 -121.634
93907 +36.767 -121.667
93908 +36.626 -121.602
93920 +36.052 -121.514
93921 +36.554 -121.922
93923 +36.406 -121.796
93924 +36.416 -121.638
93925 +36.588 -121.399
93926 +36.526 -121.397
93927 +36.276 -121.392
93928 +36.083 -121.471
93930 +36.200 -121.082
93932 +35.990 -121.064
93933 +36.677 -121.781
93940 +36.562 -121.806
93943 +36.598 -121.873
93944 +36.601 -121.919
93950 +36.619 -121.925
93953 +36.587 -121.945
93954 +36.173 -120.903
93955 +36.615 -121.788
93960 +36.406 -121.323
93962 +36.625 -121.646
94002 +37.513 -122.297
94005 +37.689 -122.409
94010 +37.572 -122.375
94014 +37.691 -122.448
94015 +37.681 -122.481
94018 +37.506 -122.473
94019 +37.456 -122.408
94020 +37.269 -122.222
94021 +37.250 -122.250
94022 +37.355 -122.145
94024 +37.350 -122.099
94025 +37.451 -122.182
94027 +37.457 -122.201
94028 +37.375 -122.213
94030 +37.600 -122.403
94037 +37.553 -122.496
94038 +37.536 -122.474
94040 +37.380 -122.085
94041 +37.388 -122.075
94043 +37.412 -122.069
94044 +37.607 -122.477
94060 +37.247 -122.273
94061 +37.461 -122.237
94062 +37.423 -122.286
94063 +37.493 -122.196
94065 +37.533 -122.250
94066 +37.625 -122.432
94070 +37.496 -122.273
94074 +37.332 -122.341
94080 +37.655 -122.418
94085 +37.389 -122.018
94086 +37.372 -122.023
94087 +37.352 -122.037
94089 +37.412 -122.016
94102 +37.780 -122.419
94103 +37.773 -122.411
94104 +37.791 -122.402
94105 +37.792 -122.394
94107 +37.759 -122.400
94108 +37.792 -122.409
94109 +37.794 -122.422
94110 +37.750 -122.415
94111 +37.798 -122.399
94112 +37.721 -122.443
94114 +37.758 -122.436
94115 +37.786 -122.437
94116 +37.745 -122.486
94117 +37.770 -122.444
94118 +37.780 -122.462
94121 +37.779 -122.496
94122 +37.760 -122.484
94123 +37.802 -122.434
94124 +37.729 -122.381
94127 +37.736 -122.457
94128 +37.622 -122.384
94129 +37.797 -122.464
94130 +37.820 -122.369
94131 +37.746 -122.441
94132 +37.722 -122.484
94133 +37.802 -122.411
94134 +37.719 -122.411
94158 +37.773 -122.388
94188 +37.741 -122.381
94301 +37.444 -122.150
94303 +37.458 -122.115
94304 +37.397 -122.167
94305 +37.418 -122.171
94306 +37.416 -122.131
94401 +37.575 -122.320
94402 +37.540 -122.330
94403 +37.538 -122.305
94404 +37.556 -122.268
94501 +37.775 -122.278
94502 +37.739 -122.239
94503 +38.188 -122.224
94505 +37.871 -121.597
94506 +37.806 -121.902
94507 +37.854 -122.007
94508 +38.586 -122.444
94509 +37.992 -121.813
94510 +38.113 -122.120
94511 +38.028 -121.630
94512 +38.131 -121.822
94513 +37.925 -121.687
94514 +37.826 -121.634
94515 +38.636 -122.615
94516 +37.827 -122.166
94517 +37.891 -121.893
94518 +37.951 -122.022
94519 +37.989 -122.013
94520 +37.993 -122.035
94521 +37.953 -121.970
94523 +37.954 -122.076
94525 +38.048 -122.229
94526 +37.815 -121.985
94528 +37.841 -121.958
94530 +37.921 -122.301
94531 +37.957 -121.778
94533 +38.281 -122.006
94534 +38.242 -122.118
94535 +38.271 -121.937
94536 +37.571 -121.981
94538 +37.501 -121.957
94539 +37.516 -121.912
94541 +37.674 -122.088
94542 +37.655 -122.026
94544 +37.634 -122.057
94545 +37.630 -122.124
94546 +37.745 -122.103
94547 +38.007 -122.257
94548 +37.974 -121.651
94549 +37.901 -122.119
94550 +37.520 -121.576
94551 +37.751 -121.749
94552 +37.706 -122.008
94553 +37.978 -122.157
94555 +37.548 -122.098
94556 +37.832 -122.106
94558 +38.389 -122.188
94559 +38.251 -122.296
94560 +37.504 -122.032
94561 +37.993 -121.691
94562 +38.431 -122.409
94563 +37.874 -122.205
94564 +37.991 -122.272
94565 +38.009 -121.928
94566 +37.649 -121.848
94567 +38.667 -122.407
94568 +37.716 -121.901
94569 +38.044 -122.192
94571 +38.152 -121.760
94572 +38.024 -122.233
94573 +38.459 -122.429
94574 +38.542 -122.420
94575 +37.841 -122.110
94576 +38.549 -122.476
94577 +37.717 -122.169
94578 +37.707 -122.126
94579 +37.687 -122.157
94580 +37.678 -122.133
94582 +37.765 -121.915
94583 +37.772 -121.990
94585 +38.192 -121.938
94586 +37.567 -121.852
94587 +37.590 -122.075
94588 +37.793 -121.863
94589 +38.141 -122.247
94590 +38.096 -122.250
94591 +38.127 -122.197
94592 +38.091 -122.285
94595 +37.872 -122.069
94596 +37.889 -122.037
94597 +37.918 -122.072
94598 +37.917 -122.015
94599 +38.399 -122.380
94601 +37.776 -122.219
94602 +37.805 -122.204
94603 +37.739 -122.176
94605 +37.761 -122.150
94606 +37.791 -122.245
94607 +37.809 -122.305
94608 +37.837 -122.289
94609 +37.835 -122.264
94610 +37.812 -122.240
94611 +37.832 -122.216
94612 +37.808 -122.267
94613 +37.781 -122.183
94618 +37.845 -122.239
94619 +37.793 -122.160
94621 +37.751 -122.210
94702 +37.866 -122.286
94703 +37.864 -122.276
94704 +37.866 -122.261
94705 +37.865 -122.238
94706 +37.890 -122.296
94707 +37.898 -122.279
94708 +37.903 -122.262
94709 +37.878 -122.266
94710 +37.864 -122.306
94720 +37.872 -122.252
94801 +37.949 -122.397
94803 +37.957 -122.282
94804 +37.915 -122.338
94805 +37.942 -122.324
94806 +37.978 -122.336
94901 +37.981 -122.501
94903 +38.022 -122.559
94904 +37.947 -122.552
94920 +37.887 -122.463
94922 +38.357 -122.951
94923 +38.339 -123.035
94924 +37.967 -122.739
94925 +37.932 -122.508
94928 +38.346 -122.694
94929 +38.255 -122.962
94930 +37.970 -122.615
94931 +38.325 -122.717
94933 +38.018 -122.688
94937 +38.116 -122.930
94938 +38.030 -122.730
94939 +37.938 -122.536
94940 +38.204 -122.891
94941 +37.925 -122.600
94945 +38.123 -122.553
94946 +38.075 -122.695
94947 +38.106 -122.625
94949 +38.060 -122.506
94950 +38.021 -122.762
94951 +38.323 -122.645
94952 +38.235 -122.760
94954 +38.235 -122.557
94956 +38.021 -122.818
94957 +37.963 -122.562
94960 +37.997 -122.578
94963 +38.008 -122.665
94964 +37.941 -122.491
94965 +37.837 -122.527
94970 +37.926 -122.660
94971 +38.233 -122.897
94972 +38.337 -122.939
94973 +38.013 -122.639
95002 +37.439 -122.012
95003 +37.007 -121.878
95004 +36.875 -121.631
95005 +37.098 -122.089
95006 +37.171 -122.150
95007 +37.110 -122.114
95008 +37.279 -121.956
95010 +36.976 -121.955
95012 +36.789 -121.735
95013 +37.215 -121.740
95014 +37.308 -122.082
95017 +37.095 -122.237
95018 +37.084 -122.060
95019 +36.936 -121.784
95020 +37.016 -121.559
95023 +36.920 -121.322
95030 +37.222 -121.983
95032 +37.180 -121.902
95033 +37.158 -121.974
95035 +37.440 -121.875
95037 +37.132 -121.681
95039 +36.828 -121.765
95041 +37.051 -122.058
95043 +36.518 -120.983
95045 +36.826 -121.519
95046 +37.099 -121.599
95050 +37.350 -121.952
95051 +37.348 -121.984
95053 +37.348 -121.937
95054 +37.393 -121.965
95060 +36.993 -122.098
95062 +36.974 -121.990
95064 +36.992 -122.059
95065 +37.032 -121.984
95066 +37.067 -122.015
95070 +37.255 -122.052
95073 +37.041 -121.932
95075 +36.794 -121.192
95076 +36.946 -121.756
95110 +37.347 -121.910
95111 +37.284 -121.827
95112 +37.345 -121.883
95113 +37.334 -121.890
95116 +37.350 -121.853
95117 +37.310 -121.962
95118 +37.255 -121.892
95119 +37.227 -121.789
95120 +37.186 -121.843
95121 +37.305 -121.810
95122 +37.329 -121.835
95123 +37.244 -121.832
95124 +37.257 -121.923
95125 +37.296 -121.894
95126 +37.327 -121.917
95127 +37.372 -121.787
95128 +37.316 -121.936
95129 +37.306 -122.001
95130 +37.278 -121.986
95131 +37.387 -121.898
95132 +37.418 -121.788
95133 +37.372 -121.861
95134 +37.430 -121.945
95135 +37.223 -121.526
95136 +37.271 -121.853
95138 +37.246 -121.749
95139 +37.225 -121.764
95140 +37.351 -121.641
95148 +37.333 -121.782
95202 +37.960 -121.288
95203 +37.954 -121.329
95204 +37.974 -121.319
95205 +37.965 -121.260
95206 +37.908 -121.395
95207 +38.002 -121.325
95209 +38.047 -121.353
95210 +38.032 -121.298
95211 +37.980 -121.311
95212 +38.050 -121.233
95215 +37.949 -121.157
95219 +38.037 -121.512
95220 +38.200 -121.235
95221 +38.072 -120.548
95222 +38.051 -120.590
95223 +38.446 -119.813
95224 +38.231 -120.323
95225 +38.203 -120.864
95226 +38.237 -120.866
95227 +38.210 -121.051
95228 +37.907 -120.688
95230 +37.998 -120.895
95231 +37.874 -121.290
95232 +38.361 -120.577
95233 +38.186 -120.369
95236 +38.044 -121.039
95237 +38.154 -121.147
95240 +38.124 -121.159
95242 +38.137 -121.385
95245 +38.303 -120.609
95246 +38.250 -120.489
95247 +38.136 -120.444
95248 +38.318 -120.461
95249 +38.190 -120.620
95251 +38.080 -120.454
95252 +38.159 -120.843
95253 +38.147 -121.195
95254 +38.200 -120.964
95255 +38.420 -120.480
95257 +38.380 -120.468
95258 +38.172 -121.309
95301 +37.306 -120.656
95303 +37.470 -120.671
95304 +37.681 -121.382
95305 +37.816 -120.361
95306 +37.363 -120.119
95307 +37.556 -120.954
95309 +37.871 -120.432
95310 +38.086 -120.379
95311 +37.706 -120.091
95312 +37.421 -120.653
95313 +37.418 -121.051
95315 +37.423 -120.774
95316 +37.540 -120.669
95317 +37.127 -120.506
95318 +37.666 -119.808
95319 +37.629 -120.885
95320 +37.819 -121.007
95321 +37.932 -119.836
95322 +37.182 -121.020
95323 +37.605 -120.684
95324 +37.393 -120.899
95325 +37.481 -120.245
95326 +37.589 -120.855
95327 +37.848 -120.487
95328 +37.558 -120.909
95329 +37.678 -120.418
95330 +37.813 -121.317
95333 +37.245 -120.243
95334 +37.350 -120.751
95335 +38.125 -120.093
95336 +37.830 -121.201
95337 +37.743 -121.238
95338 +37.507 -119.984
95340 +37.340 -120.406
95341 +37.231 -120.501
95345 +37.591 -119.963
95346 +38.070 -120.173
95348 +37.421 -120.500
95350 +37.672 -121.007
95351 +37.624 -120.997
95354 +37.639 -120.965
95355 +37.673 -120.947
95356 +37.719 -121.032
95357 +37.671 -120.886
95358 +37.612 -121.108
95360 +37.326 -121.039
95361 +37.792 -120.786
95363 +37.374 -121.251
95364 +38.225 -119.760
95365 +37.301 -120.331
95366 +37.763 -121.125
95367 +37.730 -120.947
95368 +37.713 -121.085
95369 +37.525 -120.404
95370 +37.984 -120.348
95372 +37.991 -120.263
95374 +37.317 -120.856
95375 +38.226 -119.960
95376 +37.737 -121.434
95377 +37.674 -121.517
95379 +37.966 -120.213
95380 +37.474 -120.875
95382 +37.528 -120.851
95383 +38.093 -120.233
95385 +37.610 -121.248
95386 +37.667 -120.622
95387 +37.554 -121.245
95388 +37.421 -120.600
95389 +37.784 -119.428
95391 +37.781 -121.598
95401 +38.449 -122.794
95403 +38.504 -122.754
95404 +38.526 -122.690
95405 +38.438 -122.669
95407 +38.395 -122.746
95409 +38.468 -122.582
95410 +39.235 -123.700
95412 +38.713 -123.314
95415 +39.021 -123.368
95417 +39.688 -123.651
95419 +38.423 -122.958
95420 +39.359 -123.766
95421 +38.584 -123.183
95422 +38.986 -122.643
95423 +39.067 -122.630
95425 +38.823 -123.064
95426 +38.833 -122.734
95427 +39.253 -123.569
95428 +39.825 -123.180
95429 +39.756 -123.359
95430 +38.461 -123.047
95431 +38.349 -122.516
95432 +39.108 -123.645
95435 +39.003 -122.875
95436 +38.487 -122.906
95437 +39.444 -123.686
95439 +38.491 -122.776
95441 +38.722 -123.047
95442 +38.378 -122.516
95443 +39.050 -122.740
95444 +38.433 -122.869
95445 +38.833 -123.473
95446 +38.519 -123.011
95448 +38.623 -122.889
95449 +38.936 -123.119
95450 +38.510 -123.208
95451 +38.922 -122.790
95452 +38.430 -122.537
95453 +39.046 -122.941
95454 +39.784 -123.496
95456 +39.259 -123.759
95457 +38.924 -122.549
95458 +39.109 -122.778
95459 +38.977 -123.605
95460 +39.305 -123.749
95461 +38.754 -122.552
95462 +38.473 -123.022
95463 +39.190 -123.581
95464 +39.126 -122.847
95465 +38.417 -123.046
95466 +39.057 -123.506
95467 +38.813 -122.548
95468 +38.919 -123.606
95469 +39.399 -123.075
95470 +39.299 -123.239
95471 +38.532 -122.974
95472 +38.399 -122.862
95476 +38.256 -122.461
95480 +38.685 -123.368
95482 +39.137 -123.261
95485 +39.208 -122.926
95486 +38.474 -123.024
95488 +39.727 -123.789
95490 +39.479 -123.348
95492 +38.530 -122.812
95493 +39.222 -122.985
95494 +38.896 -123.343
95497 +38.725 -123.458
95501 +40.802 -124.145
95503 +40.738 -124.108
95511 +40.166 -123.584
95514 +40.287 -123.662
95519 +40.963 -124.053
95521 +40.843 -124.045
95524 +40.821 -124.050
95525 +40.954 -123.824
95526 +40.462 -123.676
95527 +40.951 -123.421
95528 +40.497 -123.931
95531 +41.863 -124.131
95536 +40.501 -124.210
95537 +40.727 -124.219
95538 +41.868 -124.154
95540 +40.567 -124.126
95542 +40.093 -123.760
95543 +41.889 -123.803
95545 +40.262 -124.086
95546 +41.186 -123.731
95547 +40.569 -124.078
95548 +41.590 -124.061
95549 +40.667 -123.908
95550 +40.781 -123.836
95551 +40.675 -124.231
95552 +40.344 -123.417
95553 +40.231 -123.869
95554 +40.296 -123.777
95555 +41.303 -123.978
95556 +41.308 -123.587
95558 +40.338 -124.261
95559 +40.190 -123.748
95560 +40.143 -123.839
95562 +40.441 -124.100
95563 +40.894 -123.564
95564 +40.791 -124.205
95565 +40.455 -124.015
95567 +41.951 -124.097
95568 +41.485 -123.491
95569 +40.361 -123.862
95570 +41.114 -124.083
95571 +40.366 -123.944
95573 +40.915 -123.669
95585 +39.859 -123.666
95587 +39.970 -123.755
95589 +40.061 -123.980
95595 +40.088 -123.153
95601 +38.425 -120.830
95602 +38.991 -121.104
95603 +38.911 -121.086
95604 +39.239 -120.071
95605 +38.594 -121.540
95606 +38.756 -122.193
95607 +38.831 -122.126
95608 +38.627 -121.331
95610 +38.695 -121.272
95612 +38.385 -121.579
95613 +38.813 -120.892
95614 +38.886 -120.980
95615 +38.311 -121.542
95616 +38.554 -121.799
95618 +38.543 -121.691
95619 +38.681 -120.814
95620 +38.405 -121.754
95621 +38.695 -121.309
95623 +38.633 -120.844
95624 +38.434 -121.306
95625 +38.357 -121.909
95626 +38.734 -121.489
95627 +38.735 -122.025
95628 +38.652 -121.254
95629 +38.513 -120.688
95630 +38.663 -121.140
95631 +39.055 -120.754
95632 +38.274 -121.259
95633 +38.849 -120.822
95634 +38.901 -120.707
95635 +38.911 -120.909
95636 +38.612 -120.487
95637 +38.853 -122.273
95638 +38.343 -121.070
95639 +38.409 -121.495
95640 +38.341 -120.940
95641 +38.156 -121.605
95642 +38.344 -120.764
95645 +38.894 -121.797
95646 +38.632 -120.015
95648 +38.923 -121.312
95650 +38.809 -121.171
95651 +38.821 -120.935
95652 +38.663 -121.401
95653 +38.697 -121.978
95655 +38.549 -121.279
95658 +38.881 -121.169
95659 +38.859 -121.590
95660 +38.679 -121.380
95661 +38.741 -121.249
95662 +38.689 -121.218
95663 +38.857 -121.183
95664 +38.801 -121.038
95665 +38.395 -120.653
95666 +38.541 -120.329
95667 +38.733 -120.791
95668 +38.828 -121.495
95669 +38.490 -120.892
95670 +38.604 -121.280
95671 +38.694 -121.154
95672 +38.722 -120.993
95673 +38.691 -121.466
95674 +38.954 -121.482
95675 +38.545 -120.743
95676 +38.874 -121.714
95677 +38.793 -121.232
95678 +38.765 -121.288
95679 +38.917 -122.285
95680 +38.241 -121.578
95681 +38.998 -121.354
95682 +38.599 -120.963
95683 +38.512 -121.096
95684 +38.566 -120.501
95685 +38.434 -120.762
95686 +38.158 -121.520
95687 +38.333 -121.920
95688 +38.421 -122.030
95689 +38.471 -120.616
95690 +38.203 -121.626
95691 +38.628 -121.593
95692 +39.043 -121.410
95693 +38.399 -121.220
95694 +38.572 -122.064
95695 +38.694 -121.853
95697 +38.733 -121.807
95698 +38.816 -121.911
95699 +38.437 -120.858
95701 +39.227 -120.767
95703 +38.989 -120.988
95709 +38.749 -120.691
95713 +39.081 -120.932
95714 +39.201 -120.837
95715 +39.277 -120.644
95717 +39.143 -120.843
95720 +38.851 -120.251
95721 +38.816 -120.096
95722 +39.010 -121.035
95726 +38.762 -120.413
95728 +39.295 -120.401
95735 +38.840 -120.150
95736 +39.039 -120.977
95742 +38.562 -121.205
95746 +38.747 -121.166
95747 +38.778 -121.369
95757 +38.332 -121.437
95758 +38.430 -121.445
95762 +38.684 -121.065
95765 +38.820 -121.278
95776 +38.699 -121.699
95811 +38.594 -121.482
95814 +38.581 -121.496
95815 +38.606 -121.445
95816 +38.575 -121.465
95817 +38.551 -121.457
95818 +38.554 -121.497
95819 +38.567 -121.438
95820 +38.535 -121.444
95821 +38.626 -121.385
95822 +38.513 -121.494
95823 +38.475 -121.443
95824 +38.517 -121.441
95825 +38.592 -121.408
95826 +38.544 -121.378
95827 +38.548 -121.327
95828 +38.489 -121.396
95829 +38.490 -121.323
95830 +38.491 -121.284
95831 +38.496 -121.530
95832 +38.447 -121.496
95833 +38.619 -121.518
95834 +38.635 -121.519
95835 +38.668 -121.526
95837 +38.694 -121.599
95838 +38.646 -121.445
95841 +38.660 -121.348
95842 +38.687 -121.349
95843 +38.715 -121.364
95864 +38.584 -121.376
95901 +39.224 -121.494
95903 +39.121 -121.371
95910 +39.463 -120.830
95912 +39.000 -122.074
95913 +39.629 -122.192
95914 +39.408 -121.379
95915 +39.991 -121.231
95916 +39.651 -121.382
95917 +39.436 -121.764
95918 +39.301 -121.338
95919 +39.434 -121.266
95920 +39.450 -121.936
95922 +39.467 -121.072
95923 +40.184 -121.137
95925 +39.484 -121.193
95926 +39.746 -121.844
95928 +39.681 -121.837
95929 +39.726 -121.850
95930 +39.549 -121.160
95932 +39.247 -122.012
95934 +40.060 -120.908
95935 +39.379 -121.192
95936 +39.581 -120.774
95937 +38.884 -121.998
95938 +39.605 -121.795
95939 +39.562 -122.612
95941 +39.517 -121.274
95942 +39.916 -121.667
95943 +39.575 -122.035
95944 +39.540 -120.851
95945 +39.193 -120.980
95946 +39.209 -121.214
95947 +40.159 -120.844
95948 +39.339 -121.771
95949 +39.103 -121.134
95950 +39.043 -121.918
95951 +39.723 -122.004
95953 +39.260 -121.776
95954 +39.854 -121.578
95955 +39.295 -122.202
95956 +39.884 -121.116
95957 +39.052 -121.825
95958 +39.564 -121.798
95959 +39.352 -120.871
95960 +39.441 -121.017
95961 +39.041 -121.563
95962 +39.323 -121.273
95963 +39.748 -122.303
95965 +39.594 -121.581
95966 +39.475 -121.414
95968 +39.435 -121.552
95969 +39.721 -121.639
95970 +39.410 -122.052
95971 +39.929 -120.924
95972 +39.423 -121.338
95973 +39.877 -121.860
95974 +39.497 -121.756
95975 +39.224 -121.154
95977 +39.177 -121.292
95978 +39.908 -121.530
95979 +39.290 -122.476
95981 +39.653 -121.040
95982 +39.173 -121.806
95983 +40.058 -120.739
95984 +39.983 -121.128
95986 +39.362 -120.765
95987 +39.104 -122.247
95988 +39.497 -122.288
95991 +39.016 -121.611
95993 +39.082 -121.680
96001 +40.577 -122.455
96002 +40.528 -122.319
96003 +40.667 -122.320
96006 +41.134 -120.843
96007 +40.457 -122.308
96008 +40.723 -122.110
96009 +41.056 -121.021
96010 +40.950 -123.235
96011 +41.056 -121.892
96013 +40.974 -121.692
96014 +41.388 -122.781
96015 +41.512 -120.878
96016 +40.894 -121.509
96017 +41.106 -122.313
96019 +40.687 -122.399
96020 +40.307 -121.262
96021 +39.923 -122.270
96022 +40.336 -122.448
96023 +41.909 -121.977
96024 +40.547 -122.881
96025 +41.200 -122.319
96027 +41.390 -123.231
96028 +41.007 -121.457
96029 +39.939 -122.489
96031 +41.176 -123.198
96032 +41.585 -122.980
96033 +40.741 -122.593
96034 +41.444 -122.605
96035 +40.042 -122.185
96037 +41.545 -122.921
96038 +41.607 -122.546
96039 +41.669 -123.376
96040 +40.790 -121.475
96041 +40.513 -123.196
96044 +41.933 -122.675
96046 +40.610 -123.429
96047 +40.479 -122.692
96048 +40.830 -123.023
96050 +41.853 -122.951
96051 +40.916 -122.311
96052 +40.683 -122.786
96054 +41.261 -121.119
96055 +40.099 -121.998
96056 +41.067 -121.318
96057 +41.272 -121.920
96058 +41.727 -121.907
96059 +40.434 -121.829
96061 +40.348 -121.488
96062 +40.556 -122.091
96063 +40.370 -121.606
96064 +41.755 -122.366
96065 +40.890 -121.957
96067 +41.317 -122.317
96068 +41.103 -121.198
96069 +40.685 -122.016
96071 +40.694 -121.457
96073 +40.599 -122.195
96074 +39.862 -122.591
96075 +40.362 -121.876
96076 +40.392 -122.938
96078 +40.082 -122.176
96080 +40.165 -122.442
96084 +40.796 -121.869
96085 +41.741 -123.077
96086 +41.924 -123.261
96087 +40.633 -122.587
96088 +40.511 -121.876
96090 +40.007 -122.119
96091 +41.044 -122.801
96092 +39.971 -121.970
96093 +40.765 -122.941
96094 +41.515 -122.351
96096 +40.636 -121.876
96097 +41.756 -122.659
96101 +41.456 -120.511
96103 +39.780 -120.671
96104 +41.460 -120.130
96105 +39.689 -120.144
96106 +39.735 -120.544
96107 +38.408 -119.548
96108 +41.787 -120.402
96109 +39.994 -120.102
96110 +41.242 -120.125
96111 +39.415 -120.017
96112 +41.892 -120.172
96113 +40.188 -120.146
96114 +40.293 -120.489
96115 +41.691 -120.079
96116 +41.257 -120.446
96117 +40.533 -120.235
96118 +39.640 -120.247
96119 +41.040 -120.554
96120 +38.742 -119.869
96121 +40.164 -120.380
96122 +39.821 -120.476
96123 +40.846 -120.322
96124 +39.639 -120.468
96125 +39.614 -120.602
96126 +39.550 -120.404
96128 +40.349 -120.406
96129 +39.835 -120.360
96130 +40.549 -120.634
96132 +40.900 -120.514
96133 +38.621 -119.505
96134 +41.835 -121.445
96135 +39.813 -120.209
96136 +40.346 -120.081
96137 +40.469 -121.230
96140 +39.232 -120.096
96141 +39.099 -120.205
96142 +38.999 -120.104
96143 +39.261 -120.026
96145 +39.181 -120.151
96146 +39.216 -120.245
96148 +39.250 -120.058
96150 +38.873 -120.068
96155 +38.763 -120.087
96161 +39.348 -120.225
96701 +21.406 -157.885
96703 +22.136 -159.372
96704 +19.294 -155.841
96705 +21.900 -159.569
96706 +21.345 -158.022
96707 +21.363 -158.082
96708 +20.883 -156.232
96710 +19.843 -155.247
96712 +21.652 -157.983
96713 +20.734 -156.107
96714 +22.131 -159.521
96716 +21.910 -159.601
96717 +21.558 -157.905
96719 +20.240 -155.833
96720 +19.660 -155.232
96722 +22.188 -159.461
96725 +19.597 -155.901
96726 +19.421 -155.811
96727 +20.106 -155.486
96728 +19.862 -155.129
96729 +21.178 -157.120
96730 +21.538 -157.844
96731 +21.678 -157.969
96732 +20.877 -156.460
96734 +21.395 -157.758
96737 +19.107 -155.781
96738 +19.872 -155.802
96740 +19.757 -155.920
96741 +21.956 -159.515
96742 +21.177 -156.966
96743 +20.027 -155.784
96744 +21.448 -157.829
96746 +22.093 -159.352
96747 +21.917 -159.632
96748 +21.131 -156.835
96749 +19.621 -154.990
96750 +19.534 -155.892
96751 +22.107 -159.305
96752 +22.117 -159.681
96753 +20.727 -156.441
96754 +22.189 -159.403
96755 +20.191 -155.773
96756 +21.905 -159.453
96757 +21.154 -156.977
96759 +21.460 -158.060
96760 +19.552 -155.055
96761 +20.920 -156.617
96762 +21.619 -157.944
96763 +20.836 -156.927
96764 +19.994 -155.248
96765 +21.926 -159.499
96766 +22.011 -159.405
96768 +20.829 -156.297
96769 +21.959 -159.618
96770 +21.134 -157.211
96771 +19.535 -155.184
96772 +19.066 -155.668
96773 +19.912 -155.277
96774 +19.969 -155.315
96776 +20.002 -155.375
96777 +19.228 -155.467
96778 +19.428 -155.089
96779 +20.910 -156.384
96780 +19.966 -155.225
96781 +19.806 -155.200
96782 +21.451 -157.916
96783 +19.843 -155.106
96785 +19.478 -155.230
96786 +21.538 -158.022
96789 +21.484 -157.934
96790 +20.712 -156.294
96791 +21.564 -158.185
96792 +21.469 -158.167
96793 +20.896 -156.530
96795 +21.335 -157.711
96796 +21.962 -159.668
96797 +21.408 -158.018
96799 -14.324 -170.751
96813 +21.317 -157.845
96814 +21.291 -157.844
96815 +21.272 -157.822
96816 +21.291 -157.791
96817 +21.356 -157.822
96818 +21.343 -157.940
96819 +21.347 -157.877
96820 +21.336 -157.921
96821 +21.311 -157.750
96822 +21.320 -157.810
96825 +21.293 -157.692
96826 +21.292 -157.827
96848 +21.301 -157.814
96850 +21.304 -157.863
96853 +21.335 -157.940
96857 +21.488 -158.053
96858 +21.345 -157.883
96859 +21.360 -157.890
96860 +21.357 -157.947
96863 +21.437 -157.745
96910 +13.451 +144.751
96913 +13.478 +144.815
96915 +13.374 +144.708
96916 +13.266 +144.689
96917 +13.282 +144.743
96928 +13.356 +144.657
96929 +13.567 +144.878
96950 +15.187 +145.754
96951 +14.152 +145.213
96952 +15.010 +145.621
97001 +44.990 -120.604
97002 +45.240 -122.794
97003 +45.504 -122.865
97004 +45.255 -122.449
97005 +45.491 -122.804
97006 +45.526 -122.856
97007 +45.443 -122.871
97008 +45.460 -122.802
97009 +45.423 -122.333
97011 +45.387 -122.037
97013 +45.221 -122.668
97014 +45.643 -121.789
97015 +45.417 -122.533
97016 +46.052 -123.263
97017 +45.173 -122.369
97018 +45.899 -122.812
97019 +45.482 -122.191
97020 +45.223 -122.839
97021 +45.385 -121.121
97022 +45.347 -122.320
97023 +45.204 -122.201
97024 +45.544 -122.440
97026 +45.105 -122.938
97027 +45.386 -122.593
97028 +45.288 -121.807
97029 +45.300 -120.813
97030 +45.510 -122.433
97031 +45.611 -121.601
97032 +45.179 -122.786
97033 +45.200 -120.584
97034 +45.409 -122.686
97035 +45.414 -122.725
97037 +45.067 -121.028
97038 +45.095 -122.559
97039 +45.471 -120.619
97040 +45.617 -121.388
97041 +45.420 -121.596
97042 +45.208 -122.537
97045 +45.320 -122.536
97048 +46.014 -122.975
97049 +45.371 -121.873
97050 +45.674 -120.782
97051 +45.889 -122.921
97053 +45.828 -122.883
97054 +45.961 -122.927
97055 +45.361 -122.158
97056 +45.800 -122.969
97057 +45.004 -120.752
97058 +45.552 -121.152
97060 +45.531 -122.369
97062 +45.365 -122.762
97063 +45.225 -121.301
97064 +45.859 -123.236
97065 +45.608 -120.645
97067 +45.324 -121.990
97068 +45.352 -122.669
97070 +45.308 -122.771
97071 +45.134 -122.826
97078 +45.476 -122.891
97080 +45.478 -122.391
97086 +45.445 -122.528
97089 +45.426 -122.443
97101 +45.090 -123.229
97102 +45.789 -123.942
97103 +46.133 -123.699
97106 +45.654 -123.136
97107 +45.560 -123.887
97108 +45.274 -123.675
97109 +45.738 -123.195
97110 +45.892 -123.951
97111 +45.285 -123.195
97112 +45.275 -123.876
97113 +45.508 -123.043
97114 +45.188 -123.077
97115 +45.277 -123.027
97116 +45.581 -123.166
97117 +45.632 -123.336
97118 +45.556 -123.916
97119 +45.472 -123.221
97121 +46.204 -123.981
97122 +45.161 -123.826
97123 +45.444 -122.976
97124 +45.569 -122.947
97125 +45.663 -123.217
97127 +45.246 -123.112
97128 +45.212 -123.282
97130 +45.710 -123.939
97131 +45.711 -123.824
97132 +45.324 -122.987
97133 +45.689 -123.013
97134 +45.462 -123.971
97135 +45.199 -123.962
97136 +45.631 -123.921
97137 +45.220 -122.948
97138 +45.905 -123.709
97140 +45.353 -122.866
97141 +45.508 -123.737
97144 +45.743 -123.303
97145 +45.844 -123.952
97146 +46.125 -123.911
97147 +45.686 -123.886
97148 +45.361 -123.260
97149 +45.113 -123.939
97201 +45.509 -122.688
97202 +45.482 -122.644
97203 +45.604 -122.738
97204 +45.518 -122.674
97205 +45.520 -122.702
97206 +45.482 -122.598
97208 +45.529 -122.679
97209 +45.531 -122.684
97210 +45.545 -122.737
97211 +45.586 -122.637
97212 +45.544 -122.643
97213 +45.538 -122.600
97214 +45.514 -122.644
97215 +45.515 -122.597
97216 +45.514 -122.559
97217 +45.597 -122.695
97218 +45.576 -122.601
97219 +45.454 -122.699
97220 +45.551 -122.560
97221 +45.497 -122.730
97222 +45.440 -122.616
97223 +45.440 -122.777
97224 +45.406 -122.796
97225 +45.503 -122.770
97227 +45.544 -122.677
97229 +45.549 -122.810
97230 +45.558 -122.505
97231 +45.688 -122.824
97232 +45.529 -122.644
97233 +45.515 -122.502
97236 +45.483 -122.512
97239 +45.490 -122.690
97258 +45.513 -122.675
97266 +45.483 -122.558
97267 +45.408 -122.613
97301 +44.952 -123.006
97302 +44.903 -123.064
97303 +45.030 -123.024
97304 +45.007 -123.112
97305 +45.016 -122.929
97306 +44.843 -123.095
97310 +44.876 -122.975
97317 +44.902 -122.906
97321 +44.653 -123.140
97322 +44.628 -123.018
97324 +44.339 -123.628
97325 +44.834 -122.852
97326 +44.638 -123.666
97327 +44.376 -122.948
97329 +44.371 -122.290
97330 +44.648 -123.260
97331 +44.563 -123.281
97333 +44.468 -123.294
97335 +44.638 -122.880
97336 +44.357 -122.851
97338 +44.935 -123.339
97341 +44.819 -124.043
97342 +44.739 -121.879
97343 +44.575 -123.751
97344 +44.869 -123.466
97345 +44.412 -122.579
97346 +44.769 -122.379
97347 +45.078 -123.659
97348 +44.383 -123.122
97350 +44.658 -121.988
97351 +44.815 -123.129
97352 +44.749 -123.028
97355 +44.532 -122.821
97357 +44.753 -123.826
97358 +44.812 -122.400
97360 +44.750 -122.482
97361 +44.779 -123.326
97362 +45.062 -122.757
97364 +44.999 -123.987
97365 +44.671 -124.031
97366 +44.581 -124.048
97367 +44.915 -123.974
97368 +45.025 -123.903
97369 +44.760 -124.057
97370 +44.565 -123.476
97371 +44.991 -123.191
97373 +45.058 -122.776
97374 +44.693 -122.775
97375 +44.987 -122.598
97376 +44.498 -123.975
97377 +44.465 -123.103
97378 +45.085 -123.423
97380 +44.786 -123.930
97381 +44.939 -122.721
97383 +44.799 -122.723
97384 +44.791 -122.620
97385 +44.866 -122.724
97386 +44.359 -122.727
97388 +44.880 -124.018
97389 +44.533 -123.090
97390 +44.356 -123.863
97391 +44.585 -123.884
97392 +44.796 -122.930
97394 +44.399 -124.016
97396 +45.105 -123.549
97401 +44.068 -123.080
97402 +44.048 -123.231
97403 +44.035 -123.052
97404 +44.105 -123.133
97405 +43.954 -123.156
97406 +42.616 -124.021
97408 +44.143 -123.058
97410 +42.802 -123.119
97411 +43.059 -124.347
97412 +44.205 -123.548
97413 +44.054 -121.946
97414 +42.968 -124.156
97415 +42.138 -124.133
97416 +43.037 -123.695
97417 +42.940 -123.215
97419 +44.181 -123.413
97420 +43.347 -124.106
97423 +43.186 -124.174
97424 +43.747 -123.053
97426 +43.899 -123.030
97429 +42.968 -123.054
97430 +44.155 -123.712
97431 +43.870 -122.841
97432 +43.104 -123.429
97434 +43.621 -122.703
97435 +43.690 -123.328
97436 +43.643 -123.587
97437 +44.099 -123.387
97438 +43.944 -122.682
97439 +44.074 -124.028
97441 +43.752 -124.166
97442 +42.780 -123.425
97443 +43.250 -123.004
97444 +42.440 -124.327
97446 +44.261 -123.055
97447 +43.278 -122.500
97448 +44.211 -123.279
97449 +43.563 -124.041
97450 +42.909 -124.375
97451 +43.853 -123.307
97452 +43.874 -122.750
97453 +43.980 -123.850
97454 +44.218 -122.819
97455 +43.969 -122.920
97456 +44.343 -123.355
97457 +43.065 -123.229
97458 +43.049 -124.009
97459 +43.484 -124.183
97461 +44.098 -123.506
97462 +43.487 -123.418
97463 +43.741 -122.387
97465 +42.764 -124.345
97466 +42.849 -124.085
97467 +43.739 -123.908
97469 +42.923 -123.418
97470 +43.251 -123.242
97471 +43.219 -123.488
97473 +43.694 -123.915
97476 +42.842 -124.403
97477 +44.058 -123.012
97478 +44.089 -122.842
97479 +43.404 -123.196
97480 +44.128 -123.833
97481 +43.115 -123.566
97484 +42.934 -122.846
97486 +43.352 -123.528
97487 +43.989 -123.387
97488 +44.129 -122.417
97489 +44.111 -122.607
97490 +44.008 -123.605
97492 +43.803 -122.516
97493 +43.905 -124.023
97494 +43.331 -123.328
97495 +43.281 -123.314
97496 +43.066 -123.473
97497 +42.666 -123.425
97498 +44.273 -124.009
97499 +43.592 -123.237
97501 +42.286 -122.897
97502 +42.409 -122.946
97503 +42.605 -122.924
97504 +42.328 -122.797
97520 +42.170 -122.512
97522 +42.634 -122.434
97523 +42.104 -123.645
97524 +42.467 -122.648
97525 +42.431 -123.060
97526 +42.536 -123.338
97527 +42.381 -123.387
97530 +42.140 -123.112
97531 +42.210 -123.645
97532 +42.518 -123.656
97534 +42.019 -123.699
97535 +42.268 -122.812
97536 +42.782 -122.495
97537 +42.553 -123.146
97538 +42.314 -123.668
97539 +42.576 -122.786
97540 +42.193 -122.817
97541 +42.776 -122.745
97543 +42.377 -123.560
97544 +42.207 -123.300
97601 +42.443 -122.074
97603 +42.133 -121.665
97604 +42.978 -122.207
97620 +42.276 -119.904
97621 +42.507 -121.285
97622 +42.391 -121.007
97623 +42.199 -121.313
97624 +42.548 -121.850
97625 +42.315 -121.584
97626 +42.725 -122.014
97627 +42.070 -122.072
97630 +42.306 -120.388
97632 +42.036 -121.405
97633 +42.034 -121.563
97634 +42.134 -121.802
97635 +41.930 -120.294
97636 +42.658 -120.578
97637 +42.473 -119.960
97638 +43.150 -121.020
97639 +42.429 -121.492
97640 +42.986 -120.536
97641 +43.288 -120.532
97701 +43.998 -121.034
97702 +43.983 -121.210
97703 +44.176 -121.383
97707 +43.826 -121.492
97709 +43.898 -121.859
97710 +42.143 -118.539
97711 +44.706 -120.668
97712 +43.778 -120.406
97720 +43.587 -118.896
97721 +42.526 -118.446
97722 +43.007 -118.727
97730 +44.523 -121.645
97731 +43.090 -121.855
97732 +43.485 -118.324
97733 +43.420 -121.926
97734 +44.531 -121.335
97735 +43.390 -120.992
97736 +42.674 -118.902
97737 +43.500 -121.761
97738 +43.484 -119.156
97739 +43.672 -121.488
97741 +44.658 -121.039
97750 +44.834 -120.290
97751 +44.132 -119.780
97752 +44.131 -120.201
97753 +44.198 -120.986
97754 +44.129 -120.515
97756 +44.281 -121.192
97758 +43.452 -119.771
97759 +44.490 -121.778
97760 +44.385 -121.246
97761 +44.861 -121.295
97801 +45.671 -118.824
97810 +45.672 -118.396
97812 +45.575 -120.250
97813 +45.853 -118.528
97814 +44.796 -117.783
97817 +44.729 -118.606
97818 +45.764 -119.776
97819 +44.486 -117.763
97820 +44.144 -119.195
97823 +45.251 -120.197
97824 +45.354 -117.756
97825 +44.385 -119.496
97826 +45.664 -119.232
97827 +45.616 -117.858
97828 +45.535 -117.147
97830 +44.967 -120.183
97833 +44.934 -118.073
97834 +45.030 -117.232
97835 +45.899 -118.772
97836 +45.321 -119.475
97837 +44.520 -118.062
97838 +45.851 -119.288
97839 +45.573 -119.607
97840 +44.856 -116.941
97841 +45.468 -117.940
97842 +45.611 -116.800
97843 +45.505 -119.881
97844 +45.884 -119.549
97845 +44.414 -118.904
97846 +45.278 -117.115
97848 +44.722 -119.581
97850 +45.309 -118.156
97856 +44.777 -119.118
97857 +45.359 -117.523
97859 +45.525 -118.432
97862 +45.922 -118.316
97864 +44.805 -119.471
97865 +44.461 -119.180
97867 +45.078 -117.993
97868 +45.409 -118.854
97869 +44.398 -118.634
97870 +44.788 -117.187
97873 +44.128 -118.995
97874 +44.758 -119.848
97875 +45.815 -119.149
97876 +45.522 -118.028
97877 +44.811 -118.396
97880 +45.089 -118.883
97882 +45.907 -119.350
97883 +45.129 -117.652
97884 +44.455 -118.222
97885 +45.650 -117.510
97886 +45.802 -118.272
97901 +43.589 -117.098
97902 +42.913 -117.494
97903 +44.272 -117.598
97904 +43.896 -118.489
97905 +44.582 -117.465
97906 +43.465 -117.812
97907 +44.420 -117.346
97908 +44.240 -117.931
97909 +44.211 -117.379
97910 +42.855 -117.509
97911 +43.876 -118.055
97913 +43.634 -117.278
97914 +44.112 -117.080
97917 +43.549 -118.124
97918 +43.963 -117.390
97920 +44.066 -117.750
98001 +47.310 -122.264
98002 +47.308 -122.215
98003 +47.305 -122.314
98004 +47.618 -122.205
98005 +47.613 -122.168
98006 +47.553 -122.152
98007 +47.614 -122.144
98008 +47.607 -122.111
98010 +47.316 -121.999
98011 +47.757 -122.199
98012 +47.841 -122.199
98014 +47.700 -121.846
98019 +47.737 -121.934
98020 +47.801 -122.374
98021 +47.793 -122.208
98022 +47.169 -121.685
98023 +47.311 -122.363
98024 +47.573 -121.899
98025 +47.434 -121.952
98026 +47.838 -122.334
98027 +47.514 -121.993
98028 +47.750 -122.247
98029 +47.558 -122.012
98030 +47.367 -122.198
98031 +47.406 -122.192
98032 +47.392 -122.257
98033 +47.676 -122.194
98034 +47.716 -122.214
98036 +47.810 -122.280
98037 +47.839 -122.285
98038 +47.419 -121.958
98039 +47.635 -122.240
98040 +47.564 -122.231
98042 +47.364 -122.117
98043 +47.794 -122.303
98045 +47.477 -121.683
98047 +47.260 -122.247
98050 +47.547 -121.940
98051 +47.346 -121.881
98052 +47.682 -122.120
98053 +47.669 -122.015
98055 +47.447 -122.200
98056 +47.513 -122.189
98057 +47.472 -122.219
98058 +47.441 -122.126
98059 +47.494 -122.130
98065 +47.597 -121.780
98068 +47.432 -121.374
98070 +47.407 -122.473
98072 +47.761 -122.131
98074 +47.623 -122.044
98075 +47.586 -122.037
98077 +47.752 -122.060
98087 +47.860 -122.267
98092 +47.290 -122.126
98101 +47.611 -122.336
98102 +47.634 -122.324
98103 +47.674 -122.335
98104 +47.600 -122.332
98105 +47.660 -122.285
98106 +47.544 -122.350
98107 +47.668 -122.378
98108 +47.535 -122.306
98109 +47.631 -122.346
98110 +47.647 -122.535
98112 +47.638 -122.288
98115 +47.686 -122.284
98116 +47.576 -122.397
98117 +47.688 -122.386
98118 +47.542 -122.269
98119 +47.637 -122.370
98121 +47.615 -122.351
98122 +47.610 -122.296
98125 +47.717 -122.301
98126 +47.552 -122.374
98133 +47.740 -122.343
98134 +47.581 -122.338
98136 +47.537 -122.392
98144 +47.586 -122.292
98146 +47.500 -122.361
98148 +47.445 -122.326
98154 +47.606 -122.334
98155 +47.754 -122.300
98158 +47.450 -122.308
98164 +47.606 -122.332
98166 +47.452 -122.353
98168 +47.490 -122.300
98174 +47.605 -122.335
98177 +47.742 -122.371
98178 +47.499 -122.245
98188 +47.447 -122.272
98195 +47.654 -122.308
98198 +47.391 -122.315
98199 +47.651 -122.406
98201 +47.994 -122.186
98203 +47.942 -122.234
98204 +47.903 -122.256
98207 +47.987 -122.224
98208 +47.900 -122.187
98220 +48.685 -122.195
98221 +48.454 -122.604
98222 +48.571 -122.817
98223 +48.217 -121.954
98224 +47.729 -121.564
98225 +48.758 -122.507
98226 +48.797 -122.432
98229 +48.706 -122.398
98230 +48.953 -122.705
98232 +48.564 -122.410
98233 +48.501 -122.346
98235 +48.463 -122.231
98236 +47.948 -122.413
98237 +48.534 -121.711
98238 +48.336 -122.345
98239 +48.198 -122.654
98240 +48.948 -122.621
98241 +48.204 -121.140
98243 +48.614 -123.007
98244 +48.773 -121.910
98245 +48.669 -122.912
98247 +48.897 -122.314
98248 +48.866 -122.623
98249 +48.014 -122.543
98250 +48.554 -123.086
98251 +47.912 -121.606
98252 +48.062 -121.714
98253 +48.084 -122.572
98255 +48.524 -121.992
98256 +47.822 -121.407
98257 +48.406 -122.512
98258 +48.034 -122.081
98260 +48.036 -122.453
98261 +48.482 -122.884
98262 +48.697 -122.681
98263 +48.524 -122.066
98264 +48.950 -122.455
98266 +48.974 -122.035
98267 +48.390 -121.266
98270 +48.057 -122.147
98271 +48.090 -122.238
98272 +47.858 -121.885
98273 +48.403 -122.376
98274 +48.349 -122.145
98275 +47.910 -122.310
98276 +48.928 -122.321
98277 +48.322 -122.627
98278 +48.341 -122.674
98279 +48.636 -122.818
98280 +48.596 -122.878
98281 +48.985 -123.059
98282 +48.213 -122.499
98283 +48.801 -121.304
98284 +48.547 -122.135
98286 +48.569 -122.958
98288 +47.621 -121.326
98290 +47.955 -121.979
98292 +48.226 -122.305
98294 +47.838 -121.766
98295 +48.983 -122.195
98296 +47.841 -122.101
98297 +48.702 -123.027
98303 +47.150 -122.682
98304 +46.885 -121.737
98305 +48.024 -124.236
98310 +47.590 -122.617
98311 +47.627 -122.643
98312 +47.566 -122.762
98314 +47.562 -122.639
98315 +47.725 -122.716
98320 +47.696 -123.056
98321 +47.153 -122.072
98323 +46.980 -121.985
98325 +47.967 -122.760
98326 +48.159 -124.501
98327 +47.106 -122.662
98328 +46.858 -122.164
98329 +47.361 -122.744
98330 +46.757 -122.153
98331 +47.746 -124.181
98332 +47.372 -122.596
98333 +47.258 -122.647
98335 +47.297 -122.624
98336 +46.598 -122.078
98337 +47.561 -122.639
98338 +47.034 -122.277
98339 +48.028 -122.746
98340 +47.910 -122.571
98342 +47.755 -122.511
98345 +47.700 -122.624
98346 +47.826 -122.527
98349 +47.270 -122.758
98350 +47.906 -124.622
98351 +47.200 -122.774
98353 +47.539 -122.493
98354 +47.252 -122.317
98355 +46.704 -122.040
98356 +46.582 -122.271
98357 +48.334 -124.635
98358 +48.045 -122.687
98359 +47.431 -122.575
98360 +47.051 -122.153
98361 +46.538 -121.505
98362 +48.030 -123.329
98363 +48.004 -123.823
98364 +47.854 -122.586
98365 +47.885 -122.701
98366 +47.541 -122.577
98367 +47.462 -122.666
98368 +48.041 -122.827
98370 +47.754 -122.626
98371 +47.199 -122.320
98372 +47.207 -122.263
98373 +47.148 -122.324
98374 +47.129 -122.264
98375 +47.104 -122.327
98376 +47.847 -122.852
98377 +46.509 -121.819
98380 +47.602 -122.879
98381 +48.289 -124.457
98382 +48.023 -123.106
98383 +47.663 -122.719
98385 +47.138 -122.095
98387 +47.061 -122.389
98388 +47.209 -122.684
98390 +47.211 -122.231
98391 +47.177 -122.166
98392 +47.732 -122.566
98394 +47.320 -122.790
98396 +47.110 -122.000
98402 +47.254 -122.444
98403 +47.266 -122.459
98404 +47.209 -122.412
98405 +47.246 -122.472
98406 +47.264 -122.513
98407 +47.292 -122.518
98408 +47.197 -122.447
98409 +47.213 -122.475
98416 +47.263 -122.482
98418 +47.223 -122.446
98421 +47.261 -122.400
98422 +47.290 -122.392
98424 +47.235 -122.354
98430 +47.117 -122.569
98433 +47.092 -122.608
98438 +47.135 -122.492
98439 +47.131 -122.502
98443 +47.205 -122.373
98444 +47.152 -122.449
98445 +47.137 -122.405
98446 +47.132 -122.376
98447 +47.145 -122.444
98465 +47.251 -122.537
98466 +47.229 -122.538
98467 +47.203 -122.568
98498 +47.160 -122.558
98499 +47.166 -122.506
98501 +46.979 -122.876
98502 +47.081 -123.025
98503 +47.023 -122.794
98505 +47.073 -122.974
98506 +47.108 -122.871
98512 +46.953 -123.048
98513 +46.993 -122.733
98516 +47.099 -122.785
98520 +46.989 -123.829
98524 +47.367 -122.836
98526 +47.474 -123.994
98527 +46.596 -123.912
98528 +47.447 -122.896
98530 +46.810 -122.875
98531 +46.743 -122.902
98532 +46.626 -123.053
98533 +46.661 -122.396
98535 +47.104 -124.117
98536 +47.195 -124.104
98537 +46.807 -123.581
98538 +46.483 -123.146
98539 +46.638 -123.273
98541 +47.061 -123.390
98542 +46.533 -122.725
98544 +46.739 -123.027
98546 +47.321 -122.914
98547 +46.784 -124.038
98548 +47.541 -123.174
98550 +47.113 -123.923
98552 +47.316 -123.947
98555 +47.533 -123.063
98556 +46.886 -123.141
98557 +47.043 -123.270
98558 +46.936 -122.560
98559 +46.959 -123.327
98560 +47.310 -123.423
98562 +47.238 -124.200
98563 +47.211 -123.610
98564 +46.449 -122.420
98565 +46.578 -122.907
98566 +47.407 -123.970
98568 +46.863 -123.301
98569 +46.991 -124.143
98570 +46.631 -122.651
98571 +47.202 -124.198
98572 +46.541 -123.328
98575 +47.454 -123.801
98576 +46.847 -122.648
98577 +46.642 -123.610
98579 +46.788 -123.125
98580 +46.987 -122.510
98581 +46.359 -123.069
98582 +46.524 -122.626
98583 +47.001 -123.487
98584 +47.240 -123.152
98585 +46.573 -122.445
98586 +46.545 -123.840
98587 +47.323 -124.153
98588 +47.447 -123.033
98589 +46.833 -122.795
98590 +46.711 -123.996
98591 +46.442 -122.747
98592 +47.334 -123.076
98593 +46.403 -123.010
98595 +46.897 -124.108
98596 +46.492 -122.953
98597 +46.844 -122.493
98601 +45.938 -122.438
98602 +45.869 -121.280
98603 +46.056 -122.415
98604 +45.806 -122.511
98605 +45.777 -121.664
98606 +45.729 -122.456
98607 +45.642 -122.380
98609 +46.072 -122.866
98610 +45.775 -122.019
98611 +46.305 -122.901
98612 +46.250 -123.287
98613 +45.754 -120.972
98614 +46.283 -123.920
98616 +46.075 -122.183
98617 +45.640 -121.134
98619 +45.972 -121.268
98620 +45.870 -120.779
98621 +46.400 -123.544
98623 +45.800 -121.493
98624 +46.338 -123.965
98625 +46.112 -122.570
98626 +46.172 -122.774
98628 +45.849 -121.067
98629 +45.877 -122.619
98631 +46.388 -124.022
98632 +46.205 -123.063
98635 +45.750 -121.186
98638 +46.394 -123.762
98639 +45.640 -121.966
98640 +46.632 -124.043
98641 +46.571 -124.042
98642 +45.803 -122.702
98643 +46.292 -123.654
98644 +46.319 -124.053
98645 +46.332 -122.760
98647 +46.315 -123.401
98648 +45.706 -121.946
98649 +46.316 -122.532
98650 +45.947 -121.532
98651 +45.740 -121.584
98660 +45.661 -122.719
98661 +45.640 -122.625
98662 +45.689 -122.577
98663 +45.655 -122.662
98664 +45.620 -122.577
98665 +45.682 -122.653
98670 +45.864 -121.146
98671 +45.610 -122.275
98672 +45.820 -121.472
98673 +45.681 -120.952
98674 +45.951 -122.666
98675 +45.874 -122.322
98682 +45.673 -122.483
98683 +45.603 -122.510
98684 +45.631 -122.515
98685 +45.715 -122.693
98686 +45.723 -122.622
98801 +47.432 -120.345
98802 +47.492 -120.164
98811 +47.734 -120.374
98812 +48.131 -119.806
98813 +48.006 -119.617
98814 +48.195 -120.295
98815 +47.529 -120.480
98816 +48.055 -120.332
98817 +47.792 -119.994
98819 +48.584 -119.826
98821 +47.552 -120.564
98822 +47.979 -120.623
98823 +47.338 -119.635
98824 +47.069 -119.867
98826 +47.783 -120.843
98827 +48.856 -119.752
98828 +47.310 -120.178
98829 +48.297 -119.806
98830 +47.881 -119.534
98831 +47.937 -120.136
98832 +47.331 -119.028
98833 +48.769 -120.507
98834 +48.120 -120.066
98836 +47.472 -120.438
98837 +47.147 -119.316
98840 +48.292 -119.514
98841 +48.380 -119.289
98843 +47.740 -120.087
98844 +48.927 -119.228
98845 +47.439 -119.935
98846 +48.015 -119.971
98847 +47.424 -120.618
98848 +47.169 -119.843
98849 +48.541 -119.410
98850 +47.405 -120.039
98851 +47.414 -119.432
98852 +48.365 -120.670
98853 +47.466 -119.282
98855 +48.675 -119.253
98856 +48.343 -120.264
98857 +46.990 -119.025
98858 +47.678 -119.889
98859 +48.798 -118.955
98860 +47.464 -119.115
98862 +48.599 -120.222
98901 +46.665 -120.339
98902 +46.598 -120.535
98903 +46.530 -120.941
98908 +46.640 -120.782
98921 +46.431 -120.317
98922 +47.226 -120.865
98923 +46.666 -120.717
98925 +47.283 -121.278
98926 +46.988 -120.355
98930 +46.269 -119.892
98932 +46.333 -120.156
98933 +46.403 -120.638
98934 +46.981 -120.419
98935 +46.132 -120.074
98936 +46.533 -120.165
98937 +46.793 -121.226
98938 +46.388 -120.097
98939 +46.501 -120.471
98940 +47.362 -121.039
98941 +47.225 -121.000
98942 +46.801 -120.665
98943 +47.184 -120.965
98944 +46.507 -119.672
98946 +47.068 -120.756
98947 +46.688 -120.809
98948 +46.238 -120.369
98950 +46.815 -119.971
98951 +46.456 -120.514
98952 +46.350 -120.817
98953 +46.442 -120.233
99001 +47.639 -117.586
99003 +47.917 -117.275
99004 +47.419 -117.600
99005 +47.844 -117.363
99006 +47.951 -117.506
99008 +47.503 -117.933
99009 +48.026 -117.252
99011 +47.619 -117.648
99012 +47.381 -117.191
99013 +47.881 -117.835
99014 +47.561 -117.597
99016 +47.597 -117.121
99017 +47.184 -117.887
99018 +47.292 -117.152
99019 +47.637 -117.075
99020 +47.563 -117.497
99021 +47.850 -117.187
99022 +47.600 -117.709
99023 +47.565 -117.145
99025 +47.794 -117.075
99026 +47.801 -117.634
99027 +47.710 -117.128
99029 +47.707 -117.830
99030 +47.478 -117.113
99031 +47.414 -117.330
99032 +47.327 -118.034
99033 +47.231 -117.098
99034 +47.886 -117.762
99036 +47.520 -117.272
99037 +47.637 -117.200
99039 +47.338 -117.231
99040 +47.898 -118.004
99101 +48.316 -117.937
99102 +46.792 -117.250
99103 +47.736 -118.924
99105 +46.957 -118.073
99109 +48.292 -117.699
99110 +48.008 -117.581
99111 +46.856 -117.451
99113 +46.584 -117.196
99114 +48.655 -117.736
99115 +47.674 -119.378
99116 +48.015 -118.936
99117 +47.649 -118.570
99118 +48.897 -118.638
99119 +48.509 -117.315
99121 +48.936 -118.469
99122 +47.688 -118.207
99123 +47.886 -119.055
99124 +48.001 -118.954
99125 +46.961 -117.747
99126 +48.730 -117.972
99128 +47.098 -117.081
99129 +48.011 -118.157
99130 +46.999 -117.186
99131 +48.298 -118.095
99133 +48.010 -119.136
99134 +47.451 -118.297
99135 +47.661 -119.091
99136 +46.675 -117.949
99137 +48.148 -118.116
99138 +48.231 -118.391
99139 +48.717 -117.253
99140 +48.111 -118.646
99141 +48.717 -118.168
99143 +46.766 -117.848
99144 +47.368 -118.490
99146 +48.957 -118.298
99147 +47.859 -118.462
99148 +48.107 -117.571
99149 +47.225 -117.468
99150 +48.806 -118.611
99151 +48.664 -118.061
99152 +48.837 -117.400
99153 +48.911 -117.166
99154 +47.391 -118.356
99155 +48.311 -119.006
99156 +48.161 -117.190
99157 +48.918 -117.796
99158 +47.133 -117.240
99159 +47.327 -118.766
99160 +48.869 -118.301
99161 +46.904 -117.148
99163 +46.730 -117.218
99166 +48.609 -118.667
99167 +48.412 -118.134
99169 +47.120 -118.378
99170 +47.253 -117.397
99171 +47.098 -117.654
99173 +48.041 -117.858
99174 +47.007 -117.357
99176 +47.092 -117.412
99179 +46.495 -117.126
99180 +48.305 -117.306
99181 +48.145 -117.766
99185 +47.727 -118.711
99201 +47.662 -117.437
99202 +47.657 -117.379
99203 +47.630 -117.403
99204 +47.647 -117.427
99205 +47.697 -117.445
99206 +47.628 -117.255
99207 +47.689 -117.389
99208 +47.786 -117.452
99212 +47.665 -117.307
99216 +47.686 -117.217
99217 +47.741 -117.261
99218 +47.759 -117.409
99223 +47.597 -117.318
99224 +47.648 -117.535
99251 +47.754 -117.418
99258 +47.666 -117.402
99301 +46.378 -118.952
99320 +46.325 -119.506
99321 +46.859 -119.893
99322 +45.947 -120.156
99323 +46.190 -118.872
99324 +46.044 -118.385
99326 +46.669 -118.842
99328 +46.276 -117.871
99329 +46.140 -118.147
99330 +46.495 -119.030
99333 +46.697 -118.139
99335 +46.647 -118.440
99336 +46.214 -119.176
99337 +46.052 -119.098
99338 +46.174 -119.274
99341 +46.907 -118.642
99343 +46.597 -119.165
99344 +46.822 -119.172
99345 +45.934 -119.655
99346 +46.031 -119.303
99347 +46.423 -117.574
99348 +46.403 -118.435
99349 +46.731 -119.701
99350 +46.142 -119.737
99352 +46.246 -119.291
99353 +46.314 -119.388
99354 +46.329 -119.299
99356 +45.829 -120.360
99357 +46.891 -119.662
99359 +46.513 -118.162
99360 +46.091 -118.668
99361 +46.237 -118.143
99362 +46.101 -118.314
99363 +46.046 -118.885
99371 +46.785 -118.332
99401 +46.087 -117.250
99402 +46.221 -117.351
99403 +46.376 -117.290
99501 +61.220 -149.858
99502 +61.164 -149.997
99503 +62.044 -158.174
99504 +61.191 -149.607
99505 +61.285 -149.653
99506 +61.272 -149.807
99507 +61.115 -149.616
99508 +61.201 -149.818
99513 +61.215 -149.886
99515 +61.116 -149.890
99516 +61.079 -149.710
99517 +61.190 -149.939
99518 +61.160 -149.885
99519 +70.017 -149.830
99530 +61.185 -149.984
99540 +61.010 -149.318
99546 +51.856 -176.669
99547 +52.223 -174.203
99548 +56.272 -158.789
99549 +56.965 -158.586
99550 +57.867 -152.856
99551 +60.921 -161.402
99552 +60.911 -161.217
99553 +54.117 -165.831
99554 +62.711 -164.650
99555 +59.289 -158.664
99556 +59.834 -151.577
99557 +61.469 -155.215
99558 +62.631 -160.216
99559 +60.776 -161.883
99561 +60.152 -164.252
99563 +61.550 -165.356
99564 +56.295 -158.393
99565 +56.304 -158.500
99566 +61.271 -142.606
99567 +61.299 -149.021
99568 +60.272 -150.605
99569 +58.805 -158.529
99571 +55.266 -162.805
99572 +60.530 -149.953
99573 +61.569 -145.671
99574 +61.117 -147.607
99575 +61.797 -158.081
99576 +59.361 -158.823
99577 +61.174 -149.284
99578 +60.216 -162.043
99579 +58.225 -157.457
99580 +59.346 -157.487
99581 +62.822 -164.708
99583 +54.888 -163.408
99585 +61.872 -162.061
99586 +62.691 -144.238
99587 +60.966 -148.877
99588 +62.708 -146.719
99589 +59.237 -161.580
99590 +62.896 -160.113
99591 +56.601 -169.681
99602 +62.185 -159.859
99603 +59.539 -151.187
99604 +61.509 -166.111
99605 +60.869 -149.472
99606 +59.737 -154.902
99607 +61.539 -160.351
99608 +57.591 -154.363
99609 +60.864 -162.537
99610 +60.281 -151.273
99611 +60.835 -150.724
99612 +55.085 -162.317
99613 +59.071 -155.378
99614 +59.934 -164.093
99615 +57.683 -153.379
99620 +63.029 -163.537
99621 +60.793 -161.431
99622 +59.878 -163.177
99623 +61.439 -149.923
99624 +57.489 -153.853
99625 +59.068 -156.901
99626 +61.515 -160.359
99627 +63.548 -154.576
99628 +58.727 -158.906
99630 +60.370 -166.268
99631 +60.596 -149.638
99632 +62.112 -163.665
99633 +58.788 -156.873
99634 +60.684 -162.015
99635 +61.069 -153.003
99636 +59.494 -157.287
99637 +60.530 -165.107
99638 +53.008 -168.719
99639 +59.985 -151.508
99640 +60.719 -155.572
99641 +60.879 -162.462
99643 +57.219 -153.330
99644 +57.910 -152.382
99645 +61.624 -148.982
99647 +59.879 -154.071
99648 +55.934 -159.156
99649 +57.505 -157.287
99650 +61.943 -162.885
99651 +58.953 -161.747
99652 +61.516 -149.975
99653 +60.157 -154.340
99654 +61.605 -149.423
99655 +59.742 -161.887
99656 +61.865 -157.357
99657 +61.794 -161.507
99658 +62.092 -163.249
99659 +63.459 -162.134
99660 +57.179 -170.323
99661 +55.262 -160.709
99662 +61.842 -165.583
99663 +59.401 -151.625
99664 +60.134 -149.501
99665 +62.692 -159.555
99666 +62.441 -165.146
99667 +61.698 -152.136
99668 +61.654 -157.102
99669 +60.360 -151.018
99670 +58.663 -156.984
99671 +63.473 -162.260
99672 +60.570 -150.761
99674 +61.591 -148.062
99675 +62.987 -156.043
99676 +62.571 -149.606
99677 +60.894 -146.668
99678 +59.263 -160.473
99679 +61.104 -160.938
99680 +60.345 -162.665
99681 +60.607 -165.127
99682 +61.191 -151.184
99683 +62.415 -150.408
99684 +64.076 -160.196
99685 +53.873 -166.484
99686 +61.046 -146.183
99688 +61.887 -149.620
99689 +59.485 -139.419
99690 +60.462 -164.835
99691 +62.729 -153.583
99692 +53.884 -166.545
99693 +60.851 -148.034
99694 +61.621 -149.832
99695 +55.918 -159.493
99701 +67.376 -149.728
99702 +64.651 -147.045
99703 +64.835 -147.623
99704 +64.288 -149.202
99705 +64.774 -147.268
99706 +64.010 -144.682
99707 +65.155 -146.253
99709 +64.877 -148.149
99712 +65.059 -145.926
99714 +64.381 -146.531
99720 +66.563 -152.768
99721 +68.150 -151.697
99722 +68.165 -145.401
99723 +71.264 -156.754
99724 +66.318 -146.795
99725 +64.861 -148.024
99726 +66.755 -151.415
99727 +65.977 -161.139
99729 +63.244 -147.978
99730 +65.649 -145.615
99732 +64.079 -141.972
99733 +65.790 -144.196
99734 +70.423 -149.300
99736 +66.069 -162.765
99737 +63.443 -145.296
99738 +65.150 -142.654
99739 +64.968 -162.827
99740 +67.637 -144.680
99741 +64.741 -156.873
99742 +63.753 -171.688
99743 +63.927 -149.988
99744 +64.331 -149.053
99745 +66.051 -154.233
99746 +65.696 -156.338
99747 +70.118 -143.687
99748 +64.314 -158.779
99749 +66.980 -160.432
99750 +67.723 -164.498
99751 +66.917 -156.914
99752 +67.287 -161.185
99753 +64.940 -161.121
99754 +64.902 -157.694
99755 +63.755 -149.211
99756 +64.701 -151.212
99757 +63.790 -152.462
99758 +65.152 -149.374
99759 +69.737 -162.835
99760 +64.417 -149.150
99761 +67.611 -162.983
99762 +64.740 -164.654
99763 +66.827 -161.031
99764 +62.685 -141.823
99765 +64.731 -158.131
99766 +68.280 -165.960
99767 +65.499 -150.153
99768 +65.260 -153.567
99769 +63.680 -170.483
99770 +66.612 -160.099
99771 +64.356 -161.196
99772 +65.840 -165.904
99773 +66.885 -157.175
99774 +66.024 -149.078
99775 +64.857 -147.835
99776 +63.329 -143.487
99777 +65.184 -152.055
99778 +65.252 -166.352
99780 +63.639 -141.511
99781 +67.468 -146.066
99782 +70.648 -159.939
99783 +65.613 -168.068
99784 +64.683 -163.406
99785 +65.343 -166.510
99786 +67.081 -157.906
99788 +66.647 -143.788
99789 +70.213 -151.025
99790 +65.459 -148.107
99791 +70.481 -157.325
99801 +58.373 -134.178
99820 +57.378 -134.279
99824 +58.265 -134.400
99825 +58.088 -136.288
99826 +58.412 -135.809
99827 +58.821 -136.211
99829 +58.025 -135.308
99830 +56.771 -134.090
99832 +57.966 -136.082
99833 +56.840 -133.187
99835 +56.960 -135.037
99836 +56.248 -134.652
99840 +59.560 -135.338
99841 +57.956 -135.517
99850 +58.488 -135.484
99901 +55.663 -131.366
99903 +55.734 -132.105
99918 +55.917 -132.696
99919 +55.646 -132.496
99921 +55.515 -132.702
99922 +55.308 -133.047
99923 +56.000 -130.037
99925 +55.550 -132.946
99926 +55.138 -131.470
99927 +56.332 -133.606
99929 +56.221 -131.924
